user_id,total_days,first_date,last_date,date_range_days,total_markets_engaged,total_token_min,total_token_max,total_token_mean,total_token_median,total_token_sum,total_value_min,total_value_max,total_value_mean,total_value_median,total_value_sum,cumulative_total_token_final,cumulative_total_token_max,cumulative_total_token_min,cumulative_total_value_final,cumulative_total_value_max,cumulative_total_value_min,net_yes_min,net_yes_max,net_yes_mean,net_yes_sum,net_yes_final_cumulative,net_no_min,net_no_max,net_no_mean,net_no_sum,net_no_final_cumulative,yes_value_min,yes_value_max,yes_value_mean,yes_value_sum,yes_value_final_cumulative,no_value_min,no_value_max,no_value_mean,no_value_sum,no_value_final_cumulative
0xff47129d9c7c9df626f32bf8ff2c35a16eafbd89,1,2024-11-11,2024-11-11,0,1,6.329112,6.329112,6.329112,6.329112,6.329112,4.87341624,4.87341624,4.87341624,4.87341624,4.87341624,6.329112,6.329112,6.329112,4.87341624,4.87341624,4.87341624,6.329112,6.329112,6.329112,6.329112,6.329112,0.0,0.0,0.0,0.0,0.0,4.87341624,4.87341624,4.87341624,4.87341624,4.87341624,0.0,0.0,0.0,0.0,0.0
0xd3dc0b5cab2a232edf74a791a284d10f4928c3e2,1,2025-10-20,2025-10-20,0,1,10.0,10.0,10.0,10.0,10.0,5.8,5.8,5.8,5.8,5.8,10.0,10.0,10.0,5.8,5.8,5.8,10.0,10.0,10.0,10.0,10.0,0.0,0.0,0.0,0.0,0.0,5.8,5.8,5.8,5.8,5.8,0.0,0.0,0.0,0.0,0.0
0xf81c537ccb73c253ffb5a9b942632538f9ec1ec6,1,2025-10-15,2025-10-15,0,1,1.075257,1.075257,1.075257,1.075257,1.075257,0.98923644,0.98923644,0.98923644,0.98923644,0.98923644,1.075257,1.075257,1.075257,0.98923644,0.98923644,0.98923644,1.075257,1.075257,1.075257,1.075257,1.075257,0.0,0.0,0.0,0.0,0.0,0.98923644,0.98923644,0.98923644,0.98923644,0.98923644,0.0,0.0,0.0,0.0,0.0
0x827b8a78c18825d3621652c8e556f35db64501ce,1,2024-06-08,2024-06-08,0,1,100.0,100.0,100.0,100.0,100.0,4.5,4.5,4.5,4.5,4.5,100.0,100.0,100.0,4.5,4.5,4.5,100.0,100.0,100.0,100.0,100.0,0.0,0.0,0.0,0.0,0.0,4.5,4.5,4.5,4.5,4.5,0.0,0.0,0.0,0.0,0.0
0xcceb22d524e186153cffe79f13c0aeb75889f030,2,2025-11-02,2025-11-04,2,2,-100.0,-94.9,-97.45,-97.45,-194.9,-82.5,-76.86900000000001,-79.68450000000001,-79.68450000000001,-159.36900000000003,-194.9,-100.0,-194.9,-159.36900000000003,-82.5,-159.36900000000003,-100.0,-94.9,-97.45,-194.9,-194.9,0.0,0.0,0.0,0.0,0.0,-82.5,-76.86900000000001,-79.68450000000001,-159.36900000000003,-159.36900000000003,0.0,0.0,0.0,0.0,0.0
0x21691584db1091f064dd59ccd8dbcd4993b7970a,1,2024-11-16,2024-11-16,0,1,0.285711,0.285711,0.285711,0.285711,0.285711,0.164283825,0.164283825,0.164283825,0.164283825,0.164283825,0.285711,0.285711,0.285711,0.164283825,0.164283825,0.164283825,0.285711,0.285711,0.285711,0.285711,0.285711,0.0,0.0,0.0,0.0,0.0,0.164283825,0.164283825,0.164283825,0.164283825,0.164283825,0.0,0.0,0.0,0.0,0.0
0x444c8ff7866e6e1704e7e0c926fb1263c3729d2b,2,2024-10-30,2024-11-15,16,2,-1.53,1.53846,0.004229999999999956,0.004229999999999956,0.008459999999999912,-1.2699,0.5846148,-0.3426426,-0.3426426,-0.6852852,0.0084599999999999,1.53846,0.0084599999999999,-0.6852852,0.5846148,-0.6852852,-1.53,1.53846,0.004229999999999956,0.008459999999999912,0.0084599999999999,0.0,0.0,0.0,0.0,0.0,-1.2699,0.5846148,-0.3426426,-0.6852852,-0.6852852,0.0,0.0,0.0,0.0,0.0
0x3ab6426c634a525635f1c8b9d98a7d3394374d55,3,2025-11-05,2025-11-14,9,3,-13.22,6.875,0.0014016666666668935,6.349205,0.00420500000000068,-8.8574,4.7437499999999995,0.05735445833333289,4.285713375,0.17206337499999869,0.0042050000000006,13.224205,0.0042050000000006,0.1720633749999986,9.029463375,0.1720633749999986,-13.22,6.875,0.0014016666666668935,0.00420500000000068,0.0042050000000006,0.0,0.0,0.0,0.0,0.0,-8.8574,4.7437499999999995,0.05735445833333289,0.17206337499999869,0.1720633749999986,0.0,0.0,0.0,0.0,0.0
0x21ffd2b7a212a6f277ed3eca1a9f8efcbca90d71,8,2025-11-01,2025-11-16,15,10,-293.57,-2.08,-121.07749999999999,-127.855,-968.6199999999999,-131.8314,-1.4664,-72.70166875000001,-92.0945,-581.6133500000001,-968.62,-143.99,-968.62,-581.61335,-115.192,-581.61335,-214.36,0.0,-89.07375,-712.59,-712.59,-193.47,0.0,-32.00375,-256.03,-256.03,-131.8314,0.0,-62.38185,-499.0548,-499.0548,-62.87775,0.0,-10.31981875,-82.55855,-82.55855
0xad287967a6c4cd2a36f2d01fb40b0848ce371354,2,2024-11-10,2024-11-19,9,2,-500.0,941.385875,220.69293750000003,220.69293750000003,441.38587500000006,-62.0,687.21168875,312.605844375,312.605844375,625.21168875,441.38587500000006,941.385875,441.38587500000006,625.21168875,687.21168875,625.21168875,-500.0,941.385875,220.69293750000003,441.38587500000006,441.38587500000006,0.0,0.0,0.0,0.0,0.0,-62.0,687.21168875,312.605844375,625.21168875,625.21168875,0.0,0.0,0.0,0.0,0.0
0x3a562dddc3f153e466e98390261f6683744eba60,1,2025-10-14,2025-10-14,0,1,-20.0,-20.0,-20.0,-20.0,-20.0,-17.4,-17.4,-17.4,-17.4,-17.4,-20.0,-20.0,-20.0,-17.4,-17.4,-17.4,-20.0,-20.0,-20.0,-20.0,-20.0,0.0,0.0,0.0,0.0,0.0,-17.4,-17.4,-17.4,-17.4,-17.4,0.0,0.0,0.0,0.0,0.0
0xa723505c61b826e7ca18215d50e75e9f50e3eb3d,1,2024-11-18,2024-11-18,0,1,0.245282,0.245282,0.245282,0.245282,0.245282,0.02820743,0.02820743,0.02820743,0.02820743,0.02820743,0.245282,0.245282,0.245282,0.02820743,0.02820743,0.02820743,0.245282,0.245282,0.245282,0.245282,0.245282,0.0,0.0,0.0,0.0,0.0,0.02820743,0.02820743,0.02820743,0.02820743,0.02820743,0.0,0.0,0.0,0.0,0.0
0x52be76525070379fdf8fe8f09970f9c7e49e21f2,1,2024-11-08,2024-11-08,0,1,166.66665,166.66665,166.66665,166.66665,166.66665,150.83331825000002,150.83331825000002,150.83331825000002,150.83331825000002,150.83331825000002,166.66665,166.66665,166.66665,150.83331825000002,150.83331825000002,150.83331825000002,166.66665,166.66665,166.66665,166.66665,166.66665,0.0,0.0,0.0,0.0,0.0,150.83331825000002,150.83331825000002,150.83331825000002,150.83331825000002,150.83331825000002,0.0,0.0,0.0,0.0,0.0
0x61e403b36b0cc85970c2988109d8d537b87487cb,1,2024-06-07,2024-06-07,0,1,0.0090000000000145,0.0090000000000145,0.0090000000000145,0.0090000000000145,0.0090000000000145,0.0089865000000144,0.0089865000000144,0.0089865000000144,0.0089865000000144,0.0089865000000144,0.0090000000000145,0.0090000000000145,0.0090000000000145,0.0089865000000144,0.0089865000000144,0.0089865000000144,0.0,0.0,0.0,0.0,0.0,0.0090000000000145,0.0090000000000145,0.0090000000000145,0.0090000000000145,0.0090000000000145,0.0,0.0,0.0,0.0,0.0,0.0089865000000144,0.0089865000000144,0.0089865000000144,0.0089865000000144,0.0089865000000144
0x9ced362002bb871045b6b2dfb0b970d071681ca1,1,2024-11-01,2024-11-01,0,1,0.016392,0.016392,0.016392,0.016392,0.016392,0.0098352,0.0098352,0.0098352,0.0098352,0.0098352,0.016392,0.016392,0.016392,0.0098352,0.0098352,0.0098352,0.0,0.0,0.0,0.0,0.0,0.016392,0.016392,0.016392,0.016392,0.016392,0.0,0.0,0.0,0.0,0.0,0.0098352,0.0098352,0.0098352,0.0098352,0.0098352
0x85db1ecbaede7ff3b998f89c3892c5e9cec58376,2,2024-10-31,2024-11-01,1,2,-0.0050000000000007,0.0049999999999998,-4.501607420159814e-16,-4.501607420159814e-16,-9.003214840319629e-16,-0.0020000000000002,0.0019749999999999,-1.2500000000149978e-05,-1.2500000000149978e-05,-2.5000000000299956e-05,-8.881784197001252e-16,0.0049999999999998,-8.881784197001252e-16,-2.500000000035937e-05,0.0019749999999999,-2.500000000035937e-05,-0.0050000000000007,0.0049999999999998,-4.501607420159814e-16,-9.003214840319629e-16,-8.881784197001252e-16,0.0,0.0,0.0,0.0,0.0,-0.0020000000000002,0.0019749999999999,-1.2500000000149978e-05,-2.5000000000299956e-05,-2.500000000035937e-05,0.0,0.0,0.0,0.0,0.0
0x9de449bedb07fe65f0d5f11e63b46a26e3aee101,2,2025-10-18,2025-11-17,30,2,-120.0,100.1,-9.950000000000003,-9.950000000000003,-19.900000000000006,-22.2,13.5135,-4.343249999999999,-4.343249999999999,-8.686499999999999,-19.90000000000001,100.1,-19.90000000000001,-8.686499999999999,13.5135,-8.686499999999999,0.0,0.0,0.0,0.0,0.0,-120.0,100.1,-9.950000000000003,-19.900000000000006,-19.90000000000001,0.0,0.0,0.0,0.0,0.0,-22.2,13.5135,-4.343249999999999,-8.686499999999999,-8.686499999999999
0x99b0d453aaabcddc734cd0f141e84596434d70c4,1,2024-11-05,2024-11-05,0,1,-100.0,-100.0,-100.0,-100.0,-100.0,-73.5,-73.5,-73.5,-73.5,-73.5,-100.0,-100.0,-100.0,-73.5,-73.5,-73.5,0.0,0.0,0.0,0.0,0.0,-100.0,-100.0,-100.0,-100.0,-100.0,0.0,0.0,0.0,0.0,0.0,-73.5,-73.5,-73.5,-73.5,-73.5
0x4ba85c73dcb1b4f86f85d0f1388dca8c142c64ec,1,2025-11-05,2025-11-05,0,1,1.71875,1.71875,1.71875,1.71875,1.71875,1.16015625,1.16015625,1.16015625,1.16015625,1.16015625,1.71875,1.71875,1.71875,1.16015625,1.16015625,1.16015625,1.71875,1.71875,1.71875,1.71875,1.71875,0.0,0.0,0.0,0.0,0.0,1.16015625,1.16015625,1.16015625,1.16015625,1.16015625,0.0,0.0,0.0,0.0,0.0
0x05c5aab002faa347cffcab3e557231bb574873e1,1,2024-11-06,2024-11-06,0,1,400.8015,400.8015,400.8015,400.8015,400.8015,396.99388575,396.99388575,396.99388575,396.99388575,396.99388575,400.8015,400.8015,400.8015,396.99388575,396.99388575,396.99388575,0.0,0.0,0.0,0.0,0.0,400.8015,400.8015,400.8015,400.8015,400.8015,0.0,0.0,0.0,0.0,0.0,396.99388575,396.99388575,396.99388575,396.99388575,396.99388575
0x31eafc783db4e7b487f0057e79d59c3422628aa0,1,2024-09-29,2024-09-29,0,1,0.0074,0.0074,0.0074,0.0074,0.0074,0.007178,0.007178,0.007178,0.007178,0.007178,0.0074,0.0074,0.0074,0.007178,0.007178,0.007178,0.0074,0.0074,0.0074,0.0074,0.0074,0.0,0.0,0.0,0.0,0.0,0.007178,0.007178,0.007178,0.007178,0.007178,0.0,0.0,0.0,0.0,0.0
0x819ce39b0dedb6aed69a11867796ef06b77cd84b,2,2025-10-21,2025-11-13,23,2,-1.43,1.431816,0.0009080000000000199,0.0009080000000000199,0.0018160000000000398,-1.16545,1.24567992,0.04011495999999992,0.04011495999999992,0.08022991999999984,0.001816,1.431816,0.001816,0.08022992,1.24567992,0.08022992,-1.43,1.431816,0.0009080000000000199,0.0018160000000000398,0.001816,0.0,0.0,0.0,0.0,0.0,-1.16545,1.24567992,0.04011495999999992,0.08022991999999984,0.08022992,0.0,0.0,0.0,0.0,0.0
0x279d2ba4d280426ba6bd6b760a7c9d954f17601a,1,2024-12-02,2024-12-02,0,1,13.052,13.052,13.052,13.052,13.052,13.045474,13.045474,13.045474,13.045474,13.045474,13.052,13.052,13.052,13.045474,13.045474,13.045474,0.0,0.0,0.0,0.0,0.0,13.052,13.052,13.052,13.052,13.052,0.0,0.0,0.0,0.0,0.0,13.045474,13.045474,13.045474,13.045474,13.045474
0x755e58c2d6c239bfd4e5de3b5dcd9957d1da6a27,1,2025-11-09,2025-11-09,0,1,2.173912,2.173912,2.173912,2.173912,2.173912,1.97825992,1.97825992,1.97825992,1.97825992,1.97825992,2.173912,2.173912,2.173912,1.97825992,1.97825992,1.97825992,2.173912,2.173912,2.173912,2.173912,2.173912,0.0,0.0,0.0,0.0,0.0,1.97825992,1.97825992,1.97825992,1.97825992,1.97825992,0.0,0.0,0.0,0.0,0.0
0xde141b38787f0c1593b11cf5da5d1be9a3e6f702,1,2024-11-22,2024-11-22,0,1,5.213756,5.213756,5.213756,5.213756,5.213756,4.6584909859999994,4.6584909859999994,4.6584909859999994,4.6584909859999994,4.6584909859999994,5.213756,5.213756,5.213756,4.6584909859999994,4.6584909859999994,4.6584909859999994,0.0,0.0,0.0,0.0,0.0,5.213756,5.213756,5.213756,5.213756,5.213756,0.0,0.0,0.0,0.0,0.0,4.6584909859999994,4.6584909859999994,4.6584909859999994,4.6584909859999994,4.6584909859999994
0xbe2639b45659cb0b16731421444f16dfdb8b5c6b,5,2024-11-08,2024-11-23,15,5,-165.0,489.795914,97.96112,0.0090999999999894,489.80559999999997,-37.95,479.755097763,100.6212747426,0.0082354999999904,503.106373713,489.8056,489.8056,0.0090999999999894,503.106373713,503.106373713,0.0082354999999904,0.0,0.0090999999999894,0.00181999999999788,0.0090999999999894,0.0090999999999894,-165.0,489.795914,97.9593,489.7965,489.7965,0.0,0.0082354999999904,0.00164709999999808,0.0082354999999904,0.0082354999999904,-37.95,479.755097763,100.6196276426,503.09813821299997,503.098138213
0x0f99b597864d8a3977ebf7f225b7394a52f59b59,3,2024-11-01,2024-11-12,11,3,-100.0,200.0,66.66666666666667,100.0,200.0,-83.0,120.0,23.166666666666668,32.5,69.5,200.0,300.0,200.0,69.5,152.5,69.5,-100.0,0.0,-33.333333333333336,-100.0,-100.0,0.0,200.0,100.0,300.0,300.0,-83.0,0.0,-27.666666666666668,-83.0,-83.0,0.0,120.0,50.833333333333336,152.5,152.5
0x894151cde3e67a926cbb45a64607b24ee2b79c5c,1,2025-11-05,2025-11-05,0,1,7.765625,7.765625,7.765625,7.765625,7.765625,5.241796875,5.241796875,5.241796875,5.241796875,5.241796875,7.765625,7.765625,7.765625,5.241796875,5.241796875,5.241796875,7.765625,7.765625,7.765625,7.765625,7.765625,0.0,0.0,0.0,0.0,0.0,5.241796875,5.241796875,5.241796875,5.241796875,5.241796875,0.0,0.0,0.0,0.0,0.0
0xf0e5693c3c079cc8ba25a7a627235a5c34245e32,1,2024-11-03,2024-11-03,0,1,0.0029839999999996,0.0029839999999996,0.0029839999999996,0.0029839999999996,0.0029839999999996,0.0020141999999997,0.0020141999999997,0.0020141999999997,0.0020141999999997,0.0020141999999997,0.0029839999999996,0.0029839999999996,0.0029839999999996,0.0020141999999997,0.0020141999999997,0.0020141999999997,0.0,0.0,0.0,0.0,0.0,0.0029839999999996,0.0029839999999996,0.0029839999999996,0.0029839999999996,0.0029839999999996,0.0,0.0,0.0,0.0,0.0,0.0020141999999997,0.0020141999999997,0.0020141999999997,0.0020141999999997,0.0020141999999997
0xe0a7270908586f10c228cdbe0552cee425b04fdf,1,2025-11-07,2025-11-07,0,2,30.0,30.0,30.0,30.0,30.0,13.2,13.2,13.2,13.2,13.2,30.0,30.0,30.0,13.2,13.2,13.2,30.0,30.0,30.0,30.0,30.0,0.0,0.0,0.0,0.0,0.0,13.2,13.2,13.2,13.2,13.2,0.0,0.0,0.0,0.0,0.0
0xeb8f63d79c1a94e569fa511616b4667a4921c861,1,2024-11-03,2024-11-03,0,1,0.0080569999999999,0.0080569999999999,0.0080569999999999,0.0080569999999999,0.0080569999999999,0.0054384749999999,0.0054384749999999,0.0054384749999999,0.0054384749999999,0.0054384749999999,0.0080569999999999,0.0080569999999999,0.0080569999999999,0.0054384749999999,0.0054384749999999,0.0054384749999999,0.0,0.0,0.0,0.0,0.0,0.0080569999999999,0.0080569999999999,0.0080569999999999,0.0080569999999999,0.0080569999999999,0.0,0.0,0.0,0.0,0.0,0.0054384749999999,0.0054384749999999,0.0054384749999999,0.0054384749999999,0.0054384749999999
0x6b7ec4ba079c0a258435ea36025f6190cd424562,10,2024-06-06,2024-11-06,153,18,-1427.5,616.54,-330.116,-220.68,-3301.16,-693.4081249999999,615.61519,-88.4032205,-10.57554,-884.032205,-3301.1600000000003,-20.0,-3917.7,-884.032205,-18.1,-1499.647395,-1427.5,616.54,-198.66199999999998,-1986.62,-1986.62,-350.0,0.0,-131.454,-1314.54,-1314.5400000000002,-693.4081249999999,615.61519,-9.827788499999997,-98.27788499999997,-98.27788499999996,-349.475,0.0,-78.575432,-785.75432,-785.7543200000001
0x7ef5cbb28d936ee1cad9e10006c7508863ae4bc2,1,2024-11-25,2024-11-25,0,1,5.14931,5.14931,5.14931,5.14931,5.14931,4.57258728,4.57258728,4.57258728,4.57258728,4.57258728,5.14931,5.14931,5.14931,4.57258728,4.57258728,4.57258728,0.0,0.0,0.0,0.0,0.0,5.14931,5.14931,5.14931,5.14931,5.14931,0.0,0.0,0.0,0.0,0.0,4.57258728,4.57258728,4.57258728,4.57258728,4.57258728
0x9da1cf458561f044466787184e84de5293e9ffa7,2,2024-10-30,2024-11-24,25,2,-0.52,0.522387,0.001193500000000014,0.001193500000000014,0.002387000000000028,-0.43004,0.32387994,-0.05308003,-0.05308003,-0.10616006,0.002387,0.522387,0.002387,-0.1061600599999999,0.32387994,-0.1061600599999999,0.0,0.0,0.0,0.0,0.0,-0.52,0.522387,0.001193500000000014,0.002387000000000028,0.002387,0.0,0.0,0.0,0.0,0.0,-0.43004,0.32387994,-0.05308003,-0.10616006,-0.1061600599999999
0x977a185c0de24ea8f442f59fab4b4f6740c6b8e5,1,2024-11-15,2024-11-15,0,1,0.150528,0.150528,0.150528,0.150528,0.150528,0.1249382399999999,0.1249382399999999,0.1249382399999999,0.1249382399999999,0.1249382399999999,0.150528,0.150528,0.150528,0.1249382399999999,0.1249382399999999,0.1249382399999999,0.150528,0.150528,0.150528,0.150528,0.150528,0.0,0.0,0.0,0.0,0.0,0.1249382399999999,0.1249382399999999,0.1249382399999999,0.1249382399999999,0.1249382399999999,0.0,0.0,0.0,0.0,0.0
0xdcb194fd19590612612980a91a8170332336a2df,1,2024-11-08,2024-11-08,0,1,31.25,31.25,31.25,31.25,31.25,28.28125,28.28125,28.28125,28.28125,28.28125,31.25,31.25,31.25,28.28125,28.28125,28.28125,31.25,31.25,31.25,31.25,31.25,0.0,0.0,0.0,0.0,0.0,28.28125,28.28125,28.28125,28.28125,28.28125,0.0,0.0,0.0,0.0,0.0
0x5fa398be4abaedf38115e553e808dd64509116e5,1,2025-11-05,2025-11-05,0,1,150.442856,150.442856,150.442856,150.442856,150.442856,101.54892780000002,101.54892780000002,101.54892780000002,101.54892780000002,101.54892780000002,150.442856,150.442856,150.442856,101.54892780000002,101.54892780000002,101.54892780000002,150.442856,150.442856,150.442856,150.442856,150.442856,0.0,0.0,0.0,0.0,0.0,101.54892780000002,101.54892780000002,101.54892780000002,101.54892780000002,101.54892780000002,0.0,0.0,0.0,0.0,0.0
0xc428fd1ed226c5bf19ec99d5b9647f16fb3b7eaf,2,2024-10-31,2024-11-01,1,2,0.003657,0.005,0.0043285,0.0043285,0.008657,0.001444515,0.002,0.0017222575,0.0017222575,0.003444515,0.008657,0.008657,0.003657,0.003444515,0.003444515,0.001444515,0.003657,0.005,0.0043285,0.008657,0.008657,0.0,0.0,0.0,0.0,0.0,0.001444515,0.002,0.0017222575,0.003444515,0.003444515,0.0,0.0,0.0,0.0,0.0
0x37e2e415430aae98f22df9e4b1717d2a4ef96903,1,2024-11-03,2024-11-03,0,1,0.0055209999999998,0.0055209999999998,0.0055209999999998,0.0055209999999998,0.0055209999999998,0.0037266749999998,0.0037266749999998,0.0037266749999998,0.0037266749999998,0.0037266749999998,0.0055209999999998,0.0055209999999998,0.0055209999999998,0.0037266749999998,0.0037266749999998,0.0037266749999998,0.0,0.0,0.0,0.0,0.0,0.0055209999999998,0.0055209999999998,0.0055209999999998,0.0055209999999998,0.0055209999999998,0.0,0.0,0.0,0.0,0.0,0.0037266749999998,0.0037266749999998,0.0037266749999998,0.0037266749999998,0.0037266749999998
0xc6e1b01850d0a21011b705b199a8b93eb73d6566,1,2025-11-05,2025-11-05,0,1,10.752685,10.752685,10.752685,10.752685,10.752685,9.8924702,9.8924702,9.8924702,9.8924702,9.8924702,10.752685,10.752685,10.752685,9.8924702,9.8924702,9.8924702,10.752685,10.752685,10.752685,10.752685,10.752685,0.0,0.0,0.0,0.0,0.0,9.8924702,9.8924702,9.8924702,9.8924702,9.8924702,0.0,0.0,0.0,0.0,0.0
0x53cc0a3b756f9604358f052d65c3533c0a38c8a7,1,2024-11-01,2024-11-01,0,1,0.0080299999999999,0.0080299999999999,0.0080299999999999,0.0080299999999999,0.0080299999999999,0.0048179999999999,0.0048179999999999,0.0048179999999999,0.0048179999999999,0.0048179999999999,0.0080299999999999,0.0080299999999999,0.0080299999999999,0.0048179999999999,0.0048179999999999,0.0048179999999999,0.0,0.0,0.0,0.0,0.0,0.0080299999999999,0.0080299999999999,0.0080299999999999,0.0080299999999999,0.0080299999999999,0.0,0.0,0.0,0.0,0.0,0.0048179999999999,0.0048179999999999,0.0048179999999999,0.0048179999999999,0.0048179999999999
0x25bf7f2b7c1a09d06873607063adedf8e097a447,1,2024-11-01,2024-11-01,0,1,0.0,0.0,0.0,0.0,0.0,0.0,0.0,0.0,0.0,0.0,0.0,0.0,0.0,0.0,0.0,0.0,0.0,0.0,0.0,0.0,0.0,0.0,0.0,0.0,0.0,0.0,0.0,0.0,0.0,0.0,0.0,0.0,0.0,0.0,0.0,0.0
0x8c377ed121c9dda1a8631ace8d0e3028644d4e9b,1,2024-11-23,2024-11-23,0,1,62.73,62.73,62.73,62.73,62.73,61.444035,61.444035,61.444035,61.444035,61.444035,62.73,62.73,62.73,61.444035,61.444035,61.444035,0.0,0.0,0.0,0.0,0.0,62.73,62.73,62.73,62.73,62.73,0.0,0.0,0.0,0.0,0.0,61.444035,61.444035,61.444035,61.444035,61.444035
0x0b175a903eecc6d9b8beced1f294b709599623f9,1,2024-11-15,2024-11-15,0,1,0.98946,0.98946,0.98946,0.98946,0.98946,0.8212518,0.8212518,0.8212518,0.8212518,0.8212518,0.98946,0.98946,0.98946,0.8212518,0.8212518,0.8212518,0.98946,0.98946,0.98946,0.98946,0.98946,0.0,0.0,0.0,0.0,0.0,0.8212518,0.8212518,0.8212518,0.8212518,0.8212518,0.0,0.0,0.0,0.0,0.0
0x44678d678d0fb0fddf42751efca56045b6d1b5bc,1,2024-11-29,2024-11-29,0,1,6.060605,6.060605,6.060605,6.060605,6.060605,5.9363625975,5.9363625975,5.9363625975,5.9363625975,5.9363625975,6.060605,6.060605,6.060605,5.9363625975,5.9363625975,5.9363625975,0.0,0.0,0.0,0.0,0.0,6.060605,6.060605,6.060605,6.060605,6.060605,0.0,0.0,0.0,0.0,0.0,5.9363625975,5.9363625975,5.9363625975,5.9363625975,5.9363625975
0x1ed6094cd32d58dccdd5f492e01bdaf91d3b58b9,2,2024-11-07,2024-11-21,14,2,-5.61,5.617972,0.003985999999999823,0.003985999999999823,0.007971999999999646,-2.600235,5.22471396,1.31223948,1.31223948,2.62447896,0.0079719999999996,5.617972,0.0079719999999996,2.62447896,5.22471396,2.62447896,-5.61,5.617972,0.003985999999999823,0.007971999999999646,0.0079719999999996,0.0,0.0,0.0,0.0,0.0,-2.600235,5.22471396,1.31223948,2.62447896,2.62447896,0.0,0.0,0.0,0.0,0.0
0xaa1ba396e34eb76052b31723317e690ad7823209,1,2024-11-07,2024-11-07,0,1,3.783782,3.783782,3.783782,3.783782,3.783782,0.26486474,0.26486474,0.26486474,0.26486474,0.26486474,3.783782,3.783782,3.783782,0.26486474,0.26486474,0.26486474,0.0,0.0,0.0,0.0,0.0,3.783782,3.783782,3.783782,3.783782,3.783782,0.0,0.0,0.0,0.0,0.0,0.26486474,0.26486474,0.26486474,0.26486474,0.26486474
0x06730ab1e96c6a28f2d31d0159918aef31b32e81,2,2024-10-28,2024-10-30,2,3,13050.0,15048.68,14049.34,14049.34,28098.68,179.79923000000002,391.5,285.64961500000004,285.64961500000004,571.2992300000001,28098.68,28098.68,15048.68,571.2992300000001,571.2992300000001,179.79923000000002,13050.0,15048.68,14049.34,28098.68,28098.68,0.0,0.0,0.0,0.0,0.0,179.79923000000002,391.5,285.64961500000004,571.2992300000001,571.2992300000001,0.0,0.0,0.0,0.0,0.0
0x6c2ecdbf7b8b82bdd49f6bfbabdff8208d6b75ea,3,2024-11-12,2024-11-21,9,3,-135.0,-17.0,-84.0,-100.0,-252.0,-118.26,-9.1205,-48.12683333333333,-17.0,-144.38049999999998,-252.0,-100.0,-252.0,-144.38049999999998,-17.0,-144.38049999999998,0.0,0.0,0.0,0.0,0.0,-135.0,-17.0,-84.0,-252.0,-252.0,0.0,0.0,0.0,0.0,0.0,-118.26,-9.1205,-48.12683333333333,-144.38049999999998,-144.38049999999998
0x30cecdf29f069563ea21b8ae94492e41e53a6b2b,1,2025-11-14,2025-11-14,0,2,454.0,454.0,454.0,454.0,454.0,225.865,225.865,225.865,225.865,225.865,454.0,454.0,454.0,225.865,225.865,225.865,0.0,0.0,0.0,0.0,0.0,454.0,454.0,454.0,454.0,454.0,0.0,0.0,0.0,0.0,0.0,225.865,225.865,225.865,225.865,225.865
0x20e0224e83781538ec8a383fc08465013e5b3ad9,1,2024-10-30,2024-10-30,0,1,0.975,0.975,0.975,0.975,0.975,0.3705,0.3705,0.3705,0.3705,0.3705,0.975,0.975,0.975,0.3705,0.3705,0.3705,0.975,0.975,0.975,0.975,0.975,0.0,0.0,0.0,0.0,0.0,0.3705,0.3705,0.3705,0.3705,0.3705,0.0,0.0,0.0,0.0,0.0
0xba0fcfe8f95c2b5ce8f856b1f63fb9c111bf0290,1,2024-10-27,2024-10-27,0,1,0.002248,0.002248,0.002248,0.002248,0.002248,0.002183932,0.002183932,0.002183932,0.002183932,0.002183932,0.002248,0.002248,0.002248,0.002183932,0.002183932,0.002183932,0.002248,0.002248,0.002248,0.002248,0.002248,0.0,0.0,0.0,0.0,0.0,0.002183932,0.002183932,0.002183932,0.002183932,0.002183932,0.0,0.0,0.0,0.0,0.0
0x9f51fb0ca5458cf737eca545a876bc51d6c58f75,2,2025-10-21,2025-10-23,2,2,-1.31,1.31578,0.002889999999999948,0.002889999999999948,0.005779999999999896,-1.2314,1.2368332,0.002716599999999958,0.002716599999999958,0.005433199999999916,0.0057799999999998,1.31578,0.0057799999999998,0.0054331999999999,1.2368332,0.0054331999999999,0.0,0.0,0.0,0.0,0.0,-1.31,1.31578,0.002889999999999948,0.005779999999999896,0.0057799999999998,0.0,0.0,0.0,0.0,0.0,-1.2314,1.2368332,0.002716599999999958,0.005433199999999916,0.0054331999999999
0xba0f0d136975402f5e0fea12b80fbeab57a4d4c2,2,2024-10-31,2024-11-03,3,2,-0.26,0.262294,0.0011470000000000091,0.0011470000000000091,0.0022940000000000182,-0.1755,0.15868787,-0.00840606499999999,-0.00840606499999999,-0.01681212999999998,0.002294,0.262294,0.002294,-0.01681213,0.15868787,-0.01681213,0.0,0.0,0.0,0.0,0.0,-0.26,0.262294,0.0011470000000000091,0.0022940000000000182,0.002294,0.0,0.0,0.0,0.0,0.0,-0.1755,0.15868787,-0.00840606499999999,-0.01681212999999998,-0.01681213
0x0cb7713e3c2912584149b6397de17ec1cda69995,1,2024-11-27,2024-11-27,0,1,6.116206,6.116206,6.116206,6.116206,6.116206,5.605502799,5.605502799,5.605502799,5.605502799,5.605502799,6.116206,6.116206,6.116206,5.605502799,5.605502799,5.605502799,0.0,0.0,0.0,0.0,0.0,6.116206,6.116206,6.116206,6.116206,6.116206,0.0,0.0,0.0,0.0,0.0,5.605502799,5.605502799,5.605502799,5.605502799,5.605502799
0x7ff8d0f069660556c9a1344ee00e65f91630d56c,1,2024-11-16,2024-11-16,0,1,0.2258,0.2258,0.2258,0.2258,0.2258,0.1298349999999999,0.1298349999999999,0.1298349999999999,0.1298349999999999,0.1298349999999999,0.2258,0.2258,0.2258,0.1298349999999999,0.1298349999999999,0.1298349999999999,0.2258,0.2258,0.2258,0.2258,0.2258,0.0,0.0,0.0,0.0,0.0,0.1298349999999999,0.1298349999999999,0.1298349999999999,0.1298349999999999,0.1298349999999999,0.0,0.0,0.0,0.0,0.0
0x377fb3375c8c386dd1e83a51c1998f4fcd599e02,2,2024-09-26,2024-10-10,14,4,-229.14,131.0,-49.06999999999999,-49.06999999999999,-98.13999999999999,-2.08877,1.811,-0.13888499999999993,-0.13888499999999993,-0.27776999999999985,-98.14,131.0,-98.14,-0.2777699999999998,1.811,-0.2777699999999998,-200.0,100.0,-50.0,-100.0,-100.0,-29.14,31.0,0.9299999999999997,1.8599999999999994,1.8599999999999992,-1.2,0.8500000000000001,-0.17499999999999993,-0.34999999999999987,-0.3499999999999998,-0.88877,0.961,0.03611500000000001,0.07223000000000002,0.07223
0x200ccd161caed4301860dd821b7ddeae0646ad53,1,2024-11-03,2024-11-03,0,1,0.0070569999999996,0.0070569999999996,0.0070569999999996,0.0070569999999996,0.0070569999999996,0.0022935249999998,0.0022935249999998,0.0022935249999998,0.0022935249999998,0.0022935249999998,0.0070569999999996,0.0070569999999996,0.0070569999999996,0.0022935249999998,0.0022935249999998,0.0022935249999998,0.0070569999999996,0.0070569999999996,0.0070569999999996,0.0070569999999996,0.0070569999999996,0.0,0.0,0.0,0.0,0.0,0.0022935249999998,0.0022935249999998,0.0022935249999998,0.0022935249999998,0.0022935249999998,0.0,0.0,0.0,0.0,0.0
0xd708a916f2dbf9fa0b4220517ff60d3ef14c7cfc,1,2024-11-07,2024-11-07,0,1,2.702701,2.702701,2.702701,2.702701,2.702701,0.18918907,0.18918907,0.18918907,0.18918907,0.18918907,2.702701,2.702701,2.702701,0.18918907,0.18918907,0.18918907,0.0,0.0,0.0,0.0,0.0,2.702701,2.702701,2.702701,2.702701,2.702701,0.0,0.0,0.0,0.0,0.0,0.18918907,0.18918907,0.18918907,0.18918907,0.18918907
0x58744f91ed701afdc02d55b0467b09ce62c505f7,1,2024-11-01,2024-11-01,0,1,5.0,5.0,5.0,5.0,5.0,3.0,3.0,3.0,3.0,3.0,5.0,5.0,5.0,3.0,3.0,3.0,0.0,0.0,0.0,0.0,0.0,5.0,5.0,5.0,5.0,5.0,0.0,0.0,0.0,0.0,0.0,3.0,3.0,3.0,3.0,3.0
0x828ccdb6fa774dca00e2b281831cf0abba18fb4c,3,2025-11-15,2025-11-19,4,4,3.030302,5.555554,3.939111333333333,3.2314779999999996,11.817333999999999,1.91666613,1.9395391949999996,1.926815698333333,1.92424177,5.7804470949999995,11.817334,11.817334,3.030302,5.7804470949999995,5.7804470949999995,1.92424177,0.0,0.0056729999999998,0.0018909999999999333,0.0056729999999998,0.0056729999999998,3.030302,5.555554,3.9372203333333338,11.811661,11.811661,0.0,0.0040561949999998,0.0013520649999999334,0.0040561949999998,0.0040561949999998,1.91666613,1.935483,1.9254636333333333,5.7763909,5.776390899999999
0x1228c47a57deba9432fdf89e5db54e99b596c4fa,2,2025-11-16,2025-11-17,1,2,-40.0,40.0,0.0,0.0,0.0,-24.6,23.799999999999997,-0.40000000000000213,-0.40000000000000213,-0.8000000000000043,0.0,40.0,0.0,-0.8000000000000043,23.799999999999997,-0.8000000000000043,-40.0,40.0,0.0,0.0,0.0,0.0,0.0,0.0,0.0,0.0,-24.6,23.799999999999997,-0.40000000000000213,-0.8000000000000043,-0.8000000000000043,0.0,0.0,0.0,0.0,0.0
0x1c708b8f85d1b58970dd8a57385a19b1792c4c51,3,2024-06-11,2024-06-19,8,6,10.0,50.0,26.67,20.01,80.01,9.995,49.760000000000005,26.573328333333336,19.964985,79.71998500000001,80.00999999999999,80.00999999999999,20.01,79.71998500000001,79.71998500000001,19.964985,10.0,10.0,10.0,30.0,30.0,0.0,40.0,16.669999999999998,50.01,50.01,9.88,9.995,9.948333333333332,29.845,29.845,0.0,39.88,16.624995000000002,49.874985,49.874985
0x52bab6578ce6efeb061626be5671901d6b130afc,1,2024-10-27,2024-10-27,0,1,0.004,0.004,0.004,0.004,0.004,0.003978,0.003978,0.003978,0.003978,0.003978,0.004,0.004,0.004,0.003978,0.003978,0.003978,0.0,0.0,0.0,0.0,0.0,0.004,0.004,0.004,0.004,0.004,0.0,0.0,0.0,0.0,0.0,0.003978,0.003978,0.003978,0.003978,0.003978
0xd40164e9fca6bd8ff63b4d4d5c95111427e88e5d,1,2024-06-15,2024-06-15,0,1,164.846152,164.846152,164.846152,164.846152,164.846152,1.23634614,1.23634614,1.23634614,1.23634614,1.23634614,164.846152,164.846152,164.846152,1.23634614,1.23634614,1.23634614,164.846152,164.846152,164.846152,164.846152,164.846152,0.0,0.0,0.0,0.0,0.0,1.23634614,1.23634614,1.23634614,1.23634614,1.23634614,0.0,0.0,0.0,0.0,0.0
0x6e9fd44c0d04bbaa2ada28436b0701735d6ebbe5,2,2024-11-01,2024-11-05,4,2,-383.65,383.655735,0.0028675000000077944,0.0028675000000077944,0.005735000000015589,-281.98274999999995,230.193441,-25.894654499999973,-25.894654499999973,-51.789308999999946,0.0057350000000155,383.655735,0.0057350000000155,-51.789308999999975,230.193441,-51.789308999999975,0.0,0.0,0.0,0.0,0.0,-383.65,383.655735,0.0028675000000077944,0.005735000000015589,0.0057350000000155,0.0,0.0,0.0,0.0,0.0,-281.98274999999995,230.193441,-25.894654499999973,-51.789308999999946,-51.789308999999975
0x6223fc4ef20c607f8725fc16b37cdb99ec0a81fa,1,2024-11-15,2024-11-15,0,1,0.118271,0.118271,0.118271,0.118271,0.118271,0.09816493,0.09816493,0.09816493,0.09816493,0.09816493,0.118271,0.118271,0.118271,0.09816493,0.09816493,0.09816493,0.118271,0.118271,0.118271,0.118271,0.118271,0.0,0.0,0.0,0.0,0.0,0.09816493,0.09816493,0.09816493,0.09816493,0.09816493,0.0,0.0,0.0,0.0,0.0
0x18cee9a78a8b3c6120969076fb4066ab854b3871,1,2024-06-10,2024-06-10,0,4,15.020038,15.020038,15.020038,15.020038,15.020038,0.042477886,0.042477886,0.042477886,0.042477886,0.042477886,15.020038,15.020038,15.020038,0.042477886,0.042477886,0.042477886,15.020038,15.020038,15.020038,15.020038,15.020038,0.0,0.0,0.0,0.0,0.0,0.042477886,0.042477886,0.042477886,0.042477886,0.042477886,0.0,0.0,0.0,0.0,0.0
0xdd31a6895ce1a7e422fc5b2fe27ce95901de86ea,2,2024-11-15,2024-11-29,14,2,-3.52,3.523808,0.0019039999999999058,0.0019039999999999058,0.0038079999999998115,-3.44784,0.59904736,-1.4243963199999998,-1.4243963199999998,-2.8487926399999997,0.0038079999999998,3.523808,0.0038079999999998,-2.84879264,0.59904736,-2.84879264,0.0,0.0,0.0,0.0,0.0,-3.52,3.523808,0.0019039999999999058,0.0038079999999998115,0.0038079999999998,0.0,0.0,0.0,0.0,0.0,-3.44784,0.59904736,-1.4243963199999998,-2.8487926399999997,-2.84879264
0x9cc9c841496e22b04117c378ce9c98afd6b3d404,2,2024-10-30,2024-11-24,25,2,-1.26,1.260867,0.00043349999999997557,0.00043349999999997557,0.0008669999999999511,-1.04202,0.78173754,-0.13014123,-0.13014123,-0.26028246,0.0008669999999999,1.260867,0.0008669999999999,-0.26028246,0.78173754,-0.26028246,0.0,0.0,0.0,0.0,0.0,-1.26,1.260867,0.00043349999999997557,0.0008669999999999511,0.0008669999999999,0.0,0.0,0.0,0.0,0.0,-1.04202,0.78173754,-0.13014123,-0.26028246,-0.26028246
0xc37b45527c89915987dd302b1ed2b3385e5d7487,1,2024-11-27,2024-11-27,0,1,4.07747,4.07747,4.07747,4.07747,4.07747,3.737001255,3.737001255,3.737001255,3.737001255,3.737001255,4.07747,4.07747,4.07747,3.737001255,3.737001255,3.737001255,0.0,0.0,0.0,0.0,0.0,4.07747,4.07747,4.07747,4.07747,4.07747,0.0,0.0,0.0,0.0,0.0,3.737001255,3.737001255,3.737001255,3.737001255,3.737001255
0x80d1a0d1a5a66ea002b8e1dbd381d90f61e2f6c4,2,2024-11-10,2024-11-17,7,2,-190.12,190.126581,0.0032904999999914253,0.0032904999999914253,0.006580999999982851,-107.4178,138.79240413,15.687302064999997,15.687302064999997,31.374604129999994,0.0065809999999828,190.126581,0.0065809999999828,31.37460413000001,138.79240413,31.37460413000001,-190.12,190.126581,0.0032904999999914253,0.006580999999982851,0.0065809999999828,0.0,0.0,0.0,0.0,0.0,-107.4178,138.79240413,15.687302064999997,31.374604129999994,31.37460413000001,0.0,0.0,0.0,0.0,0.0
0x7265ea170349f8b565520e55ad63f1115ef7bf9b,1,2024-10-19,2024-10-19,0,1,0.002562,0.002562,0.002562,0.002562,0.002562,0.002505636,0.002505636,0.002505636,0.002505636,0.002505636,0.002562,0.002562,0.002562,0.002505636,0.002505636,0.002505636,0.0,0.0,0.0,0.0,0.0,0.002562,0.002562,0.002562,0.002562,0.002562,0.0,0.0,0.0,0.0,0.0,0.002505636,0.002505636,0.002505636,0.002505636,0.002505636
0xb02ea57dbc3e69e08e7aaee78ef6122e301f25e5,1,2025-10-14,2025-10-14,0,8,-903.15,-903.15,-903.15,-903.15,-903.15,-831.2162500000001,-831.2162500000001,-831.2162500000001,-831.2162500000001,-831.2162500000001,-903.15,-903.15,-903.15,-831.2162500000001,-831.2162500000001,-831.2162500000001,-601.0,-601.0,-601.0,-601.0,-601.0,-302.15,-302.15,-302.15,-302.15,-302.15,-552.0550000000001,-552.0550000000001,-552.0550000000001,-552.0550000000001,-552.0550000000001,-279.16125,-279.16125,-279.16125,-279.16125,-279.16125
0x352e3088deea6fd2119d9cce98f459cac2e02241,1,2024-11-28,2024-11-28,0,1,7.142856,7.142856,7.142856,7.142856,7.142856,6.942856032,6.942856032,6.942856032,6.942856032,6.942856032,7.142856,7.142856,7.142856,6.942856032,6.942856032,6.942856032,0.0,0.0,0.0,0.0,0.0,7.142856,7.142856,7.142856,7.142856,7.142856,0.0,0.0,0.0,0.0,0.0,6.942856032,6.942856032,6.942856032,6.942856032,6.942856032
0xe84e45197c9731709eefbe11c02be4effab91e5c,1,2024-06-10,2024-06-10,0,4,14.047617,14.047617,14.047617,14.047617,14.047617,0.0224999935,0.0224999935,0.0224999935,0.0224999935,0.0224999935,14.047617,14.047617,14.047617,0.0224999935,0.0224999935,0.0224999935,14.047617,14.047617,14.047617,14.047617,14.047617,0.0,0.0,0.0,0.0,0.0,0.0224999935,0.0224999935,0.0224999935,0.0224999935,0.0224999935,0.0,0.0,0.0,0.0,0.0
0xaedadd7f47f9fd4131ede9b7ea59acb3e3c9b1ea,1,2024-12-01,2024-12-01,0,1,7.049344,7.049344,7.049344,7.049344,7.049344,6.940079168,6.940079168,6.940079168,6.940079168,6.940079168,7.049344,7.049344,7.049344,6.940079168,6.940079168,6.940079168,0.0,0.0,0.0,0.0,0.0,7.049344,7.049344,7.049344,7.049344,7.049344,0.0,0.0,0.0,0.0,0.0,6.940079168,6.940079168,6.940079168,6.940079168,6.940079168
0x58e9ddeafa296ee6a5e28731df569d7f96b1acca,1,2024-11-15,2024-11-15,0,1,0.150528,0.150528,0.150528,0.150528,0.150528,0.1249382399999999,0.1249382399999999,0.1249382399999999,0.1249382399999999,0.1249382399999999,0.150528,0.150528,0.150528,0.1249382399999999,0.1249382399999999,0.1249382399999999,0.150528,0.150528,0.150528,0.150528,0.150528,0.0,0.0,0.0,0.0,0.0,0.1249382399999999,0.1249382399999999,0.1249382399999999,0.1249382399999999,0.1249382399999999,0.0,0.0,0.0,0.0,0.0
0xd13443938c1b3dc296d95aa61054bb1013cb687c,1,2024-11-01,2024-11-01,0,1,0.0,0.0,0.0,0.0,0.0,0.0,0.0,0.0,0.0,0.0,0.0,0.0,0.0,0.0,0.0,0.0,0.0,0.0,0.0,0.0,0.0,0.0,0.0,0.0,0.0,0.0,0.0,0.0,0.0,0.0,0.0,0.0,0.0,0.0,0.0,0.0
0x878ccbbd8b9e2137d48ee6fc46d96c8282b3e888,1,2024-11-25,2024-11-25,0,1,0.113852,0.113852,0.113852,0.113852,0.113852,0.101100576,0.101100576,0.101100576,0.101100576,0.101100576,0.113852,0.113852,0.113852,0.101100576,0.101100576,0.101100576,0.0,0.0,0.0,0.0,0.0,0.113852,0.113852,0.113852,0.113852,0.113852,0.0,0.0,0.0,0.0,0.0,0.101100576,0.101100576,0.101100576,0.101100576,0.101100576
0x6ec5d829ddf732ee0a5823f9a582849775fe4ea5,1,2024-11-07,2024-11-07,0,1,4.216864,4.216864,4.216864,4.216864,4.216864,3.92168352,3.92168352,3.92168352,3.92168352,3.92168352,4.216864,4.216864,4.216864,3.92168352,3.92168352,3.92168352,4.216864,4.216864,4.216864,4.216864,4.216864,0.0,0.0,0.0,0.0,0.0,3.92168352,3.92168352,3.92168352,3.92168352,3.92168352,0.0,0.0,0.0,0.0,0.0
0xfea8788dcbcd5ea692b8939383dd90f79986bdfb,2,2024-11-10,2024-11-19,9,2,-2.53,2.531644,0.0008220000000001004,0.0008220000000001004,0.0016440000000002009,-0.31372,1.84810012,0.76719006,0.76719006,1.53438012,0.0016440000000002,2.531644,0.0016440000000002,1.53438012,1.84810012,1.53438012,-2.53,2.531644,0.0008220000000001004,0.0016440000000002009,0.0016440000000002,0.0,0.0,0.0,0.0,0.0,-0.31372,1.84810012,0.76719006,1.53438012,1.53438012,0.0,0.0,0.0,0.0,0.0
0x85317b33a7d57d990c356b425d87028de0d51ca4,1,2024-06-07,2024-06-07,0,1,0.0029999999999859,0.0029999999999859,0.0029999999999859,0.0029999999999859,0.0029999999999859,0.0029954999999859,0.0029954999999859,0.0029954999999859,0.0029954999999859,0.0029954999999859,0.0029999999999859,0.0029999999999859,0.0029999999999859,0.0029954999999859,0.0029954999999859,0.0029954999999859,0.0,0.0,0.0,0.0,0.0,0.0029999999999859,0.0029999999999859,0.0029999999999859,0.0029999999999859,0.0029999999999859,0.0,0.0,0.0,0.0,0.0,0.0029954999999859,0.0029954999999859,0.0029954999999859,0.0029954999999859,0.0029954999999859
0x81585946a6a2498573b846b28bf7fe50402cb34d,1,2025-11-02,2025-11-02,0,1,1.075257,1.075257,1.075257,1.075257,1.075257,0.98923644,0.98923644,0.98923644,0.98923644,0.98923644,1.075257,1.075257,1.075257,0.98923644,0.98923644,0.98923644,1.075257,1.075257,1.075257,1.075257,1.075257,0.0,0.0,0.0,0.0,0.0,0.98923644,0.98923644,0.98923644,0.98923644,0.98923644,0.0,0.0,0.0,0.0,0.0
0x83eceed2d3478b64299a765e1c7801e386654f90,1,2024-06-11,2024-06-11,0,6,1.5319,1.5319,1.5319,1.5319,1.5319,0.0343005085,0.0343005085,0.0343005085,0.0343005085,0.0343005085,1.5319,1.5319,1.5319,0.0343005085,0.0343005085,0.0343005085,1.5319,1.5319,1.5319,1.5319,1.5319,0.0,0.0,0.0,0.0,0.0,0.0343005085,0.0343005085,0.0343005085,0.0343005085,0.0343005085,0.0,0.0,0.0,0.0,0.0
0x000d257d2dc7616feaef4ae0f14600fdf50a758e,1,2025-11-05,2025-11-05,0,1,2773.02,2773.02,2773.02,2773.02,2773.02,1871.7885,1871.7885,1871.7885,1871.7885,1871.7885,2773.02,2773.02,2773.02,1871.7885,1871.7885,1871.7885,2773.02,2773.02,2773.02,2773.02,2773.02,0.0,0.0,0.0,0.0,0.0,1871.7885,1871.7885,1871.7885,1871.7885,1871.7885,0.0,0.0,0.0,0.0,0.0
0xe05d6977dc4c0edb27cc85e24a3f124e342faea2,1,2024-06-09,2024-06-09,0,1,62.28,62.28,62.28,62.28,62.28,56.9862,56.9862,56.9862,56.9862,56.9862,62.28,62.28,62.28,56.9862,56.9862,56.9862,62.28,62.28,62.28,62.28,62.28,0.0,0.0,0.0,0.0,0.0,56.9862,56.9862,56.9862,56.9862,56.9862,0.0,0.0,0.0,0.0,0.0
0xb7d54bf1d0a362beb916d9cb58a04c41d67e0789,3,2024-10-29,2024-10-31,2,7,-64.36000000000001,0.34,-21.400000000000006,-0.1800000000000068,-64.20000000000002,0.333625,100.48266,53.83345833333334,60.68409000000001,161.50037500000002,-64.20000000000002,0.34,-64.20000000000002,161.50037500000002,161.50037500000002,0.333625,-192.36,0.0,-99.18,-297.54,-297.54,0.34,128.0,77.78,233.34,233.34,-64.62791,0.0,-21.998416666666667,-65.99525,-65.99525,0.333625,125.312,75.831875,227.495625,227.495625
0x17de9d372fb16f791078f95b6fbac464b21aff8e,2,2024-11-16,2024-11-27,11,2,-1.46,1.469695,0.004847500000000005,0.004847500000000005,0.00969500000000001,-0.12191,0.845074625,0.3615823125,0.3615823125,0.723164625,0.009695,1.469695,0.009695,0.723164625,0.845074625,0.723164625,-1.46,1.469695,0.004847500000000005,0.00969500000000001,0.009695,0.0,0.0,0.0,0.0,0.0,-0.12191,0.845074625,0.3615823125,0.723164625,0.723164625,0.0,0.0,0.0,0.0,0.0
0x3d8df7084749006b2465b3e409b88e86367db576,1,2024-09-30,2024-09-30,0,1,0.03,0.03,0.03,0.03,0.03,0.02982,0.02982,0.02982,0.02982,0.02982,0.03,0.03,0.03,0.02982,0.02982,0.02982,0.0,0.0,0.0,0.0,0.0,0.03,0.03,0.03,0.03,0.03,0.0,0.0,0.0,0.0,0.0,0.02982,0.02982,0.02982,0.02982,0.02982
0x2abc91b073b9d7d6df3b119369fb707735217bf6,1,2024-11-03,2024-11-03,0,1,0.007760000000001,0.007760000000001,0.007760000000001,0.007760000000001,0.007760000000001,0.0052380000000006,0.0052380000000006,0.0052380000000006,0.0052380000000006,0.0052380000000006,0.007760000000001,0.007760000000001,0.007760000000001,0.0052380000000006,0.0052380000000006,0.0052380000000006,0.0,0.0,0.0,0.0,0.0,0.007760000000001,0.007760000000001,0.007760000000001,0.007760000000001,0.007760000000001,0.0,0.0,0.0,0.0,0.0,0.0052380000000006,0.0052380000000006,0.0052380000000006,0.0052380000000006,0.0052380000000006
0x0cabe92fb1c20f206d58260d89590429a5d97489,1,2025-10-19,2025-10-19,0,2,69.9,69.9,69.9,69.9,69.9,21.063,21.063,21.063,21.063,21.063,69.9,69.9,69.9,21.063,21.063,21.063,69.9,69.9,69.9,69.9,69.9,0.0,0.0,0.0,0.0,0.0,21.063,21.063,21.063,21.063,21.063,0.0,0.0,0.0,0.0,0.0
0x0efbe1f0331477b4adb24bc1b6f2605487d80700,1,2024-12-02,2024-12-02,0,1,5.8115,5.8115,5.8115,5.8115,5.8115,5.80859425,5.80859425,5.80859425,5.80859425,5.80859425,5.8115,5.8115,5.8115,5.80859425,5.80859425,5.80859425,0.0,0.0,0.0,0.0,0.0,5.8115,5.8115,5.8115,5.8115,5.8115,0.0,0.0,0.0,0.0,0.0,5.80859425,5.80859425,5.80859425,5.80859425,5.80859425
0x6cc8bc44c7f998c48e54cc9b8258a89626fe05b5,2,2025-11-14,2025-11-15,1,2,147.058821,382.997893,265.02835699999997,265.02835699999997,530.0567139999999,98.52941007,139.79423094499998,119.16182050749998,119.16182050749998,238.32364101499996,530.0567139999999,530.0567139999999,147.058821,238.32364101499996,238.32364101499996,98.52941007,147.058821,382.997893,265.02835699999997,530.0567139999999,530.0567139999999,0.0,0.0,0.0,0.0,0.0,98.52941007,139.79423094499998,119.16182050749998,238.32364101499996,238.32364101499996,0.0,0.0,0.0,0.0,0.0
0xa9f03e525759bb1e31ec36aa0b7f84e3c3ec9822,1,2024-11-15,2024-11-15,0,1,1.05262,1.05262,1.05262,1.05262,1.05262,0.8736745999999999,0.8736745999999999,0.8736745999999999,0.8736745999999999,0.8736745999999999,1.05262,1.05262,1.05262,0.8736745999999999,0.8736745999999999,0.8736745999999999,1.05262,1.05262,1.05262,1.05262,1.05262,0.0,0.0,0.0,0.0,0.0,0.8736745999999999,0.8736745999999999,0.8736745999999999,0.8736745999999999,0.8736745999999999,0.0,0.0,0.0,0.0,0.0
0x20322d5ab3ce70a98ef4c484c62a94147217d577,4,2024-11-09,2024-11-19,10,4,-125.0,200.0,3.16500000000001,-31.16999999999998,12.66000000000004,-33.75,235.86584,90.12271,79.1875,360.49084,12.660000000000023,200.0,12.660000000000023,360.4908400000001,360.4908400000001,101.25,-450.34,200.0,-62.584999999999994,-250.33999999999997,-250.33999999999995,-125.0,333.0,65.75,263.0,263.0,-55.84216,135.0,19.78946,79.15784,79.15784,-33.75,291.708,70.33325,281.333,281.333
0xb9f7c0ae4662295550b08daa638d0df17659db00,1,2024-06-10,2024-06-10,0,2,30.9877,30.9877,30.9877,30.9877,30.9877,29.5363107,29.5363107,29.5363107,29.5363107,29.5363107,30.9877,30.9877,30.9877,29.5363107,29.5363107,29.5363107,30.9877,30.9877,30.9877,30.9877,30.9877,0.0,0.0,0.0,0.0,0.0,29.5363107,29.5363107,29.5363107,29.5363107,29.5363107,0.0,0.0,0.0,0.0,0.0
0xb05baf3aba929808e0109dff78b39c4066414561,1,2024-10-21,2024-10-21,0,1,0.009569,0.009569,0.009569,0.009569,0.009569,0.0093106369999999,0.0093106369999999,0.0093106369999999,0.0093106369999999,0.0093106369999999,0.009569,0.009569,0.009569,0.0093106369999999,0.0093106369999999,0.0093106369999999,0.009569,0.009569,0.009569,0.009569,0.009569,0.0,0.0,0.0,0.0,0.0,0.0093106369999999,0.0093106369999999,0.0093106369999999,0.0093106369999999,0.0093106369999999,0.0,0.0,0.0,0.0,0.0
0xf01024732a85fe15b87d3897a11868ac5c99d83f,1,2024-11-02,2024-11-02,0,1,0.0,0.0,0.0,0.0,0.0,0.0,0.0,0.0,0.0,0.0,0.0,0.0,0.0,0.0,0.0,0.0,0.0,0.0,0.0,0.0,0.0,0.0,0.0,0.0,0.0,0.0,0.0,0.0,0.0,0.0,0.0,0.0,0.0,0.0,0.0,0.0
0x27bd67a861a2bd515838574b030661450fa4893b,1,2024-11-27,2024-11-27,0,1,8.155758,8.155758,8.155758,8.155758,8.155758,7.474752207,7.474752207,7.474752207,7.474752207,7.474752207,8.155758,8.155758,8.155758,7.474752207,7.474752207,7.474752207,0.0,0.0,0.0,0.0,0.0,8.155758,8.155758,8.155758,8.155758,8.155758,0.0,0.0,0.0,0.0,0.0,7.474752207,7.474752207,7.474752207,7.474752207,7.474752207
0x576630d175b0d8edfab8336abde11765221fc03b,1,2025-11-03,2025-11-03,0,2,2.21001,2.21001,2.21001,2.21001,2.21001,1.97795895,1.97795895,1.97795895,1.97795895,1.97795895,2.21001,2.21001,2.21001,1.97795895,1.97795895,1.97795895,1.11111,1.11111,1.11111,1.11111,1.11111,1.0989,1.0989,1.0989,1.0989,1.0989,0.99444345,0.99444345,0.99444345,0.99444345,0.99444345,0.9835155,0.9835155,0.9835155,0.9835155,0.9835155
0x53a2035763fa9d4394a7a58193100ae225d7e75e,1,2024-11-03,2024-11-03,0,1,0.0059690000000003,0.0059690000000003,0.0059690000000003,0.0059690000000003,0.0059690000000003,0.0040290750000002,0.0040290750000002,0.0040290750000002,0.0040290750000002,0.0040290750000002,0.0059690000000003,0.0059690000000003,0.0059690000000003,0.0040290750000002,0.0040290750000002,0.0040290750000002,0.0,0.0,0.0,0.0,0.0,0.0059690000000003,0.0059690000000003,0.0059690000000003,0.0059690000000003,0.0059690000000003,0.0,0.0,0.0,0.0,0.0,0.0040290750000002,0.0040290750000002,0.0040290750000002,0.0040290750000002,0.0040290750000002
0x9079247d94761dfe31b013c2d2ce8536708573ee,1,2025-10-15,2025-10-15,0,1,1.063816,1.063816,1.063816,1.063816,1.063816,0.99466796,0.99466796,0.99466796,0.99466796,0.99466796,1.063816,1.063816,1.063816,0.99466796,0.99466796,0.99466796,1.063816,1.063816,1.063816,1.063816,1.063816,0.0,0.0,0.0,0.0,0.0,0.99466796,0.99466796,0.99466796,0.99466796,0.99466796,0.0,0.0,0.0,0.0,0.0
0xc260a24eac795629119ad0086b2c2fba18669db1,1,2024-11-15,2024-11-15,0,1,0.161285,0.161285,0.161285,0.161285,0.161285,0.13386655,0.13386655,0.13386655,0.13386655,0.13386655,0.161285,0.161285,0.161285,0.13386655,0.13386655,0.13386655,0.161285,0.161285,0.161285,0.161285,0.161285,0.0,0.0,0.0,0.0,0.0,0.13386655,0.13386655,0.13386655,0.13386655,0.13386655,0.0,0.0,0.0,0.0,0.0
0x867470a1b827e7441f82a0d9d7f36cc8fd170d1e,1,2025-11-18,2025-11-18,0,1,-17.7,-17.7,-17.7,-17.7,-17.7,-10.8855,-10.8855,-10.8855,-10.8855,-10.8855,-17.7,-17.7,-17.7,-10.8855,-10.8855,-10.8855,-17.7,-17.7,-17.7,-17.7,-17.7,0.0,0.0,0.0,0.0,0.0,-10.8855,-10.8855,-10.8855,-10.8855,-10.8855,0.0,0.0,0.0,0.0,0.0
0xfbf54e97b102200b9c4156b70bb0a5a690b0ee9a,1,2024-06-09,2024-06-09,0,4,12.010019,12.010019,12.010019,12.010019,12.010019,0.0279839335,0.0279839335,0.0279839335,0.0279839335,0.0279839335,12.010019,12.010019,12.010019,0.0279839335,0.0279839335,0.0279839335,12.010019,12.010019,12.010019,12.010019,12.010019,0.0,0.0,0.0,0.0,0.0,0.0279839335,0.0279839335,0.0279839335,0.0279839335,0.0279839335,0.0,0.0,0.0,0.0,0.0
0x22906331e247a469c03591413a02b7ab9d1b3aad,1,2024-11-15,2024-11-15,0,1,0.107514,0.107514,0.107514,0.107514,0.107514,0.0892366199999999,0.0892366199999999,0.0892366199999999,0.0892366199999999,0.0892366199999999,0.107514,0.107514,0.107514,0.0892366199999999,0.0892366199999999,0.0892366199999999,0.107514,0.107514,0.107514,0.107514,0.107514,0.0,0.0,0.0,0.0,0.0,0.0892366199999999,0.0892366199999999,0.0892366199999999,0.0892366199999999,0.0892366199999999,0.0,0.0,0.0,0.0,0.0
0xc9520d0c0ec2ca3dc7384634eb0f31ba797b181a,1,2024-11-28,2024-11-28,0,1,9.0725,9.0725,9.0725,9.0725,9.0725,8.81847,8.81847,8.81847,8.81847,8.81847,9.0725,9.0725,9.0725,8.81847,8.81847,8.81847,0.0,0.0,0.0,0.0,0.0,9.0725,9.0725,9.0725,9.0725,9.0725,0.0,0.0,0.0,0.0,0.0,8.81847,8.81847,8.81847,8.81847,8.81847
0x7c42d32c9b23f5d19529e9d5b32af4b3cb27fa47,1,2024-11-07,2024-11-07,0,1,6.25,6.25,6.25,6.25,6.25,5.8125,5.8125,5.8125,5.8125,5.8125,6.25,6.25,6.25,5.8125,5.8125,5.8125,6.25,6.25,6.25,6.25,6.25,0.0,0.0,0.0,0.0,0.0,5.8125,5.8125,5.8125,5.8125,5.8125,0.0,0.0,0.0,0.0,0.0
0x2dbc4a47c4291f564f39d704b45faedd4103bdfc,1,2024-11-03,2024-11-03,0,1,0.0017629999999995,0.0017629999999995,0.0017629999999995,0.0017629999999995,0.0017629999999995,0.0005729749999998,0.0005729749999998,0.0005729749999998,0.0005729749999998,0.0005729749999998,0.0017629999999995,0.0017629999999995,0.0017629999999995,0.0005729749999998,0.0005729749999998,0.0005729749999998,0.0017629999999995,0.0017629999999995,0.0017629999999995,0.0017629999999995,0.0017629999999995,0.0,0.0,0.0,0.0,0.0,0.0005729749999998,0.0005729749999998,0.0005729749999998,0.0005729749999998,0.0005729749999998,0.0,0.0,0.0,0.0,0.0
0x217a7a6cccadadfbe432189750c8b4022c924d04,1,2024-06-11,2024-06-11,0,2,61.11111,61.11111,61.11111,61.11111,61.11111,0.13055555,0.13055555,0.13055555,0.13055555,0.13055555,61.11111,61.11111,61.11111,0.13055555,0.13055555,0.13055555,61.11111,61.11111,61.11111,61.11111,61.11111,0.0,0.0,0.0,0.0,0.0,0.13055555,0.13055555,0.13055555,0.13055555,0.13055555,0.0,0.0,0.0,0.0,0.0
0xed59b7e710a67681870e721d221e8eb95a6e6711,1,2024-10-06,2024-10-06,0,1,0.0025999999999999,0.0025999999999999,0.0025999999999999,0.0025999999999999,0.0025999999999999,0.0025843999999999,0.0025843999999999,0.0025843999999999,0.0025843999999999,0.0025843999999999,0.0025999999999999,0.0025999999999999,0.0025999999999999,0.0025843999999999,0.0025843999999999,0.0025843999999999,0.0,0.0,0.0,0.0,0.0,0.0025999999999999,0.0025999999999999,0.0025999999999999,0.0025999999999999,0.0025999999999999,0.0,0.0,0.0,0.0,0.0,0.0025843999999999,0.0025843999999999,0.0025843999999999,0.0025843999999999,0.0025843999999999
0x715d8f4b01a797bb0fbf92a5c0b78c5d97377b6d,1,2024-11-01,2024-11-01,0,2,1.824137,1.824137,1.824137,1.824137,1.824137,0.9857888475,0.9857888475,0.9857888475,0.9857888475,0.9857888475,1.824137,1.824137,1.824137,0.9857888475,0.9857888475,0.9857888475,0.0,0.0,0.0,0.0,0.0,1.824137,1.824137,1.824137,1.824137,1.824137,0.0,0.0,0.0,0.0,0.0,0.9857888475,0.9857888475,0.9857888475,0.9857888475,0.9857888475
0x6bc790fa6c4bb273f6adfb7ec0c7660e70d48e8e,2,2024-10-30,2024-11-15,16,2,-2.83,2.833332,0.0016659999999999453,0.0016659999999999453,0.0033319999999998906,-2.3489,1.07666616,-0.63611692,-0.63611692,-1.27223384,0.0033319999999998,2.833332,0.0033319999999998,-1.27223384,1.07666616,-1.27223384,-2.83,2.833332,0.0016659999999999453,0.0033319999999998906,0.0033319999999998,0.0,0.0,0.0,0.0,0.0,-2.3489,1.07666616,-0.63611692,-1.27223384,-1.27223384,0.0,0.0,0.0,0.0,0.0
0xf00f9ed997b64932765f170be1ce8bd35df8ea1e,1,2024-11-23,2024-11-23,0,1,3.0612,3.0612,3.0612,3.0612,3.0612,2.9984454,2.9984454,2.9984454,2.9984454,2.9984454,3.0612,3.0612,3.0612,2.9984454,2.9984454,2.9984454,0.0,0.0,0.0,0.0,0.0,3.0612,3.0612,3.0612,3.0612,3.0612,0.0,0.0,0.0,0.0,0.0,2.9984454,2.9984454,2.9984454,2.9984454,2.9984454
0x81f44533bc1a7bf4f6472fd3ad8099bbd7e7e80e,1,2024-11-15,2024-11-15,0,1,17.441859,17.441859,17.441859,17.441859,17.441859,14.47674297,14.47674297,14.47674297,14.47674297,14.47674297,17.441859,17.441859,17.441859,14.47674297,14.47674297,14.47674297,17.441859,17.441859,17.441859,17.441859,17.441859,0.0,0.0,0.0,0.0,0.0,14.47674297,14.47674297,14.47674297,14.47674297,14.47674297,0.0,0.0,0.0,0.0,0.0
0xcc7acceed7b804b248005b5668db20cb2016d53d,1,2025-11-09,2025-11-09,0,1,2.173912,2.173912,2.173912,2.173912,2.173912,1.97825992,1.97825992,1.97825992,1.97825992,1.97825992,2.173912,2.173912,2.173912,1.97825992,1.97825992,1.97825992,2.173912,2.173912,2.173912,2.173912,2.173912,0.0,0.0,0.0,0.0,0.0,1.97825992,1.97825992,1.97825992,1.97825992,1.97825992,0.0,0.0,0.0,0.0,0.0
0x3c007679e5c8742429dbc58282d0307e4f210788,1,2025-10-14,2025-10-14,0,4,-104.35,-104.35,-104.35,-104.35,-104.35,-96.56725000000002,-96.56725000000002,-96.56725000000002,-96.56725000000002,-96.56725000000002,-104.35,-104.35,-104.35,-96.56725000000002,-96.56725000000002,-96.56725000000002,-84.35,-84.35,-84.35,-84.35,-84.35,-20.0,-20.0,-20.0,-20.0,-20.0,-78.16725000000001,-78.16725000000001,-78.16725000000001,-78.16725000000001,-78.16725000000001,-18.4,-18.4,-18.4,-18.4,-18.4
0x4771bcffcdd3d1e1831cde2d016ebf4090f6bc47,2,2024-11-09,2024-11-30,21,2,-455.39,285.39,-85.0,-85.0,-170.0,-447.876065,92.75175,-177.56215749999998,-177.56215749999998,-355.12431499999997,-170.0,285.39,-170.0,-355.12431499999997,92.75175,-355.12431499999997,0.0,0.0,0.0,0.0,0.0,-455.39,285.39,-85.0,-170.0,-170.0,0.0,0.0,0.0,0.0,0.0,-447.876065,92.75175,-177.56215749999998,-355.12431499999997,-355.12431499999997
0x8a63b20e2464a14f20c2638cff4b097bd3d95383,1,2024-11-25,2024-11-25,0,1,1.235827,1.235827,1.235827,1.235827,1.235827,1.097414376,1.097414376,1.097414376,1.097414376,1.097414376,1.235827,1.235827,1.235827,1.097414376,1.097414376,1.097414376,0.0,0.0,0.0,0.0,0.0,1.235827,1.235827,1.235827,1.235827,1.235827,0.0,0.0,0.0,0.0,0.0,1.097414376,1.097414376,1.097414376,1.097414376,1.097414376
0x1e923ec32c4ff949e24dca20daabd65e005532fb,2,2024-10-30,2024-11-24,25,2,-0.15,0.15625,0.0031250000000000028,0.0031250000000000028,0.0062500000000000056,-0.12405,0.096875,-0.013587499999999995,-0.013587499999999995,-0.02717499999999999,0.00625,0.15625,0.00625,-0.0271749999999999,0.096875,-0.0271749999999999,0.0,0.0,0.0,0.0,0.0,-0.15,0.15625,0.0031250000000000028,0.0062500000000000056,0.00625,0.0,0.0,0.0,0.0,0.0,-0.12405,0.096875,-0.013587499999999995,-0.02717499999999999,-0.0271749999999999
0x916e404312d00ae816b023e1dcbaef17a06f498b,2,2024-10-30,2024-11-24,25,2,-1.32,1.328125,0.004062499999999969,0.004062499999999969,0.008124999999999938,-1.09164,0.8234375,-0.13410124999999995,-0.13410124999999995,-0.2682024999999999,0.0081249999999999,1.328125,0.0081249999999999,-0.2682024999999999,0.8234375,-0.2682024999999999,0.0,0.0,0.0,0.0,0.0,-1.32,1.328125,0.004062499999999969,0.008124999999999938,0.0081249999999999,0.0,0.0,0.0,0.0,0.0,-1.09164,0.8234375,-0.13410124999999995,-0.2682024999999999,-0.2682024999999999
0xd42db1631a811d64037f661d372b706473a228a2,1,2024-10-27,2024-10-27,0,1,0.0038229999999999,0.0038229999999999,0.0038229999999999,0.0038229999999999,0.0038229999999999,0.0037140444999999,0.0037140444999999,0.0037140444999999,0.0037140444999999,0.0037140444999999,0.0038229999999999,0.0038229999999999,0.0038229999999999,0.0037140444999999,0.0037140444999999,0.0037140444999999,0.0038229999999999,0.0038229999999999,0.0038229999999999,0.0038229999999999,0.0038229999999999,0.0,0.0,0.0,0.0,0.0,0.0037140444999999,0.0037140444999999,0.0037140444999999,0.0037140444999999,0.0037140444999999,0.0,0.0,0.0,0.0,0.0
0xf4cce65be12895ea0451b20f1e099f317cf7f474,1,2024-10-30,2024-10-30,0,1,0.025,0.025,0.025,0.025,0.025,0.0095,0.0095,0.0095,0.0095,0.0095,0.025,0.025,0.025,0.0095,0.0095,0.0095,0.025,0.025,0.025,0.025,0.025,0.0,0.0,0.0,0.0,0.0,0.0095,0.0095,0.0095,0.0095,0.0095,0.0,0.0,0.0,0.0,0.0
0x776251a27da9611e0ad012a493dff5e814aa9723,1,2024-10-23,2024-10-23,0,1,0.002248,0.002248,0.002248,0.002248,0.002248,0.002183932,0.002183932,0.002183932,0.002183932,0.002183932,0.002248,0.002248,0.002248,0.002183932,0.002183932,0.002183932,0.002248,0.002248,0.002248,0.002248,0.002248,0.0,0.0,0.0,0.0,0.0,0.002183932,0.002183932,0.002183932,0.002183932,0.002183932,0.0,0.0,0.0,0.0,0.0
0x1385b0333620a555ba91942afd757e3c46ad4204,1,2024-06-08,2024-06-08,0,1,120.0,120.0,120.0,120.0,120.0,1.5599999999999998,1.5599999999999998,1.5599999999999998,1.5599999999999998,1.5599999999999998,120.0,120.0,120.0,1.5599999999999998,1.5599999999999998,1.5599999999999998,120.0,120.0,120.0,120.0,120.0,0.0,0.0,0.0,0.0,0.0,1.5599999999999998,1.5599999999999998,1.5599999999999998,1.5599999999999998,1.5599999999999998,0.0,0.0,0.0,0.0,0.0
0x7e3b1a6b96201ebef98d6040d58d55c035c6c78b,1,2024-11-21,2024-11-21,0,1,2.0408,2.0408,2.0408,2.0408,2.0408,1.0948892,1.0948892,1.0948892,1.0948892,1.0948892,2.0408,2.0408,2.0408,1.0948892,1.0948892,1.0948892,0.0,0.0,0.0,0.0,0.0,2.0408,2.0408,2.0408,2.0408,2.0408,0.0,0.0,0.0,0.0,0.0,1.0948892,1.0948892,1.0948892,1.0948892,1.0948892
0xd76780c3e31d0d2e46cef5297d5542d9b6bf50be,1,2024-12-02,2024-12-02,0,1,17.0,17.0,17.0,17.0,17.0,5.003500000000001,5.003500000000001,5.003500000000001,5.003500000000001,5.003500000000001,17.0,17.0,17.0,5.003500000000001,5.003500000000001,5.003500000000001,12.0,12.0,12.0,12.0,12.0,5.0,5.0,5.0,5.0,5.0,0.006,0.006,0.006,0.006,0.006,4.9975000000000005,4.9975000000000005,4.9975000000000005,4.9975000000000005,4.9975000000000005
0xbae0e0453264bea0d8767d2a5907b6a692205cd6,2,2025-11-16,2025-11-19,3,3,3.75,7.879759999999999,5.81488,5.81488,11.62976,1.29375,4.702775375,2.9982626875,2.9982626875,5.996525375,11.62976,11.62976,7.879759999999999,5.996525375,5.996525375,4.702775375,0.0,5.016125,2.5080625,5.016125,5.016125,2.863635,3.75,3.3068175,6.613635,6.613635,0.0,2.984594375,1.4922971875,2.984594375,2.984594375,1.29375,1.718181,1.5059654999999998,3.0119309999999997,3.0119309999999997
0xcfc8ce1c9fcfaa3d03e382fdd29539ac2e7b5b76,1,2025-11-05,2025-11-05,0,1,5.0,5.0,5.0,5.0,5.0,3.375,3.375,3.375,3.375,3.375,5.0,5.0,5.0,3.375,3.375,3.375,5.0,5.0,5.0,5.0,5.0,0.0,0.0,0.0,0.0,0.0,3.375,3.375,3.375,3.375,3.375,0.0,0.0,0.0,0.0,0.0
0xb02fbd0feb8cf9e5dcf92b9794f9170d04b618c8,1,2024-11-01,2024-11-01,0,1,0.016392,0.016392,0.016392,0.016392,0.016392,0.0098352,0.0098352,0.0098352,0.0098352,0.0098352,0.016392,0.016392,0.016392,0.0098352,0.0098352,0.0098352,0.0,0.0,0.0,0.0,0.0,0.016392,0.016392,0.016392,0.016392,0.016392,0.0,0.0,0.0,0.0,0.0,0.0098352,0.0098352,0.0098352,0.0098352,0.0098352
0xffa8633c8013160001608a8c2ff89b178f7b4fc2,1,2024-10-07,2024-10-07,0,1,0.0088509999999999,0.0088509999999999,0.0088509999999999,0.0088509999999999,0.0088509999999999,0.0085810444999999,0.0085810444999999,0.0085810444999999,0.0085810444999999,0.0085810444999999,0.0088509999999999,0.0088509999999999,0.0088509999999999,0.0085810444999999,0.0085810444999999,0.0085810444999999,0.0088509999999999,0.0088509999999999,0.0088509999999999,0.0088509999999999,0.0088509999999999,0.0,0.0,0.0,0.0,0.0,0.0085810444999999,0.0085810444999999,0.0085810444999999,0.0085810444999999,0.0085810444999999,0.0,0.0,0.0,0.0,0.0
0xd3fa028989b4beffc9198e48d658e7820fa6b643,1,2024-11-28,2024-11-28,0,1,0.336368,0.336368,0.336368,0.336368,0.336368,0.326949696,0.326949696,0.326949696,0.326949696,0.326949696,0.336368,0.336368,0.336368,0.326949696,0.326949696,0.326949696,0.0,0.0,0.0,0.0,0.0,0.336368,0.336368,0.336368,0.336368,0.336368,0.0,0.0,0.0,0.0,0.0,0.326949696,0.326949696,0.326949696,0.326949696,0.326949696
0xd2a11294b1ee99d2cb369f6cc2d603fc6ed108c3,1,2024-10-18,2024-10-18,0,1,0.0012499999999999,0.0012499999999999,0.0012499999999999,0.0012499999999999,0.0012499999999999,0.0012431249999999,0.0012431249999999,0.0012431249999999,0.0012431249999999,0.0012431249999999,0.0012499999999999,0.0012499999999999,0.0012499999999999,0.0012431249999999,0.0012431249999999,0.0012431249999999,0.0,0.0,0.0,0.0,0.0,0.0012499999999999,0.0012499999999999,0.0012499999999999,0.0012499999999999,0.0012499999999999,0.0,0.0,0.0,0.0,0.0,0.0012431249999999,0.0012431249999999,0.0012431249999999,0.0012431249999999,0.0012431249999999
0xd975ed1e020a908f7192004e6989c49a9f26c6d6,1,2024-11-08,2024-11-08,0,1,35.01,35.01,35.01,35.01,35.01,31.68405,31.68405,31.68405,31.68405,31.68405,35.01,35.01,35.01,31.68405,31.68405,31.68405,35.01,35.01,35.01,35.01,35.01,0.0,0.0,0.0,0.0,0.0,31.68405,31.68405,31.68405,31.68405,31.68405,0.0,0.0,0.0,0.0,0.0
0x8dd2726bf60f007ab69a868ad6521fd6a49e000d,1,2024-10-29,2024-10-29,0,1,0.0067329999999999,0.0067329999999999,0.0067329999999999,0.0067329999999999,0.0067329999999999,0.0065680414999999,0.0065680414999999,0.0065680414999999,0.0065680414999999,0.0065680414999999,0.0067329999999999,0.0067329999999999,0.0067329999999999,0.0065680414999999,0.0065680414999999,0.0065680414999999,0.0,0.0,0.0,0.0,0.0,0.0067329999999999,0.0067329999999999,0.0067329999999999,0.0067329999999999,0.0067329999999999,0.0,0.0,0.0,0.0,0.0,0.0065680414999999,0.0065680414999999,0.0065680414999999,0.0065680414999999,0.0065680414999999
0x755d29a2e6b543d9463aca57d4d47f50c60b6acc,3,2025-10-23,2025-11-07,15,4,-10.0,15.0,0.0,-5.0,0.0,-9.35,13.925,2.9605947323337506e-16,-4.575,8.881784197001252e-16,0.0,15.0,0.0,-8.881784197001252e-16,13.925,-8.881784197001252e-16,-10.0,15.0,0.0,0.0,0.0,0.0,0.0,0.0,0.0,0.0,-9.35,13.925,2.9605947323337506e-16,8.881784197001252e-16,-8.881784197001252e-16,0.0,0.0,0.0,0.0,0.0
0xc84e22d8a3931fb2f4f4702fdb3f456b340942f0,2,2024-09-23,2024-09-27,4,2,-0.67,0.678769,0.004384499999999958,0.004384499999999958,0.008768999999999916,-0.655595,0.6611210059999999,0.0027630029999999306,0.0027630029999999306,0.005526005999999861,0.0087689999999999,0.678769,0.0087689999999999,0.0055260059999998,0.6611210059999999,0.0055260059999998,0.0,0.0,0.0,0.0,0.0,-0.67,0.678769,0.004384499999999958,0.008768999999999916,0.0087689999999999,0.0,0.0,0.0,0.0,0.0,-0.655595,0.6611210059999999,0.0027630029999999306,0.005526005999999861,0.0055260059999998
0x6af75d4e4aaf700450efbac3708cce1665810ff1,1,2024-06-07,2024-06-07,0,1,432.0,432.0,432.0,432.0,432.0,414.504,414.504,414.504,414.504,414.504,432.0,432.0,432.0,414.504,414.504,414.504,432.0,432.0,432.0,432.0,432.0,0.0,0.0,0.0,0.0,0.0,414.504,414.504,414.504,414.504,414.504,0.0,0.0,0.0,0.0,0.0
0xc3b60394d186166c1b1b7d56330dc9308723703c,1,2024-11-28,2024-11-28,0,1,8.056393,8.056393,8.056393,8.056393,8.056393,7.830813996,7.830813996,7.830813996,7.830813996,7.830813996,8.056393,8.056393,8.056393,7.830813996,7.830813996,7.830813996,0.0,0.0,0.0,0.0,0.0,8.056393,8.056393,8.056393,8.056393,8.056393,0.0,0.0,0.0,0.0,0.0,7.830813996,7.830813996,7.830813996,7.830813996,7.830813996
0xaaef5f40dc868389e2882c9a3c6327b8e49b46d2,1,2024-11-29,2024-11-29,0,1,5.050504,5.050504,5.050504,5.050504,5.050504,4.946968668,4.946968668,4.946968668,4.946968668,4.946968668,5.050504,5.050504,5.050504,4.946968668,4.946968668,4.946968668,0.0,0.0,0.0,0.0,0.0,5.050504,5.050504,5.050504,5.050504,5.050504,0.0,0.0,0.0,0.0,0.0,4.946968668,4.946968668,4.946968668,4.946968668,4.946968668
0x8f9c5388d7294e2da6ca448160953837083f0c97,1,2025-10-17,2025-10-17,0,1,1.123594,1.123594,1.123594,1.123594,1.123594,0.99438069,0.99438069,0.99438069,0.99438069,0.99438069,1.123594,1.123594,1.123594,0.99438069,0.99438069,0.99438069,1.123594,1.123594,1.123594,1.123594,1.123594,0.0,0.0,0.0,0.0,0.0,0.99438069,0.99438069,0.99438069,0.99438069,0.99438069,0.0,0.0,0.0,0.0,0.0
0x8a6510fb63cad25d7043b9e0cb2159176b4425ad,1,2025-11-14,2025-11-14,0,1,100.0,100.0,100.0,100.0,100.0,67.0,67.0,67.0,67.0,67.0,100.0,100.0,100.0,67.0,67.0,67.0,100.0,100.0,100.0,100.0,100.0,0.0,0.0,0.0,0.0,0.0,67.0,67.0,67.0,67.0,67.0,0.0,0.0,0.0,0.0,0.0
0xc613e6707bd115e5c04d303d944568232697662b,1,2024-11-02,2024-11-02,0,1,-418.39,-418.39,-418.39,-418.39,-418.39,-3.1379249999999996,-3.1379249999999996,-3.1379249999999996,-3.1379249999999996,-3.1379249999999996,-418.39,-418.39,-418.39,-3.1379249999999996,-3.1379249999999996,-3.1379249999999996,-418.39,-418.39,-418.39,-418.39,-418.39,0.0,0.0,0.0,0.0,0.0,-3.1379249999999996,-3.1379249999999996,-3.1379249999999996,-3.1379249999999996,-3.1379249999999996,0.0,0.0,0.0,0.0,0.0
0xb19a74a3695d9d54f323502bd1c859a4f92f3672,1,2024-11-11,2024-11-11,0,1,12.658226,12.658226,12.658226,12.658226,12.658226,9.74683402,9.74683402,9.74683402,9.74683402,9.74683402,12.658226,12.658226,12.658226,9.74683402,9.74683402,9.74683402,12.658226,12.658226,12.658226,12.658226,12.658226,0.0,0.0,0.0,0.0,0.0,9.74683402,9.74683402,9.74683402,9.74683402,9.74683402,0.0,0.0,0.0,0.0,0.0
0x51f8a54ccaa9e53f6ff7e862e092562822f48658,1,2024-11-29,2024-11-29,0,1,6.060605,6.060605,6.060605,6.060605,6.060605,5.9363625975,5.9363625975,5.9363625975,5.9363625975,5.9363625975,6.060605,6.060605,6.060605,5.9363625975,5.9363625975,5.9363625975,0.0,0.0,0.0,0.0,0.0,6.060605,6.060605,6.060605,6.060605,6.060605,0.0,0.0,0.0,0.0,0.0,5.9363625975,5.9363625975,5.9363625975,5.9363625975,5.9363625975
0xd5b11cb790d3bc75319ccb0f9cbd10ba47931f2e,1,2024-10-30,2024-10-30,0,1,0.28205,0.28205,0.28205,0.28205,0.28205,0.107179,0.107179,0.107179,0.107179,0.107179,0.28205,0.28205,0.28205,0.107179,0.107179,0.107179,0.28205,0.28205,0.28205,0.28205,0.28205,0.0,0.0,0.0,0.0,0.0,0.107179,0.107179,0.107179,0.107179,0.107179,0.0,0.0,0.0,0.0,0.0
0x13e3160110485f902ecb15c10d7b864e5515582c,1,2024-10-05,2024-10-05,0,1,0.0038,0.0038,0.0038,0.0038,0.0038,0.0037772,0.0037772,0.0037772,0.0037772,0.0037772,0.0038,0.0038,0.0038,0.0037772,0.0037772,0.0037772,0.0,0.0,0.0,0.0,0.0,0.0038,0.0038,0.0038,0.0038,0.0038,0.0,0.0,0.0,0.0,0.0,0.0037772,0.0037772,0.0037772,0.0037772,0.0037772
0x5c697e956ae83ace6535349ddf64c6487aad9695,1,2024-11-10,2024-11-10,0,1,71.63,71.63,71.63,71.63,71.63,19.3401,19.3401,19.3401,19.3401,19.3401,71.63,71.63,71.63,19.3401,19.3401,19.3401,0.0,0.0,0.0,0.0,0.0,71.63,71.63,71.63,71.63,71.63,0.0,0.0,0.0,0.0,0.0,19.3401,19.3401,19.3401,19.3401,19.3401
0xad773fe12fcacdc684da3c2f96b35fbaa10cbfd6,1,2024-12-02,2024-12-02,0,1,29.20443,29.20443,29.20443,29.20443,29.20443,29.189827785,29.189827785,29.189827785,29.189827785,29.189827785,29.20443,29.20443,29.20443,29.189827785,29.189827785,29.189827785,0.0,0.0,0.0,0.0,0.0,29.20443,29.20443,29.20443,29.20443,29.20443,0.0,0.0,0.0,0.0,0.0,29.189827785,29.189827785,29.189827785,29.189827785,29.189827785
0xbb662090bc51f1ddb38aa202509d01bda66abdcc,1,2024-06-08,2024-06-08,0,1,0.004000000000019,0.004000000000019,0.004000000000019,0.004000000000019,0.004000000000019,0.0039940000000189,0.0039940000000189,0.0039940000000189,0.0039940000000189,0.0039940000000189,0.004000000000019,0.004000000000019,0.004000000000019,0.0039940000000189,0.0039940000000189,0.0039940000000189,0.0,0.0,0.0,0.0,0.0,0.004000000000019,0.004000000000019,0.004000000000019,0.004000000000019,0.004000000000019,0.0,0.0,0.0,0.0,0.0,0.0039940000000189,0.0039940000000189,0.0039940000000189,0.0039940000000189,0.0039940000000189
0x340a0af069cf54ed26d8bde006752b5d1452bbb9,1,2024-11-14,2024-11-14,0,1,4.5977,4.5977,4.5977,4.5977,4.5977,3.839079499999999,3.839079499999999,3.839079499999999,3.839079499999999,3.839079499999999,4.5977,4.5977,4.5977,3.839079499999999,3.839079499999999,3.839079499999999,4.5977,4.5977,4.5977,4.5977,4.5977,0.0,0.0,0.0,0.0,0.0,3.839079499999999,3.839079499999999,3.839079499999999,3.839079499999999,3.839079499999999,0.0,0.0,0.0,0.0,0.0
0xef8e6598012cb2b9333c8d2bf8af12c800dd685e,1,2024-06-11,2024-06-11,0,1,700.0,700.0,700.0,700.0,700.0,1.05,1.05,1.05,1.05,1.05,700.0,700.0,700.0,1.05,1.05,1.05,700.0,700.0,700.0,700.0,700.0,0.0,0.0,0.0,0.0,0.0,1.05,1.05,1.05,1.05,1.05,0.0,0.0,0.0,0.0,0.0
0x03988c52391682985817b32af71cd21035471ed4,1,2024-10-30,2024-10-30,0,1,2.564101,2.564101,2.564101,2.564101,2.564101,0.97435838,0.97435838,0.97435838,0.97435838,0.97435838,2.564101,2.564101,2.564101,0.97435838,0.97435838,0.97435838,2.564101,2.564101,2.564101,2.564101,2.564101,0.0,0.0,0.0,0.0,0.0,0.97435838,0.97435838,0.97435838,0.97435838,0.97435838,0.0,0.0,0.0,0.0,0.0
0xafd7efd265db601d87ae8c209e98df4c41abbf4e,1,2025-11-05,2025-11-05,0,1,90.0,90.0,90.0,90.0,90.0,82.8,82.8,82.8,82.8,82.8,90.0,90.0,90.0,82.8,82.8,82.8,90.0,90.0,90.0,90.0,90.0,0.0,0.0,0.0,0.0,0.0,82.8,82.8,82.8,82.8,82.8,0.0,0.0,0.0,0.0,0.0
0x4624a45d29d5301e3d31968a33460cc9fdcd9659,1,2024-06-09,2024-06-09,0,1,10.309266,10.309266,10.309266,10.309266,10.309266,10.046379717,10.046379717,10.046379717,10.046379717,10.046379717,10.309266,10.309266,10.309266,10.046379717,10.046379717,10.046379717,10.309266,10.309266,10.309266,10.309266,10.309266,0.0,0.0,0.0,0.0,0.0,10.046379717,10.046379717,10.046379717,10.046379717,10.046379717,0.0,0.0,0.0,0.0,0.0
0x15ded0f20c3e207ca4a577717b4f5893afc9722b,2,2024-11-23,2024-11-30,7,2,6.042355,13.261976,9.6521655,9.6521655,19.304331,5.9426561425,12.990105492,9.46638081725,9.46638081725,18.9327616345,19.304331,19.304331,13.261976,18.9327616345,18.9327616345,12.990105492,0.0,0.0,0.0,0.0,0.0,6.042355,13.261976,9.6521655,19.304331,19.304331,0.0,0.0,0.0,0.0,0.0,5.9426561425,12.990105492,9.46638081725,18.9327616345,18.9327616345
0x386c545fab8137cf3d0af67a2068982b10970d62,1,2024-11-23,2024-11-23,0,1,11.590213,11.590213,11.590213,11.590213,11.590213,11.3526136335,11.3526136335,11.3526136335,11.3526136335,11.3526136335,11.590213,11.590213,11.590213,11.3526136335,11.3526136335,11.3526136335,0.0,0.0,0.0,0.0,0.0,11.590213,11.590213,11.590213,11.590213,11.590213,0.0,0.0,0.0,0.0,0.0,11.3526136335,11.3526136335,11.3526136335,11.3526136335,11.3526136335
0xe397c71d2df0077185141744428550c6dab5f82b,1,2024-11-03,2024-11-03,0,1,0.0058189999999997,0.0058189999999997,0.0058189999999997,0.0058189999999997,0.0058189999999997,0.0039278249999997,0.0039278249999997,0.0039278249999997,0.0039278249999997,0.0039278249999997,0.0058189999999997,0.0058189999999997,0.0058189999999997,0.0039278249999997,0.0039278249999997,0.0039278249999997,0.0,0.0,0.0,0.0,0.0,0.0058189999999997,0.0058189999999997,0.0058189999999997,0.0058189999999997,0.0058189999999997,0.0,0.0,0.0,0.0,0.0,0.0039278249999997,0.0039278249999997,0.0039278249999997,0.0039278249999997,0.0039278249999997
0x8aa317d64e2e899704d76e84a55f876760cdf3f5,1,2024-11-23,2024-11-23,0,1,7.142856,7.142856,7.142856,7.142856,7.142856,6.996427452000001,6.996427452000001,6.996427452000001,6.996427452000001,6.996427452000001,7.142856,7.142856,7.142856,6.996427452000001,6.996427452000001,6.996427452000001,0.0,0.0,0.0,0.0,0.0,7.142856,7.142856,7.142856,7.142856,7.142856,0.0,0.0,0.0,0.0,0.0,6.996427452000001,6.996427452000001,6.996427452000001,6.996427452000001,6.996427452000001
0x01a42acba60b2c549f83c75260c6a5ba65a2e1c9,1,2024-06-11,2024-06-11,0,1,150.0,150.0,150.0,150.0,150.0,0.225,0.225,0.225,0.225,0.225,150.0,150.0,150.0,0.225,0.225,0.225,150.0,150.0,150.0,150.0,150.0,0.0,0.0,0.0,0.0,0.0,0.225,0.225,0.225,0.225,0.225,0.0,0.0,0.0,0.0,0.0
0x728577a3aa2537fcbbdc377384ab52d393b21784,1,2024-11-23,2024-11-23,0,1,5.102039,5.102039,5.102039,5.102039,5.102039,4.997447200500001,4.997447200500001,4.997447200500001,4.997447200500001,4.997447200500001,5.102039,5.102039,5.102039,4.997447200500001,4.997447200500001,4.997447200500001,0.0,0.0,0.0,0.0,0.0,5.102039,5.102039,5.102039,5.102039,5.102039,0.0,0.0,0.0,0.0,0.0,4.997447200500001,4.997447200500001,4.997447200500001,4.997447200500001,4.997447200500001
0xf818ecd9214f45b8923c5f48bcf518e49a8491c2,1,2024-11-29,2024-11-29,0,1,8.080807,8.080807,8.080807,8.080807,8.080807,7.9151504565,7.9151504565,7.9151504565,7.9151504565,7.9151504565,8.080807,8.080807,8.080807,7.9151504565,7.9151504565,7.9151504565,0.0,0.0,0.0,0.0,0.0,8.080807,8.080807,8.080807,8.080807,8.080807,0.0,0.0,0.0,0.0,0.0,7.9151504565,7.9151504565,7.9151504565,7.9151504565,7.9151504565
0x762f1c855e117e2ea4aaf4628e716896ac883abd,1,2024-11-15,2024-11-15,0,1,0.25,0.25,0.25,0.25,0.25,0.0425,0.0425,0.0425,0.0425,0.0425,0.25,0.25,0.25,0.0425,0.0425,0.0425,0.0,0.0,0.0,0.0,0.0,0.25,0.25,0.25,0.25,0.25,0.0,0.0,0.0,0.0,0.0,0.0425,0.0425,0.0425,0.0425,0.0425
0xcd25f9323643c533928f5a98bd43d752e154dac8,1,2024-10-05,2024-10-05,0,1,0.0043999999999999,0.0043999999999999,0.0043999999999999,0.0043999999999999,0.0043999999999999,0.0043735999999999,0.0043735999999999,0.0043735999999999,0.0043735999999999,0.0043735999999999,0.0043999999999999,0.0043999999999999,0.0043999999999999,0.0043735999999999,0.0043735999999999,0.0043735999999999,0.0,0.0,0.0,0.0,0.0,0.0043999999999999,0.0043999999999999,0.0043999999999999,0.0043999999999999,0.0043999999999999,0.0,0.0,0.0,0.0,0.0,0.0043735999999999,0.0043735999999999,0.0043735999999999,0.0043735999999999,0.0043735999999999
0xdfdc39d3d541633d0c05e73c67bf5317364fd62f,1,2024-06-10,2024-06-10,0,1,10.869562,10.869562,10.869562,10.869562,10.869562,10.16304047,10.16304047,10.16304047,10.16304047,10.16304047,10.869562,10.869562,10.869562,10.16304047,10.16304047,10.16304047,10.869562,10.869562,10.869562,10.869562,10.869562,0.0,0.0,0.0,0.0,0.0,10.16304047,10.16304047,10.16304047,10.16304047,10.16304047,0.0,0.0,0.0,0.0,0.0
0xf191c8d46cf1f589998b8dce20f563056beb1346,1,2024-10-04,2024-10-04,0,1,0.0045999999999999,0.0045999999999999,0.0045999999999999,0.0045999999999999,0.0045999999999999,0.0045723999999999,0.0045723999999999,0.0045723999999999,0.0045723999999999,0.0045723999999999,0.0045999999999999,0.0045999999999999,0.0045999999999999,0.0045723999999999,0.0045723999999999,0.0045723999999999,0.0,0.0,0.0,0.0,0.0,0.0045999999999999,0.0045999999999999,0.0045999999999999,0.0045999999999999,0.0045999999999999,0.0,0.0,0.0,0.0,0.0,0.0045723999999999,0.0045723999999999,0.0045723999999999,0.0045723999999999,0.0045723999999999
0xec109f3cdae08dfe79eb62ce9afcedfda46d11ea,1,2024-11-01,2024-11-01,0,1,0.655735,0.655735,0.655735,0.655735,0.655735,0.393441,0.393441,0.393441,0.393441,0.393441,0.655735,0.655735,0.655735,0.393441,0.393441,0.393441,0.0,0.0,0.0,0.0,0.0,0.655735,0.655735,0.655735,0.655735,0.655735,0.0,0.0,0.0,0.0,0.0,0.393441,0.393441,0.393441,0.393441,0.393441
0xba9549d199be7ac091a7ed1f0753461a88e55516,1,2025-11-03,2025-11-03,0,1,1.075257,1.075257,1.075257,1.075257,1.075257,0.98923644,0.98923644,0.98923644,0.98923644,0.98923644,1.075257,1.075257,1.075257,0.98923644,0.98923644,0.98923644,0.0,0.0,0.0,0.0,0.0,1.075257,1.075257,1.075257,1.075257,1.075257,0.0,0.0,0.0,0.0,0.0,0.98923644,0.98923644,0.98923644,0.98923644,0.98923644
0x7f20322690dea52da87b58cea173e4058c310d1c,1,2025-11-06,2025-11-06,0,1,1.234563,1.234563,1.234563,1.234563,1.234563,0.956786325,0.956786325,0.956786325,0.956786325,0.956786325,1.234563,1.234563,1.234563,0.956786325,0.956786325,0.956786325,1.234563,1.234563,1.234563,1.234563,1.234563,0.0,0.0,0.0,0.0,0.0,0.956786325,0.956786325,0.956786325,0.956786325,0.956786325,0.0,0.0,0.0,0.0,0.0
0x93b5de84bb1e5976e770aa04a5556c196a7ca174,1,2024-11-16,2024-11-16,0,1,0.279557,0.279557,0.279557,0.279557,0.279557,0.160745275,0.160745275,0.160745275,0.160745275,0.160745275,0.279557,0.279557,0.279557,0.160745275,0.160745275,0.160745275,0.279557,0.279557,0.279557,0.279557,0.279557,0.0,0.0,0.0,0.0,0.0,0.160745275,0.160745275,0.160745275,0.160745275,0.160745275,0.0,0.0,0.0,0.0,0.0
0xdb664c4f028edc000f1498ad2c015a80ebf4a9e5,1,2024-06-07,2024-06-07,0,1,500.0,500.0,500.0,500.0,500.0,1.0,1.0,1.0,1.0,1.0,500.0,500.0,500.0,1.0,1.0,1.0,500.0,500.0,500.0,500.0,500.0,0.0,0.0,0.0,0.0,0.0,1.0,1.0,1.0,1.0,1.0,0.0,0.0,0.0,0.0,0.0
0x7fff797b5873371776235d868c4616875f5f5c34,1,2024-11-05,2024-11-05,0,1,79.25,79.25,79.25,79.25,79.25,21.00125,21.00125,21.00125,21.00125,21.00125,79.25,79.25,79.25,21.00125,21.00125,21.00125,79.25,79.25,79.25,79.25,79.25,0.0,0.0,0.0,0.0,0.0,21.00125,21.00125,21.00125,21.00125,21.00125,0.0,0.0,0.0,0.0,0.0
0x01e8966737b02414370af4e1e31492e5e8403925,2,2024-10-30,2024-11-24,25,2,-0.15,0.158729,0.004364500000000007,0.004364500000000007,0.008729000000000015,-0.12405,0.09841198,-0.012819009999999999,-0.012819009999999999,-0.025638019999999997,0.008729,0.158729,0.008729,-0.0256380199999999,0.09841198,-0.0256380199999999,0.0,0.0,0.0,0.0,0.0,-0.15,0.158729,0.004364500000000007,0.008729000000000015,0.008729,0.0,0.0,0.0,0.0,0.0,-0.12405,0.09841198,-0.012819009999999999,-0.025638019999999997,-0.0256380199999999
0x34cdfe38f327275bbb4786dc9e14a74ac97ffe7d,2,2024-11-02,2024-11-06,4,2,-999.98,968.03,-15.975000000000023,-15.975000000000023,-31.950000000000045,-49.999,580.818,265.4095,265.4095,530.819,-31.950000000000045,968.03,-31.950000000000045,530.819,580.818,530.819,0.0,0.0,0.0,0.0,0.0,-999.98,968.03,-15.975000000000023,-31.950000000000045,-31.950000000000045,0.0,0.0,0.0,0.0,0.0,-49.999,580.818,265.4095,530.819,530.819
0xfcb034faade540c47ad37e582f6e0c762feac865,3,2024-11-02,2024-11-12,10,3,-2800.0,5000.0,914.0333333333334,542.1,2742.1000000000004,-476.00000000000006,1625.0,491.42,325.26,1474.26,2742.1000000000004,5542.1,542.1,1474.26,1950.26,325.26,0.0,0.0,0.0,0.0,0.0,-2800.0,5000.0,914.0333333333334,2742.1000000000004,2742.1000000000004,0.0,0.0,0.0,0.0,0.0,-476.00000000000006,1625.0,491.42,1474.26,1474.26
0x23658ba00916b5751b8a3d6ddd88bd22dc6f4bfb,2,2024-06-09,2024-06-10,1,2,122.0,784.53,453.265,453.265,906.53,111.63,733.5355500000001,422.582775,422.582775,845.16555,906.53,906.53,122.0,845.16555,845.16555,111.63,122.0,784.53,453.265,906.53,906.53,0.0,0.0,0.0,0.0,0.0,111.63,733.5355500000001,422.582775,845.16555,845.16555,0.0,0.0,0.0,0.0,0.0
0xecfb830b85c0a24533e19201d784b2217e6900d4,1,2024-06-11,2024-06-11,0,1,0.0012000000000043,0.0012000000000043,0.0012000000000043,0.0012000000000043,0.0012000000000043,0.0011928000000042,0.0011928000000042,0.0011928000000042,0.0011928000000042,0.0011928000000042,0.0012000000000043,0.0012000000000043,0.0012000000000043,0.0011928000000042,0.0011928000000042,0.0011928000000042,0.0012000000000043,0.0012000000000043,0.0012000000000043,0.0012000000000043,0.0012000000000043,0.0,0.0,0.0,0.0,0.0,0.0011928000000042,0.0011928000000042,0.0011928000000042,0.0011928000000042,0.0011928000000042,0.0,0.0,0.0,0.0,0.0
0x2de7269e0a533b17ce0adc61df61bfecfc6ab81a,2,2024-06-12,2024-06-13,1,2,-26.14,26.145832,0.0029159999999990305,0.0029159999999990305,0.005831999999998061,-25.7479,24.969269559999997,-0.38931522000000207,-0.38931522000000207,-0.7786304400000041,0.005831999999998,26.145832,0.005831999999998,-0.7786304400000041,24.969269559999997,-0.7786304400000041,-26.14,26.145832,0.0029159999999990305,0.005831999999998061,0.005831999999998,0.0,0.0,0.0,0.0,0.0,-25.7479,24.969269559999997,-0.38931522000000207,-0.7786304400000041,-0.7786304400000041,0.0,0.0,0.0,0.0,0.0
0x743848257bffb0dd616ae0e8cb98e098f06e57e7,1,2024-09-25,2024-09-25,0,1,0.010217,0.010217,0.010217,0.010217,0.010217,0.0099053815,0.0099053815,0.0099053815,0.0099053815,0.0099053815,0.010217,0.010217,0.010217,0.0099053815,0.0099053815,0.0099053815,0.010217,0.010217,0.010217,0.010217,0.010217,0.0,0.0,0.0,0.0,0.0,0.0099053815,0.0099053815,0.0099053815,0.0099053815,0.0099053815,0.0,0.0,0.0,0.0,0.0
0x0c14188679670b857d6b89f22fdd613291544ed6,1,2024-11-23,2024-11-23,0,1,7.142856,7.142856,7.142856,7.142856,7.142856,6.996427452000001,6.996427452000001,6.996427452000001,6.996427452000001,6.996427452000001,7.142856,7.142856,7.142856,6.996427452000001,6.996427452000001,6.996427452000001,0.0,0.0,0.0,0.0,0.0,7.142856,7.142856,7.142856,7.142856,7.142856,0.0,0.0,0.0,0.0,0.0,6.996427452000001,6.996427452000001,6.996427452000001,6.996427452000001,6.996427452000001
0xff157b4ddfe4d7e7bd55782b35196c2f3e72cc9a,2,2024-10-30,2024-11-24,25,2,-0.41,0.417909,0.0039545,0.0039545,0.007909,-0.33907,0.25910358,-0.03998320999999999,-0.03998320999999999,-0.07996641999999998,0.007909,0.417909,0.007909,-0.0799664199999999,0.25910358,-0.0799664199999999,0.0,0.0,0.0,0.0,0.0,-0.41,0.417909,0.0039545,0.007909,0.007909,0.0,0.0,0.0,0.0,0.0,-0.33907,0.25910358,-0.03998320999999999,-0.07996641999999998,-0.0799664199999999
0x8a47b06b7f309ca18477d84eaf47b87c1b380ff7,1,2025-11-01,2025-11-01,0,1,13.9,13.9,13.9,13.9,13.9,12.4405,12.4405,12.4405,12.4405,12.4405,13.9,13.9,13.9,12.4405,12.4405,12.4405,13.9,13.9,13.9,13.9,13.9,0.0,0.0,0.0,0.0,0.0,12.4405,12.4405,12.4405,12.4405,12.4405,0.0,0.0,0.0,0.0,0.0
0x0466d9ecca4f6440bc3ab09deb8bca5641f9029f,1,2024-10-21,2024-10-21,0,1,0.0013329999999999,0.0013329999999999,0.0013329999999999,0.0013329999999999,0.0013329999999999,0.0013263349999999,0.0013263349999999,0.0013263349999999,0.0013263349999999,0.0013263349999999,0.0013329999999999,0.0013329999999999,0.0013329999999999,0.0013263349999999,0.0013263349999999,0.0013263349999999,0.0,0.0,0.0,0.0,0.0,0.0013329999999999,0.0013329999999999,0.0013329999999999,0.0013329999999999,0.0013329999999999,0.0,0.0,0.0,0.0,0.0,0.0013263349999999,0.0013263349999999,0.0013263349999999,0.0013263349999999,0.0013263349999999
0x21ff397760d3f0ad69065f6445d71c804ab86034,1,2024-12-02,2024-12-02,0,1,31.993956,31.993956,31.993956,31.993956,31.993956,31.977959022000004,31.977959022000004,31.977959022000004,31.977959022000004,31.977959022000004,31.993956,31.993956,31.993956,31.977959022000004,31.977959022000004,31.977959022000004,0.0,0.0,0.0,0.0,0.0,31.993956,31.993956,31.993956,31.993956,31.993956,0.0,0.0,0.0,0.0,0.0,31.977959022000004,31.977959022000004,31.977959022000004,31.977959022000004,31.977959022000004
0xa58d4f278d7953cd38eeb929f7e242bfc7c0b9b8,3,2025-10-14,2025-11-14,31,18,-667.38,7142.35,2151.0,-21.97,6453.0,-378.4983,542.38275,53.85920000000001,-2.30685,161.57760000000002,6453.0,7142.35,6453.0,161.57760000000002,542.38275,161.57760000000002,0.0,2400.0,800.0,2400.0,2400.0,-667.38,4742.35,1351.0000000000002,4053.0000000000005,4053.000000000001,0.0,172.86,57.620000000000005,172.86,172.86,-378.4983,369.52275,-3.7607999999999997,-11.282399999999999,-11.282399999999942
0x72e5e8db0b2a525b4cecaeda152c5b41e59b0a0b,1,2024-06-11,2024-06-11,0,1,0.0023330000000001,0.0023330000000001,0.0023330000000001,0.0023330000000001,0.0023330000000001,0.002181355,0.002181355,0.002181355,0.002181355,0.002181355,0.0023330000000001,0.0023330000000001,0.0023330000000001,0.002181355,0.002181355,0.002181355,0.0023330000000001,0.0023330000000001,0.0023330000000001,0.0023330000000001,0.0023330000000001,0.0,0.0,0.0,0.0,0.0,0.002181355,0.002181355,0.002181355,0.002181355,0.002181355,0.0,0.0,0.0,0.0,0.0
0x1dd1f095200b2d8951343333ccf61121b02a070d,1,2024-11-18,2024-11-18,0,1,8.064515,8.064515,8.064515,8.064515,8.064515,0.927419225,0.927419225,0.927419225,0.927419225,0.927419225,8.064515,8.064515,8.064515,0.927419225,0.927419225,0.927419225,8.064515,8.064515,8.064515,8.064515,8.064515,0.0,0.0,0.0,0.0,0.0,0.927419225,0.927419225,0.927419225,0.927419225,0.927419225,0.0,0.0,0.0,0.0,0.0
0xac5b3384a29f751dd5601b487e7e401a72bdd074,1,2024-11-03,2024-11-03,0,1,0.0011930000000006,0.0011930000000006,0.0011930000000006,0.0011930000000006,0.0011930000000006,0.0008052750000004,0.0008052750000004,0.0008052750000004,0.0008052750000004,0.0008052750000004,0.0011930000000006,0.0011930000000006,0.0011930000000006,0.0008052750000004,0.0008052750000004,0.0008052750000004,0.0,0.0,0.0,0.0,0.0,0.0011930000000006,0.0011930000000006,0.0011930000000006,0.0011930000000006,0.0011930000000006,0.0,0.0,0.0,0.0,0.0,0.0008052750000004,0.0008052750000004,0.0008052750000004,0.0008052750000004,0.0008052750000004
0x2b97dd3de67a2662aa03a1ffc6446fe0646e5a5e,1,2024-11-06,2024-11-06,0,2,1291.47,1291.47,1291.47,1291.47,1291.47,1280.244715,1280.244715,1280.244715,1280.244715,1280.244715,1291.47,1291.47,1291.47,1280.244715,1280.244715,1280.244715,130.46,130.46,130.46,130.46,130.46,1161.01,1161.01,1161.01,1161.01,1161.01,130.26431000000002,130.26431000000002,130.26431000000002,130.26431000000002,130.26431000000002,1149.980405,1149.980405,1149.980405,1149.980405,1149.980405
0x1ed9194f70cfd1010dc5b9ed920eea37e20d2f7c,1,2024-11-18,2024-11-18,0,1,1.870965,1.870965,1.870965,1.870965,1.870965,0.215160975,0.215160975,0.215160975,0.215160975,0.215160975,1.870965,1.870965,1.870965,0.215160975,0.215160975,0.215160975,1.870965,1.870965,1.870965,1.870965,1.870965,0.0,0.0,0.0,0.0,0.0,0.215160975,0.215160975,0.215160975,0.215160975,0.215160975,0.0,0.0,0.0,0.0,0.0
0x96b59f71f635da5da031e3e93448c54fe226f5e7,2,2024-10-02,2024-11-09,38,2,-100.0,-0.75,-50.375,-50.375,-100.75,-67.5,-0.0045,-33.75225,-33.75225,-67.5045,-100.75,-0.75,-100.75,-67.5045,-0.0045,-67.5045,-100.0,-0.75,-50.375,-100.75,-100.75,0.0,0.0,0.0,0.0,0.0,-67.5,-0.0045,-33.75225,-67.5045,-67.5045,0.0,0.0,0.0,0.0,0.0
0xdd97e44148296c83f389b3fc3117cae348d5306e,1,2024-10-31,2024-10-31,0,1,0.00672,0.00672,0.00672,0.00672,0.00672,0.0040656,0.0040656,0.0040656,0.0040656,0.0040656,0.00672,0.00672,0.00672,0.0040656,0.0040656,0.0040656,0.0,0.0,0.0,0.0,0.0,0.00672,0.00672,0.00672,0.00672,0.00672,0.0,0.0,0.0,0.0,0.0,0.0040656,0.0040656,0.0040656,0.0040656,0.0040656
0x7bd27d0d62ddbd7bc169b12bf76abb7a6c249125,1,2024-10-26,2024-10-26,0,1,0.0041809999999999,0.0041809999999999,0.0041809999999999,0.0041809999999999,0.0041809999999999,0.0040994704999999,0.0040994704999999,0.0040994704999999,0.0040994704999999,0.0040994704999999,0.0041809999999999,0.0041809999999999,0.0041809999999999,0.0040994704999999,0.0040994704999999,0.0040994704999999,0.0,0.0,0.0,0.0,0.0,0.0041809999999999,0.0041809999999999,0.0041809999999999,0.0041809999999999,0.0041809999999999,0.0,0.0,0.0,0.0,0.0,0.0040994704999999,0.0040994704999999,0.0040994704999999,0.0040994704999999,0.0040994704999999
0xa2f1fecf1cc7db65a46588f764b6691533052d22,1,2024-06-19,2024-06-19,0,1,356.0,356.0,356.0,356.0,356.0,0.178,0.178,0.178,0.178,0.178,356.0,356.0,356.0,0.178,0.178,0.178,356.0,356.0,356.0,356.0,356.0,0.0,0.0,0.0,0.0,0.0,0.178,0.178,0.178,0.178,0.178,0.0,0.0,0.0,0.0,0.0
0x710b4fb83c15f78a716162e3c41aae5e585e7745,1,2024-06-18,2024-06-18,0,1,1.0101,1.0101,1.0101,1.0101,1.0101,0.9979788,0.9979788,0.9979788,0.9979788,0.9979788,1.0101,1.0101,1.0101,0.9979788,0.9979788,0.9979788,1.0101,1.0101,1.0101,1.0101,1.0101,0.0,0.0,0.0,0.0,0.0,0.9979788,0.9979788,0.9979788,0.9979788,0.9979788,0.0,0.0,0.0,0.0,0.0
0x160c354a85656f1f7fa8c5711371f5176096183a,1,2024-11-23,2024-11-23,0,1,6.122447,6.122447,6.122447,6.122447,6.122447,5.996936836500001,5.996936836500001,5.996936836500001,5.996936836500001,5.996936836500001,6.122447,6.122447,6.122447,5.996936836500001,5.996936836500001,5.996936836500001,0.0,0.0,0.0,0.0,0.0,6.122447,6.122447,6.122447,6.122447,6.122447,0.0,0.0,0.0,0.0,0.0,5.996936836500001,5.996936836500001,5.996936836500001,5.996936836500001,5.996936836500001
0x79d251b9505a2b707b21bbe4e1417ba495ba61ce,3,2025-11-07,2025-11-17,10,3,20.0,55.555554,34.84702,28.985506,104.54106,7.7,19.99999914,15.622221756666667,19.16666613,46.86666527,104.54106,104.54106,28.985506,46.86666527,46.86666527,19.99999914,20.0,55.555554,34.84702,104.54106,104.54106,0.0,0.0,0.0,0.0,0.0,7.7,19.99999914,15.622221756666667,46.86666527,46.86666527,0.0,0.0,0.0,0.0,0.0
0x173e17527f94dc4cc9734788f95a86c011498cef,1,2024-11-25,2024-11-25,0,1,1.028785,1.028785,1.028785,1.028785,1.028785,0.91356108,0.91356108,0.91356108,0.91356108,0.91356108,1.028785,1.028785,1.028785,0.91356108,0.91356108,0.91356108,0.0,0.0,0.0,0.0,0.0,1.028785,1.028785,1.028785,1.028785,1.028785,0.0,0.0,0.0,0.0,0.0,0.91356108,0.91356108,0.91356108,0.91356108,0.91356108
0x3450956f846d71ff3b048070908011af1662b297,2,2024-10-31,2024-11-01,1,2,-785.57,785.5706250000001,0.0003125000000068212,0.0003125000000068212,0.0006250000000136424,-471.342,475.270228125,1.9641140625000162,1.9641140625000162,3.9282281250000324,0.0006250000000136,785.5706250000001,0.0006250000000136,3.928228125000032,475.270228125,3.928228125000032,0.0,0.0,0.0,0.0,0.0,-785.57,785.5706250000001,0.0003125000000068212,0.0006250000000136424,0.0006250000000136,0.0,0.0,0.0,0.0,0.0,-471.342,475.270228125,1.9641140625000162,3.9282281250000324,3.928228125000032
0xdcc9d68a4bad9fc8becd27a03ee5b2b4feda4534,6,2024-06-09,2024-06-18,9,16,-275.63,174.66,-44.16166666666667,10.5,-264.97,-5.9910000000000005,171.33366999999998,36.59909833333332,11.95346,219.59458999999993,-264.97,230.66,-264.97,219.59458999999993,224.0926699999999,165.34266999999997,-255.64,35.0,-30.996666666666666,-185.98,-185.98,-200.0,145.0,-13.165,-78.99,-78.99,-1.1782,33.425,14.147578333333334,84.88547,84.88547,-5.9910000000000005,141.98999999999998,22.45151999999999,134.70911999999996,134.70911999999996
0xdac862d4677cf9316a508978578c688a24ddeb85,1,2025-10-30,2025-10-30,0,1,0.0,0.0,0.0,0.0,0.0,0.0,0.0,0.0,0.0,0.0,0.0,0.0,0.0,0.0,0.0,0.0,0.0,0.0,0.0,0.0,0.0,0.0,0.0,0.0,0.0,0.0,0.0,0.0,0.0,0.0,0.0,0.0,0.0,0.0,0.0,0.0
0xfb61e45b0e05477ec29a182ebf4fe79f431ba3aa,1,2024-06-10,2024-06-10,0,1,1361.206499,1361.206499,1361.206499,1361.206499,1361.206499,1272.728076565,1272.728076565,1272.728076565,1272.728076565,1272.728076565,1361.206499,1361.206499,1361.206499,1272.728076565,1272.728076565,1272.728076565,1361.206499,1361.206499,1361.206499,1361.206499,1361.206499,0.0,0.0,0.0,0.0,0.0,1272.728076565,1272.728076565,1272.728076565,1272.728076565,1272.728076565,0.0,0.0,0.0,0.0,0.0
0x64159503ec82054a8b39019846706c95e0d24664,1,2024-11-23,2024-11-23,0,1,5.102039,5.102039,5.102039,5.102039,5.102039,4.997447200500001,4.997447200500001,4.997447200500001,4.997447200500001,4.997447200500001,5.102039,5.102039,5.102039,4.997447200500001,4.997447200500001,4.997447200500001,0.0,0.0,0.0,0.0,0.0,5.102039,5.102039,5.102039,5.102039,5.102039,0.0,0.0,0.0,0.0,0.0,4.997447200500001,4.997447200500001,4.997447200500001,4.997447200500001,4.997447200500001
0x132781644662ddf47f0c13938ae6788ca9942e9c,1,2024-11-24,2024-11-24,0,1,7.142856,7.142856,7.142856,7.142856,7.142856,5.907141912,5.907141912,5.907141912,5.907141912,5.907141912,7.142856,7.142856,7.142856,5.907141912,5.907141912,5.907141912,0.0,0.0,0.0,0.0,0.0,7.142856,7.142856,7.142856,7.142856,7.142856,0.0,0.0,0.0,0.0,0.0,5.907141912,5.907141912,5.907141912,5.907141912,5.907141912
0x21d0c129deb8a7f7e1569045200d20e23862ce91,1,2025-10-17,2025-10-17,0,2,400.0,400.0,400.0,400.0,400.0,26.0,26.0,26.0,26.0,26.0,400.0,400.0,400.0,26.0,26.0,26.0,200.0,200.0,200.0,200.0,200.0,200.0,200.0,200.0,200.0,200.0,13.0,13.0,13.0,13.0,13.0,13.0,13.0,13.0,13.0,13.0
0xa3fa19a3f57a0b8097a842d1433b8d07fb211105,2,2025-10-15,2025-11-03,19,2,-229.37,229.379306,0.004653000000004681,0.004653000000004681,0.009306000000009362,-133.03459999999998,127.30551483000002,-2.864542584999981,-2.864542584999981,-5.729085169999962,0.0093060000000093,229.379306,0.0093060000000093,-5.729085169999962,127.30551483000002,-5.729085169999962,-229.37,229.379306,0.004653000000004681,0.009306000000009362,0.0093060000000093,0.0,0.0,0.0,0.0,0.0,-133.03459999999998,127.30551483000002,-2.864542584999981,-5.729085169999962,-5.729085169999962,0.0,0.0,0.0,0.0,0.0
0x1fe211d6c7e25760611d8024c7f69d7ec231c004,1,2024-10-26,2024-10-26,0,1,0.0003329999999999,0.0003329999999999,0.0003329999999999,0.0003329999999999,0.0003329999999999,0.0003311684999999,0.0003311684999999,0.0003311684999999,0.0003311684999999,0.0003311684999999,0.0003329999999999,0.0003329999999999,0.0003329999999999,0.0003311684999999,0.0003311684999999,0.0003311684999999,0.0,0.0,0.0,0.0,0.0,0.0003329999999999,0.0003329999999999,0.0003329999999999,0.0003329999999999,0.0003329999999999,0.0,0.0,0.0,0.0,0.0,0.0003311684999999,0.0003311684999999,0.0003311684999999,0.0003311684999999,0.0003311684999999
0xea3ec7bc9f7b0896887cef65179dc68b7e2db956,1,2024-11-06,2024-11-06,0,1,1000.0,1000.0,1000.0,1000.0,1000.0,950.0,950.0,950.0,950.0,950.0,1000.0,1000.0,1000.0,950.0,950.0,950.0,1000.0,1000.0,1000.0,1000.0,1000.0,0.0,0.0,0.0,0.0,0.0,950.0,950.0,950.0,950.0,950.0,0.0,0.0,0.0,0.0,0.0
0xcd52e0c911283def64bda4dbf78ecc0089e6bb59,2,2025-10-31,2025-11-13,13,2,1.53846,11.11111,6.324785,6.324785,12.64957,0.9461529,9.94444345,5.445298175,5.445298175,10.89059635,12.64957,12.64957,11.11111,10.89059635,10.89059635,9.94444345,1.53846,11.11111,6.324785,12.64957,12.64957,0.0,0.0,0.0,0.0,0.0,0.9461529,9.94444345,5.445298175,10.89059635,10.89059635,0.0,0.0,0.0,0.0,0.0
0x0459abc4ac9d58f93aa2dbdafc171451c94bd44e,1,2024-06-10,2024-06-10,0,2,5.010029,5.010029,5.010029,5.010029,5.010029,0.0174989129999999,0.0174989129999999,0.0174989129999999,0.0174989129999999,0.0174989129999999,5.010029,5.010029,5.010029,0.0174989129999999,0.0174989129999999,0.0174989129999999,5.010029,5.010029,5.010029,5.010029,5.010029,0.0,0.0,0.0,0.0,0.0,0.0174989129999999,0.0174989129999999,0.0174989129999999,0.0174989129999999,0.0174989129999999,0.0,0.0,0.0,0.0,0.0
0x2bb852687b48f18232f2904a46b896a931782d3e,1,2024-11-18,2024-11-18,0,1,0.193547,0.193547,0.193547,0.193547,0.193547,0.022257905,0.022257905,0.022257905,0.022257905,0.022257905,0.193547,0.193547,0.193547,0.022257905,0.022257905,0.022257905,0.193547,0.193547,0.193547,0.193547,0.193547,0.0,0.0,0.0,0.0,0.0,0.022257905,0.022257905,0.022257905,0.022257905,0.022257905,0.0,0.0,0.0,0.0,0.0
0x2a339415b6385b34379ddddbe68d9bdbb6c8c087,1,2025-11-06,2025-11-06,0,1,0.0026849999999996,0.0026849999999996,0.0026849999999996,0.0026849999999996,0.0026849999999996,0.0024701999999996,0.0024701999999996,0.0024701999999996,0.0024701999999996,0.0024701999999996,0.0026849999999996,0.0026849999999996,0.0026849999999996,0.0024701999999996,0.0024701999999996,0.0024701999999996,0.0026849999999996,0.0026849999999996,0.0026849999999996,0.0026849999999996,0.0026849999999996,0.0,0.0,0.0,0.0,0.0,0.0024701999999996,0.0024701999999996,0.0024701999999996,0.0024701999999996,0.0024701999999996,0.0,0.0,0.0,0.0,0.0
0x4926e3940f42d73c61c1ca34246455e73c20f826,1,2024-09-30,2024-09-30,0,1,0.0045,0.0045,0.0045,0.0045,0.0045,0.00443025,0.00443025,0.00443025,0.00443025,0.00443025,0.0045,0.0045,0.0045,0.00443025,0.00443025,0.00443025,0.0,0.0,0.0,0.0,0.0,0.0045,0.0045,0.0045,0.0045,0.0045,0.0,0.0,0.0,0.0,0.0,0.00443025,0.00443025,0.00443025,0.00443025,0.00443025
0x9d30c16b95cdc250731c4fc931cc08e375e9dcf2,1,2024-11-27,2024-11-27,0,1,14.28133,14.28133,14.28133,14.28133,14.28133,13.088838945,13.088838945,13.088838945,13.088838945,13.088838945,14.28133,14.28133,14.28133,13.088838945,13.088838945,13.088838945,0.0,0.0,0.0,0.0,0.0,14.28133,14.28133,14.28133,14.28133,14.28133,0.0,0.0,0.0,0.0,0.0,13.088838945,13.088838945,13.088838945,13.088838945,13.088838945
0x182dbf95038a1eddf205303cfc3998301045b0e3,1,2025-10-20,2025-10-20,0,1,10.0,10.0,10.0,10.0,10.0,5.699999999999999,5.699999999999999,5.699999999999999,5.699999999999999,5.699999999999999,10.0,10.0,10.0,5.699999999999999,5.699999999999999,5.699999999999999,0.0,0.0,0.0,0.0,0.0,10.0,10.0,10.0,10.0,10.0,0.0,0.0,0.0,0.0,0.0,5.699999999999999,5.699999999999999,5.699999999999999,5.699999999999999,5.699999999999999
0x6dc8dddbcf96bf58b07e78977e16d6f05c88089a,1,2024-11-15,2024-11-15,0,1,0.045453,0.045453,0.045453,0.045453,0.045453,0.00772701,0.00772701,0.00772701,0.00772701,0.00772701,0.045453,0.045453,0.045453,0.00772701,0.00772701,0.00772701,0.0,0.0,0.0,0.0,0.0,0.045453,0.045453,0.045453,0.045453,0.045453,0.0,0.0,0.0,0.0,0.0,0.00772701,0.00772701,0.00772701,0.00772701,0.00772701
0xfd7fdc9ae738b0a7adf46f36cf6b3dcb2a2d0dce,1,2024-11-03,2024-11-03,0,1,0.0029559999999997,0.0029559999999997,0.0029559999999997,0.0029559999999997,0.0029559999999997,0.0013782499999999,0.0013782499999999,0.0013782499999999,0.0013782499999999,0.0013782499999999,0.0029559999999997,0.0029559999999997,0.0029559999999997,0.0013782499999999,0.0013782499999999,0.0013782499999999,0.0017629999999995,0.0017629999999995,0.0017629999999995,0.0017629999999995,0.0017629999999995,0.0011930000000002,0.0011930000000002,0.0011930000000002,0.0011930000000002,0.0011930000000002,0.0005729749999998,0.0005729749999998,0.0005729749999998,0.0005729749999998,0.0005729749999998,0.0008052750000001,0.0008052750000001,0.0008052750000001,0.0008052750000001,0.0008052750000001
0xccb094cfd32e088e9ffc999d5a7e23f2f1257b12,1,2024-10-30,2024-10-30,0,1,1.333332,1.333332,1.333332,1.333332,1.333332,0.50666616,0.50666616,0.50666616,0.50666616,0.50666616,1.333332,1.333332,1.333332,0.50666616,0.50666616,0.50666616,1.333332,1.333332,1.333332,1.333332,1.333332,0.0,0.0,0.0,0.0,0.0,0.50666616,0.50666616,0.50666616,0.50666616,0.50666616,0.0,0.0,0.0,0.0,0.0
0x6ca07f8e446e58be88effe4a6cbb5ac25d60072a,1,2024-11-15,2024-11-15,0,1,4.301071,4.301071,4.301071,4.301071,4.301071,3.5698889300000003,3.5698889300000003,3.5698889300000003,3.5698889300000003,3.5698889300000003,4.301071,4.301071,4.301071,3.5698889300000003,3.5698889300000003,3.5698889300000003,4.301071,4.301071,4.301071,4.301071,4.301071,0.0,0.0,0.0,0.0,0.0,3.5698889300000003,3.5698889300000003,3.5698889300000003,3.5698889300000003,3.5698889300000003,0.0,0.0,0.0,0.0,0.0
0xb724243ed6ac5ffb5578404b8d4ffd2c542078eb,1,2024-06-10,2024-06-10,0,4,15.010019,15.010019,15.010019,15.010019,15.010019,0.032488943,0.032488943,0.032488943,0.032488943,0.032488943,15.010019,15.010019,15.010019,0.032488943,0.032488943,0.032488943,15.010019,15.010019,15.010019,15.010019,15.010019,0.0,0.0,0.0,0.0,0.0,0.032488943,0.032488943,0.032488943,0.032488943,0.032488943,0.0,0.0,0.0,0.0,0.0
0x7789806c754eb0af4c3abeb026c218b4ba78f823,4,2024-06-07,2024-06-18,11,5,219.0,5500.0,2511.25,2163.0,10045.0,218.343,5278.75,2422.5744999999997,2096.6025,9690.297999999999,10045.0,10045.0,5500.0,9690.298,9690.298,5278.75,219.0,4000.0,2136.25,8545.0,8545.0,0.0,1500.0,375.0,1500.0,1500.0,218.343,3838.0,2062.3869999999997,8249.547999999999,8249.547999999999,0.0,1440.75,360.1875,1440.75,1440.75
0x1f0a343513aa6060488fabe96960e6d1e177f7aa,1,2024-06-09,2024-06-09,0,1,36.77,36.77,36.77,36.77,36.77,33.64455,33.64455,33.64455,33.64455,33.64455,36.77,36.77,36.77,33.64455,33.64455,33.64455,36.77,36.77,36.77,36.77,36.77,0.0,0.0,0.0,0.0,0.0,33.64455,33.64455,33.64455,33.64455,33.64455,0.0,0.0,0.0,0.0,0.0
0x7719e43b6c661e7d4d2c39dd58145a39b8a7b4e3,1,2024-11-18,2024-11-18,0,1,0.158729,0.158729,0.158729,0.158729,0.158729,0.018253835,0.018253835,0.018253835,0.018253835,0.018253835,0.158729,0.158729,0.158729,0.018253835,0.018253835,0.018253835,0.158729,0.158729,0.158729,0.158729,0.158729,0.0,0.0,0.0,0.0,0.0,0.018253835,0.018253835,0.018253835,0.018253835,0.018253835,0.0,0.0,0.0,0.0,0.0
0xc92055e70e3dceea7dd798b5021e6b0fd71b9a1c,2,2024-11-06,2024-11-23,17,2,-31.03,31.034481,0.0022404999999992015,0.0022404999999992015,0.004480999999998403,-30.393885,1.55172405,-14.421080475,-14.421080475,-28.84216095,0.0044809999999984,31.034481,0.0044809999999984,-28.84216095,1.55172405,-28.84216095,0.0,0.0,0.0,0.0,0.0,-31.03,31.034481,0.0022404999999992015,0.004480999999998403,0.0044809999999984,0.0,0.0,0.0,0.0,0.0,-30.393885,1.55172405,-14.421080475,-28.84216095,-28.84216095
0xa202d59fd6054a4ec9ec174b5d435c2bd5036500,1,2024-11-10,2024-11-10,0,1,1.375,1.375,1.375,1.375,1.375,1.00375,1.00375,1.00375,1.00375,1.00375,1.375,1.375,1.375,1.00375,1.00375,1.00375,1.375,1.375,1.375,1.375,1.375,0.0,0.0,0.0,0.0,0.0,1.00375,1.00375,1.00375,1.00375,1.00375,0.0,0.0,0.0,0.0,0.0
0x05f66ca34ff0c1f1e7d8fc3d062e8df2387ccba4,1,2024-06-10,2024-06-10,0,3,9.047617,9.047617,9.047617,9.047617,9.047617,0.0149999935,0.0149999935,0.0149999935,0.0149999935,0.0149999935,9.047617,9.047617,9.047617,0.0149999935,0.0149999935,0.0149999935,9.047617,9.047617,9.047617,9.047617,9.047617,0.0,0.0,0.0,0.0,0.0,0.0149999935,0.0149999935,0.0149999935,0.0149999935,0.0149999935,0.0,0.0,0.0,0.0,0.0
0xefc8163d844b04df58639f6e9732937f57c4c486,1,2024-11-15,2024-11-15,0,1,1.14734,1.14734,1.14734,1.14734,1.14734,0.9522922,0.9522922,0.9522922,0.9522922,0.9522922,1.14734,1.14734,1.14734,0.9522922,0.9522922,0.9522922,1.14734,1.14734,1.14734,1.14734,1.14734,0.0,0.0,0.0,0.0,0.0,0.9522922,0.9522922,0.9522922,0.9522922,0.9522922,0.0,0.0,0.0,0.0,0.0
0x5dacacf89e7b5cc7df76f81f688504b4d035efd9,1,2024-10-31,2024-10-31,0,1,0.003113,0.003113,0.003113,0.003113,0.003113,0.001883365,0.001883365,0.001883365,0.001883365,0.001883365,0.003113,0.003113,0.003113,0.001883365,0.001883365,0.001883365,0.0,0.0,0.0,0.0,0.0,0.003113,0.003113,0.003113,0.003113,0.003113,0.0,0.0,0.0,0.0,0.0,0.001883365,0.001883365,0.001883365,0.001883365,0.001883365
0xb236dcdbb0386929573851da101eb310315b1d5d,3,2024-11-01,2024-11-19,18,3,-100.0,90.0,0.0,10.0,0.0,-87.6,29.25,-17.45,6.0,-52.349999999999994,0.0,100.0,0.0,-52.349999999999994,35.25,-52.349999999999994,0.0,0.0,0.0,0.0,0.0,-100.0,90.0,0.0,0.0,0.0,0.0,0.0,0.0,0.0,0.0,-87.6,29.25,-17.45,-52.349999999999994,-52.349999999999994
0x046db288c74bb3749860aeb594ed1f5305f14bb4,1,2025-11-05,2025-11-05,0,1,14.285713,14.285713,14.285713,14.285713,14.285713,9.642856275,9.642856275,9.642856275,9.642856275,9.642856275,14.285713,14.285713,14.285713,9.642856275,9.642856275,9.642856275,14.285713,14.285713,14.285713,14.285713,14.285713,0.0,0.0,0.0,0.0,0.0,9.642856275,9.642856275,9.642856275,9.642856275,9.642856275,0.0,0.0,0.0,0.0,0.0
0xa5aa7d70d9ab7f059a00e8b3f5c93a8feece808c,1,2024-06-10,2024-06-10,0,4,15.020118,15.020118,15.020118,15.020118,15.020118,0.042557646,0.042557646,0.042557646,0.042557646,0.042557646,15.020118,15.020118,15.020118,0.042557646,0.042557646,0.042557646,15.020118,15.020118,15.020118,15.020118,15.020118,0.0,0.0,0.0,0.0,0.0,0.042557646,0.042557646,0.042557646,0.042557646,0.042557646,0.0,0.0,0.0,0.0,0.0
0xddc93c03ae7919f6e7e6de694af14634c09f5c3a,1,2024-10-06,2024-10-06,0,1,0.003,0.003,0.003,0.003,0.003,0.002982,0.002982,0.002982,0.002982,0.002982,0.003,0.003,0.003,0.002982,0.002982,0.002982,0.0,0.0,0.0,0.0,0.0,0.003,0.003,0.003,0.003,0.003,0.0,0.0,0.0,0.0,0.0,0.002982,0.002982,0.002982,0.002982,0.002982
0xaf2a8d83e4485013bec72d2792dee1f4e8d79a3a,2,2024-10-30,2024-11-24,25,2,-1.6,1.603173,0.0015864999999999352,0.0015864999999999352,0.0031729999999998704,-1.3232,0.99396726,-0.16461636999999996,-0.16461636999999996,-0.3292327399999999,0.0031729999999998,1.603173,0.0031729999999998,-0.3292327399999999,0.99396726,-0.3292327399999999,0.0,0.0,0.0,0.0,0.0,-1.6,1.603173,0.0015864999999999352,0.0031729999999998704,0.0031729999999998,0.0,0.0,0.0,0.0,0.0,-1.3232,0.99396726,-0.16461636999999996,-0.3292327399999999,-0.3292327399999999
0xa2ff7ded23f380abd96ee77521652b5bb46dce13,1,2024-10-03,2024-10-03,0,1,0.0021999999999999,0.0021999999999999,0.0021999999999999,0.0021999999999999,0.0021999999999999,0.0021867999999999,0.0021867999999999,0.0021867999999999,0.0021867999999999,0.0021867999999999,0.0021999999999999,0.0021999999999999,0.0021999999999999,0.0021867999999999,0.0021867999999999,0.0021867999999999,0.0,0.0,0.0,0.0,0.0,0.0021999999999999,0.0021999999999999,0.0021999999999999,0.0021999999999999,0.0021999999999999,0.0,0.0,0.0,0.0,0.0,0.0021867999999999,0.0021867999999999,0.0021867999999999,0.0021867999999999,0.0021867999999999
0xf0ea3d5f14c87847f4ae9f29ba3237818e6d1069,1,2024-11-25,2024-11-25,0,1,6.172821,6.172821,6.172821,6.172821,6.172821,5.481465048,5.481465048,5.481465048,5.481465048,5.481465048,6.172821,6.172821,6.172821,5.481465048,5.481465048,5.481465048,0.0,0.0,0.0,0.0,0.0,6.172821,6.172821,6.172821,6.172821,6.172821,0.0,0.0,0.0,0.0,0.0,5.481465048,5.481465048,5.481465048,5.481465048,5.481465048
0x1d75500d153e8a00f645a2d943bda54b53b578b9,1,2025-11-14,2025-11-14,0,1,163.387094,163.387094,163.387094,163.387094,163.387094,109.46935298,109.46935298,109.46935298,109.46935298,109.46935298,163.387094,163.387094,163.387094,109.46935298,109.46935298,109.46935298,163.387094,163.387094,163.387094,163.387094,163.387094,0.0,0.0,0.0,0.0,0.0,109.46935298,109.46935298,109.46935298,109.46935298,109.46935298,0.0,0.0,0.0,0.0,0.0
0xe869324eea83621f5e8b32355dcff58bd893dafb,1,2024-11-03,2024-11-03,0,1,0.0082340000000016,0.0082340000000016,0.0082340000000016,0.0082340000000016,0.0082340000000016,0.0026760500000005,0.0026760500000005,0.0026760500000005,0.0026760500000005,0.0026760500000005,0.0082340000000016,0.0082340000000016,0.0082340000000016,0.0026760500000005,0.0026760500000005,0.0026760500000005,0.0082340000000016,0.0082340000000016,0.0082340000000016,0.0082340000000016,0.0082340000000016,0.0,0.0,0.0,0.0,0.0,0.0026760500000005,0.0026760500000005,0.0026760500000005,0.0026760500000005,0.0026760500000005,0.0,0.0,0.0,0.0,0.0
0x221aae09b63ace960801983c4972d513d9bf6b45,1,2024-11-28,2024-11-28,0,1,0.305789,0.305789,0.305789,0.305789,0.305789,0.2972269079999999,0.2972269079999999,0.2972269079999999,0.2972269079999999,0.2972269079999999,0.305789,0.305789,0.305789,0.2972269079999999,0.2972269079999999,0.2972269079999999,0.0,0.0,0.0,0.0,0.0,0.305789,0.305789,0.305789,0.305789,0.305789,0.0,0.0,0.0,0.0,0.0,0.2972269079999999,0.2972269079999999,0.2972269079999999,0.2972269079999999,0.2972269079999999
0xd102550c772b02d966674318ded5b767d232b7a7,2,2024-10-31,2024-11-01,1,2,-0.22,0.229507,0.004753499999999994,0.004753499999999994,0.009506999999999988,-0.132,0.1388517349999999,0.0034258674999999433,0.0034258674999999433,0.006851734999999887,0.0095069999999999,0.229507,0.0095069999999999,0.0068517349999999,0.1388517349999999,0.0068517349999999,0.0,0.0,0.0,0.0,0.0,-0.22,0.229507,0.004753499999999994,0.009506999999999988,0.0095069999999999,0.0,0.0,0.0,0.0,0.0,-0.132,0.1388517349999999,0.0034258674999999433,0.006851734999999887,0.0068517349999999
0x43c1865025b6e3aec8ed879abd50047959b3a798,1,2024-11-09,2024-11-09,0,1,0.0085700000000006,0.0085700000000006,0.0085700000000006,0.0085700000000006,0.0085700000000006,0.0057847500000004,0.0057847500000004,0.0057847500000004,0.0057847500000004,0.0057847500000004,0.0085700000000006,0.0085700000000006,0.0085700000000006,0.0057847500000004,0.0057847500000004,0.0057847500000004,0.0085700000000006,0.0085700000000006,0.0085700000000006,0.0085700000000006,0.0085700000000006,0.0,0.0,0.0,0.0,0.0,0.0057847500000004,0.0057847500000004,0.0057847500000004,0.0057847500000004,0.0057847500000004,0.0,0.0,0.0,0.0,0.0
0x355d7a67573c88a0144f8eefbd21115d7660ace2,1,2025-11-04,2025-11-04,0,1,0.0,0.0,0.0,0.0,0.0,0.0,0.0,0.0,0.0,0.0,0.0,0.0,0.0,0.0,0.0,0.0,0.0,0.0,0.0,0.0,0.0,0.0,0.0,0.0,0.0,0.0,0.0,0.0,0.0,0.0,0.0,0.0,0.0,0.0,0.0,0.0
0x94fcac0a1752a109fc458c093217fad1ff36b335,1,2024-06-11,2024-06-11,0,1,750.0,750.0,750.0,750.0,750.0,1.125,1.125,1.125,1.125,1.125,750.0,750.0,750.0,1.125,1.125,1.125,750.0,750.0,750.0,750.0,750.0,0.0,0.0,0.0,0.0,0.0,1.125,1.125,1.125,1.125,1.125,0.0,0.0,0.0,0.0,0.0
0x67b6eb651375908ec7ade9050ac182820d0db4e6,1,2025-11-06,2025-11-06,0,1,43.478259,43.478259,43.478259,43.478259,43.478259,9.782608275,9.782608275,9.782608275,9.782608275,9.782608275,43.478259,43.478259,43.478259,9.782608275,9.782608275,9.782608275,43.478259,43.478259,43.478259,43.478259,43.478259,0.0,0.0,0.0,0.0,0.0,9.782608275,9.782608275,9.782608275,9.782608275,9.782608275,0.0,0.0,0.0,0.0,0.0
0xae58d05cee8744a8eecfbf0ae5ebe7f8db786d32,1,2024-06-10,2024-06-10,0,4,15.020118,15.020118,15.020118,15.020118,15.020118,0.042557646,0.042557646,0.042557646,0.042557646,0.042557646,15.020118,15.020118,15.020118,0.042557646,0.042557646,0.042557646,15.020118,15.020118,15.020118,15.020118,15.020118,0.0,0.0,0.0,0.0,0.0,0.042557646,0.042557646,0.042557646,0.042557646,0.042557646,0.0,0.0,0.0,0.0,0.0
0xbcfc5970f2fe350ad29bffe0540d9eaed5dcbfb3,2,2025-11-05,2025-11-08,3,2,-4.68,4.6875,0.003750000000000142,0.003750000000000142,0.007500000000000284,-3.299399999999999,3.1640625,-0.0676687499999995,-0.0676687499999995,-0.135337499999999,0.0075000000000002,4.6875,0.0075000000000002,-0.1353374999999994,3.1640625,-0.1353374999999994,-4.68,4.6875,0.003750000000000142,0.007500000000000284,0.0075000000000002,0.0,0.0,0.0,0.0,0.0,-3.299399999999999,3.1640625,-0.0676687499999995,-0.135337499999999,-0.1353374999999994,0.0,0.0,0.0,0.0,0.0
0x30783eb3d720410349f6599a627da3fab130c6f8,1,2024-11-02,2024-11-02,0,1,0.0066649999999999,0.0066649999999999,0.0066649999999999,0.0066649999999999,0.0066649999999999,0.0026659999999999,0.0026659999999999,0.0026659999999999,0.0026659999999999,0.0026659999999999,0.0066649999999999,0.0066649999999999,0.0066649999999999,0.0026659999999999,0.0026659999999999,0.0026659999999999,0.0066649999999999,0.0066649999999999,0.0066649999999999,0.0066649999999999,0.0066649999999999,0.0,0.0,0.0,0.0,0.0,0.0026659999999999,0.0026659999999999,0.0026659999999999,0.0026659999999999,0.0026659999999999,0.0,0.0,0.0,0.0,0.0
0xef396f8cb2760c8dc31e5f47e4a0b862eb39578f,1,2025-11-05,2025-11-05,0,1,10.752685,10.752685,10.752685,10.752685,10.752685,9.8924702,9.8924702,9.8924702,9.8924702,9.8924702,10.752685,10.752685,10.752685,9.8924702,9.8924702,9.8924702,0.0,0.0,0.0,0.0,0.0,10.752685,10.752685,10.752685,10.752685,10.752685,0.0,0.0,0.0,0.0,0.0,9.8924702,9.8924702,9.8924702,9.8924702,9.8924702
0xf0b0ef1d6320c6be896b4c9c54dd74407e7f8cab,22,2024-09-27,2025-11-15,414,27,-500.0,-0.13,-39.809999999999995,-2.415,-875.8199999999999,-82.52305,-0.0045,-11.874197499999998,-1.3894250000000001,-261.23234499999995,-875.8199999999999,-31.12,-875.8199999999999,-261.232345,-30.15528,-261.232345,-98.83,0.0,-8.947727272727274,-196.85000000000002,-196.85,-500.0,0.0,-30.862272727272728,-678.97,-678.97,-82.52305,0.0,-5.896856818181818,-129.73085,-129.73084999999998,-49.47,0.0,-5.977340681818182,-131.501495,-131.501495
0xb2a0b1c8ba0c87891b8c990150c4d7e7c7458ff0,2,2025-11-05,2025-11-06,1,2,-10.86,10.869562,0.004781000000000368,0.004781000000000368,0.009562000000000737,-9.8826,9.89130142,0.004350709999999758,0.004350709999999758,0.008701419999999516,0.0095620000000007,10.869562,0.0095620000000007,0.0087014200000012,9.89130142,0.0087014200000012,-10.86,10.869562,0.004781000000000368,0.009562000000000737,0.0095620000000007,0.0,0.0,0.0,0.0,0.0,-9.8826,9.89130142,0.004350709999999758,0.008701419999999516,0.0087014200000012,0.0,0.0,0.0,0.0,0.0
0x51ae4fd822503e81be9ea9d5d5e76500c309ce30,2,2025-10-14,2025-10-16,2,2,-56.36,29.0,-13.68,-13.68,-27.36,-3.3815999999999997,1.595,-0.8932999999999999,-0.8932999999999999,-1.7865999999999997,-27.36,29.0,-27.36,-1.7865999999999995,1.595,-1.7865999999999995,-56.36,29.0,-13.68,-27.36,-27.36,0.0,0.0,0.0,0.0,0.0,-3.3815999999999997,1.595,-0.8932999999999999,-1.7865999999999997,-1.7865999999999995,0.0,0.0,0.0,0.0,0.0
0x7b23c8bb2b1333e4c3a307cd410d24100d5093e3,1,2024-06-11,2024-06-11,0,1,400.0,400.0,400.0,400.0,400.0,0.6,0.6,0.6,0.6,0.6,400.0,400.0,400.0,0.6,0.6,0.6,400.0,400.0,400.0,400.0,400.0,0.0,0.0,0.0,0.0,0.0,0.6,0.6,0.6,0.6,0.6,0.0,0.0,0.0,0.0,0.0
0x243781e74904e67210bdade65a372d3f05bbc56a,1,2024-11-01,2024-11-01,0,1,1.0,1.0,1.0,1.0,1.0,0.4,0.4,0.4,0.4,0.4,1.0,1.0,1.0,0.4,0.4,0.4,1.0,1.0,1.0,1.0,1.0,0.0,0.0,0.0,0.0,0.0,0.4,0.4,0.4,0.4,0.4,0.0,0.0,0.0,0.0,0.0
0xfcca01fd97a84885b015b6a8c2625102d0791f08,1,2024-10-05,2024-10-05,0,1,0.0048,0.0048,0.0048,0.0048,0.0048,0.0047712,0.0047712,0.0047712,0.0047712,0.0047712,0.0048,0.0048,0.0048,0.0047712,0.0047712,0.0047712,0.0,0.0,0.0,0.0,0.0,0.0048,0.0048,0.0048,0.0048,0.0048,0.0,0.0,0.0,0.0,0.0,0.0047712,0.0047712,0.0047712,0.0047712,0.0047712
0xf8118ea0e9a909a244325087bc687dd1d9745135,1,2024-06-06,2024-06-06,0,1,250.0,250.0,250.0,250.0,250.0,0.375,0.375,0.375,0.375,0.375,250.0,250.0,250.0,0.375,0.375,0.375,250.0,250.0,250.0,250.0,250.0,0.0,0.0,0.0,0.0,0.0,0.375,0.375,0.375,0.375,0.375,0.0,0.0,0.0,0.0,0.0
0xc7c1e0fc745786bd4fefeee53136a0dfb00458c6,1,2024-11-24,2024-11-24,0,1,5.102039,5.102039,5.102039,5.102039,5.102039,4.219386253000001,4.219386253000001,4.219386253000001,4.219386253000001,4.219386253000001,5.102039,5.102039,5.102039,4.219386253000001,4.219386253000001,4.219386253000001,0.0,0.0,0.0,0.0,0.0,5.102039,5.102039,5.102039,5.102039,5.102039,0.0,0.0,0.0,0.0,0.0,4.219386253000001,4.219386253000001,4.219386253000001,4.219386253000001,4.219386253000001
0xe34e68396acd13d6250149f9c31bd6948e65bd53,1,2024-10-31,2024-10-31,0,1,1028.806571,1028.806571,1028.806571,1028.806571,1028.806571,992.798341015,992.798341015,992.798341015,992.798341015,992.798341015,1028.806571,1028.806571,1028.806571,992.798341015,992.798341015,992.798341015,1028.806571,1028.806571,1028.806571,1028.806571,1028.806571,0.0,0.0,0.0,0.0,0.0,992.798341015,992.798341015,992.798341015,992.798341015,992.798341015,0.0,0.0,0.0,0.0,0.0
0x84f9aed2edf8c7dafcaefe0d2f74d58299d3785b,1,2024-10-30,2024-10-30,0,1,0.444443,0.444443,0.444443,0.444443,0.444443,0.16888834,0.16888834,0.16888834,0.16888834,0.16888834,0.444443,0.444443,0.444443,0.16888834,0.16888834,0.16888834,0.444443,0.444443,0.444443,0.444443,0.444443,0.0,0.0,0.0,0.0,0.0,0.16888834,0.16888834,0.16888834,0.16888834,0.16888834,0.0,0.0,0.0,0.0,0.0
0xb8bbbfa346ad921af36257a9e1c319d2b1a495a0,1,2024-10-06,2024-10-06,0,1,0.0006,0.0006,0.0006,0.0006,0.0006,0.0005964,0.0005964,0.0005964,0.0005964,0.0005964,0.0006,0.0006,0.0006,0.0005964,0.0005964,0.0005964,0.0,0.0,0.0,0.0,0.0,0.0006,0.0006,0.0006,0.0006,0.0006,0.0,0.0,0.0,0.0,0.0,0.0005964,0.0005964,0.0005964,0.0005964,0.0005964
0x7c1a6b923a9a00b27d05787f108c228c2474abb7,1,2024-11-15,2024-11-15,0,1,0.150528,0.150528,0.150528,0.150528,0.150528,0.1249382399999999,0.1249382399999999,0.1249382399999999,0.1249382399999999,0.1249382399999999,0.150528,0.150528,0.150528,0.1249382399999999,0.1249382399999999,0.1249382399999999,0.150528,0.150528,0.150528,0.150528,0.150528,0.0,0.0,0.0,0.0,0.0,0.1249382399999999,0.1249382399999999,0.1249382399999999,0.1249382399999999,0.1249382399999999,0.0,0.0,0.0,0.0,0.0
0x1921eb4253e5867c287477e080e16674d2845efd,4,2024-11-09,2024-11-29,20,4,-198.23,607.164726,172.93002374999998,141.3926845,691.7200949999999,-194.166285,537.3407825099999,108.63218560874998,45.677122462499995,434.5287424349999,691.7200949999999,890.9500949999999,283.785369,434.5287424349999,629.5710274349999,92.230244925,0.0,0.0,0.0,0.0,0.0,-198.23,607.164726,172.93002374999998,691.7200949999999,691.7200949999999,0.0,0.0,0.0,0.0,0.0,-194.166285,537.3407825099999,108.63218560874998,434.5287424349999,434.5287424349999
0x0652699e792fc34e3d4986418c0ebe062c9b9012,1,2024-10-19,2024-10-19,0,1,0.0038229999999999,0.0038229999999999,0.0038229999999999,0.0038229999999999,0.0038229999999999,0.0037216904999999,0.0037216904999999,0.0037216904999999,0.0037216904999999,0.0037216904999999,0.0038229999999999,0.0038229999999999,0.0038229999999999,0.0037216904999999,0.0037216904999999,0.0037216904999999,0.0038229999999999,0.0038229999999999,0.0038229999999999,0.0038229999999999,0.0038229999999999,0.0,0.0,0.0,0.0,0.0,0.0037216904999999,0.0037216904999999,0.0037216904999999,0.0037216904999999,0.0037216904999999,0.0,0.0,0.0,0.0,0.0
0x74277f4b04fc7bf8999c7f4886703141d9e5da3f,1,2024-10-06,2024-10-06,0,1,0.0043999999999999,0.0043999999999999,0.0043999999999999,0.0043999999999999,0.0043999999999999,0.0043735999999999,0.0043735999999999,0.0043735999999999,0.0043735999999999,0.0043735999999999,0.0043999999999999,0.0043999999999999,0.0043999999999999,0.0043735999999999,0.0043735999999999,0.0043735999999999,0.0,0.0,0.0,0.0,0.0,0.0043999999999999,0.0043999999999999,0.0043999999999999,0.0043999999999999,0.0043999999999999,0.0,0.0,0.0,0.0,0.0,0.0043735999999999,0.0043735999999999,0.0043735999999999,0.0043735999999999,0.0043735999999999
0x6aeb33f746e6991e8377a82fe1762fffb5b917a6,1,2024-11-01,2024-11-01,0,1,0.0,0.0,0.0,0.0,0.0,0.0,0.0,0.0,0.0,0.0,0.0,0.0,0.0,0.0,0.0,0.0,0.0,0.0,0.0,0.0,0.0,0.0,0.0,0.0,0.0,0.0,0.0,0.0,0.0,0.0,0.0,0.0,0.0,0.0,0.0,0.0
0xec75e574c20eaa6f15e05c4c8939d188a6952e8f,1,2025-11-13,2025-11-13,0,1,2.114753,2.114753,2.114753,2.114753,2.114753,1.3005730949999998,1.3005730949999998,1.3005730949999998,1.3005730949999998,1.3005730949999998,2.114753,2.114753,2.114753,1.3005730949999998,1.3005730949999998,1.3005730949999998,2.114753,2.114753,2.114753,2.114753,2.114753,0.0,0.0,0.0,0.0,0.0,1.3005730949999998,1.3005730949999998,1.3005730949999998,1.3005730949999998,1.3005730949999998,0.0,0.0,0.0,0.0,0.0
0x41e101863384d33f0768adb65b445de93f4d7c87,1,2024-09-29,2024-09-29,0,1,0.00204,0.00204,0.00204,0.00204,0.00204,0.0019788,0.0019788,0.0019788,0.0019788,0.0019788,0.00204,0.00204,0.00204,0.0019788,0.0019788,0.0019788,0.00204,0.00204,0.00204,0.00204,0.00204,0.0,0.0,0.0,0.0,0.0,0.0019788,0.0019788,0.0019788,0.0019788,0.0019788,0.0,0.0,0.0,0.0,0.0
0x792ddc4011c76d8c235ba58e90ed5eed2a4d894c,2,2025-11-04,2025-11-05,1,2,-1.11,1.11111,0.0005549999999999722,0.0005549999999999722,0.0011099999999999444,-1.0101000000000002,1.00555455,-0.0022727250000000865,-0.0022727250000000865,-0.004545450000000173,0.0011099999999999,1.11111,0.0011099999999999,-0.0045454500000001,1.00555455,-0.0045454500000001,-1.11,1.11111,0.0005549999999999722,0.0011099999999999444,0.0011099999999999,0.0,0.0,0.0,0.0,0.0,-1.0101000000000002,1.00555455,-0.0022727250000000865,-0.004545450000000173,-0.0045454500000001,0.0,0.0,0.0,0.0,0.0
0x3c654d3fcd17ac36f9dd84a09206206202ea4c90,1,2024-10-30,2024-10-30,0,1,0.8,0.8,0.8,0.8,0.8,0.304,0.304,0.304,0.304,0.304,0.8,0.8,0.8,0.304,0.304,0.304,0.8,0.8,0.8,0.8,0.8,0.0,0.0,0.0,0.0,0.0,0.304,0.304,0.304,0.304,0.304,0.0,0.0,0.0,0.0,0.0
0x6ba7e8bc5482c741cf6f18dc80f27a6b744ca18b,3,2024-09-28,2024-10-02,4,4,0.0404319999999999,0.15384,0.07831099999999996,0.040661,0.2349329999999999,0.0397446559999999,0.1492248,0.07624114383333329,0.0397539755,0.22872343149999988,0.2349329999999999,0.2349329999999999,0.0404319999999999,0.2287234314999999,0.2287234314999999,0.0397446559999999,0.0,0.15384,0.05810666666666667,0.17432,0.17432,0.0,0.0404319999999999,0.0202043333333333,0.0606129999999999,0.0606129999999999,0.0,0.1492248,0.05636346666666667,0.1690904,0.1690904,0.0,0.0397446559999999,0.01987767716666663,0.0596330314999999,0.0596330314999999
0x1a364fd14846320317324ca8ad1977340f7d2d64,1,2024-10-05,2024-10-05,0,1,1.1456,1.1456,1.1456,1.1456,1.1456,1.1387264,1.1387264,1.1387264,1.1387264,1.1387264,1.1456,1.1456,1.1456,1.1387264,1.1387264,1.1387264,0.0,0.0,0.0,0.0,0.0,1.1456,1.1456,1.1456,1.1456,1.1456,0.0,0.0,0.0,0.0,0.0,1.1387264,1.1387264,1.1387264,1.1387264,1.1387264
0xd2d7d33d3030889f1d65998351da77a386205e83,2,2024-10-30,2024-11-24,25,2,-2.03,2.030302,0.00015100000000001224,0.00015100000000001224,0.00030200000000002447,-1.6788099999999997,1.25878724,-0.21001137999999986,-0.21001137999999986,-0.4200227599999997,0.000302,2.030302,0.000302,-0.4200227599999997,1.25878724,-0.4200227599999997,0.0,0.0,0.0,0.0,0.0,-2.03,2.030302,0.00015100000000001224,0.00030200000000002447,0.000302,0.0,0.0,0.0,0.0,0.0,-1.6788099999999997,1.25878724,-0.21001137999999986,-0.4200227599999997,-0.4200227599999997
0x40b9d2c554e22d8104801ec764be19558f54e6ae,2,2025-11-05,2025-11-07,2,2,-5.06,5.0625,0.0012500000000001954,0.0012500000000001954,0.002500000000000391,-3.8962,3.9234375,0.013618750000000013,0.013618750000000013,0.027237500000000026,0.0025000000000003,5.0625,0.0025000000000003,0.0272375,3.9234375,0.0272375,0.0,0.0,0.0,0.0,0.0,-5.06,5.0625,0.0012500000000001954,0.002500000000000391,0.0025000000000003,0.0,0.0,0.0,0.0,0.0,-3.8962,3.9234375,0.013618750000000013,0.027237500000000026,0.0272375
0x4892d36216e2943c853b3c1161e74f51f96576f0,1,2024-11-16,2024-11-16,0,1,0.193542,0.193542,0.193542,0.193542,0.193542,0.1112866499999999,0.1112866499999999,0.1112866499999999,0.1112866499999999,0.1112866499999999,0.193542,0.193542,0.193542,0.1112866499999999,0.1112866499999999,0.1112866499999999,0.193542,0.193542,0.193542,0.193542,0.193542,0.0,0.0,0.0,0.0,0.0,0.1112866499999999,0.1112866499999999,0.1112866499999999,0.1112866499999999,0.1112866499999999,0.0,0.0,0.0,0.0,0.0
0xb9bba17a95f61669b04438ebfef324aa0ddeacd9,1,2024-11-24,2024-11-24,0,1,7.147845,7.147845,7.147845,7.147845,7.147845,5.9112678149999995,5.9112678149999995,5.9112678149999995,5.9112678149999995,5.9112678149999995,7.147845,7.147845,7.147845,5.9112678149999995,5.9112678149999995,5.9112678149999995,0.0,0.0,0.0,0.0,0.0,7.147845,7.147845,7.147845,7.147845,7.147845,0.0,0.0,0.0,0.0,0.0,5.9112678149999995,5.9112678149999995,5.9112678149999995,5.9112678149999995,5.9112678149999995
0x67df062792047b772029f1123b234151b895772f,1,2025-10-28,2025-10-28,0,1,0.0029660000000006,0.0029660000000006,0.0029660000000006,0.0029660000000006,0.0029660000000006,0.0027732100000005,0.0027732100000005,0.0027732100000005,0.0027732100000005,0.0027732100000005,0.0029660000000006,0.0029660000000006,0.0029660000000006,0.0027732100000005,0.0027732100000005,0.0027732100000005,0.0029660000000006,0.0029660000000006,0.0029660000000006,0.0029660000000006,0.0029660000000006,0.0,0.0,0.0,0.0,0.0,0.0027732100000005,0.0027732100000005,0.0027732100000005,0.0027732100000005,0.0027732100000005,0.0,0.0,0.0,0.0,0.0
0xd9f0f459b4f2e89820f37594f9d53cdfb4bcbc09,1,2024-11-03,2024-11-03,0,1,0.0,0.0,0.0,0.0,0.0,0.0,0.0,0.0,0.0,0.0,0.0,0.0,0.0,0.0,0.0,0.0,0.0,0.0,0.0,0.0,0.0,0.0,0.0,0.0,0.0,0.0,0.0,0.0,0.0,0.0,0.0,0.0,0.0,0.0,0.0,0.0
0x6e5a39850095da9af335f40f36b7ec6e7d23780c,1,2024-11-24,2024-11-24,0,1,5.102039,5.102039,5.102039,5.102039,5.102039,4.219386253000001,4.219386253000001,4.219386253000001,4.219386253000001,4.219386253000001,5.102039,5.102039,5.102039,4.219386253000001,4.219386253000001,4.219386253000001,0.0,0.0,0.0,0.0,0.0,5.102039,5.102039,5.102039,5.102039,5.102039,0.0,0.0,0.0,0.0,0.0,4.219386253000001,4.219386253000001,4.219386253000001,4.219386253000001,4.219386253000001
0x2370d48501dbbe1974b6cf228e77d459f4870e10,3,2024-09-26,2024-11-05,40,4,-1079.69,-159.31,-516.7766666666666,-311.33,-1550.33,-286.11785000000003,-2.9256149999999996,-97.54264666666667,-3.584475,-292.62794,-1550.33,-159.31,-1550.33,-292.62794,-3.584475,-292.62794,-1079.69,-159.31,-516.7766666666666,-1550.33,-1550.33,0.0,0.0,0.0,0.0,0.0,-286.11785000000003,-2.9256149999999996,-97.54264666666667,-292.62794,-292.62794,0.0,0.0,0.0,0.0,0.0
0x584e5ad9ee981d894fc70a26d6fdecfa0586a5c4,3,2024-11-07,2024-11-19,12,3,-10.66,6.25,0.0005873333333331251,4.411762,0.0017619999999993752,-1.32184,5.8125,2.5704154200000002,3.22058626,7.711246260000001,0.0017619999999993,10.661762,0.0017619999999993,7.711246260000001,9.03308626,5.8125,-10.66,6.25,0.0005873333333331251,0.0017619999999993752,0.0017619999999993,0.0,0.0,0.0,0.0,0.0,-1.32184,5.8125,2.5704154200000002,7.711246260000001,7.711246260000001,0.0,0.0,0.0,0.0,0.0
0x4ed1dfc5867223a028ce27f1eebaaf031f5707dd,1,2024-11-16,2024-11-16,0,1,185.954544,185.954544,185.954544,185.954544,185.954544,106.9238628,106.9238628,106.9238628,106.9238628,106.9238628,185.954544,185.954544,185.954544,106.9238628,106.9238628,106.9238628,185.954544,185.954544,185.954544,185.954544,185.954544,0.0,0.0,0.0,0.0,0.0,106.9238628,106.9238628,106.9238628,106.9238628,106.9238628,0.0,0.0,0.0,0.0,0.0
0x9e904939102eacdbf0402aef554a129136a30df4,1,2024-10-31,2024-10-31,0,1,0.0,0.0,0.0,0.0,0.0,0.0,0.0,0.0,0.0,0.0,0.0,0.0,0.0,0.0,0.0,0.0,0.0,0.0,0.0,0.0,0.0,0.0,0.0,0.0,0.0,0.0,0.0,0.0,0.0,0.0,0.0,0.0,0.0,0.0,0.0,0.0
0x1479c256a3ac0dbe286f7e4cf1a7d35b2ff18870,1,2024-10-30,2024-10-30,0,1,1.512819,1.512819,1.512819,1.512819,1.512819,0.57487122,0.57487122,0.57487122,0.57487122,0.57487122,1.512819,1.512819,1.512819,0.57487122,0.57487122,0.57487122,1.512819,1.512819,1.512819,1.512819,1.512819,0.0,0.0,0.0,0.0,0.0,0.57487122,0.57487122,0.57487122,0.57487122,0.57487122,0.0,0.0,0.0,0.0,0.0
0xc60a83f1f74a92d6693f5f709957113dfcdcf971,1,2024-11-28,2024-11-28,0,1,11.088625,11.088625,11.088625,11.088625,11.088625,10.7781435,10.7781435,10.7781435,10.7781435,10.7781435,11.088625,11.088625,11.088625,10.7781435,10.7781435,10.7781435,0.0,0.0,0.0,0.0,0.0,11.088625,11.088625,11.088625,11.088625,11.088625,0.0,0.0,0.0,0.0,0.0,10.7781435,10.7781435,10.7781435,10.7781435,10.7781435
0xee47a31e141608b7514c1909977f92940798769e,1,2024-10-31,2024-10-31,0,1,-35.71,-35.71,-35.71,-35.71,-35.71,-21.60455,-21.60455,-21.60455,-21.60455,-21.60455,-35.71,-35.71,-35.71,-21.60455,-21.60455,-21.60455,0.0,0.0,0.0,0.0,0.0,-35.71,-35.71,-35.71,-35.71,-35.71,0.0,0.0,0.0,0.0,0.0,-21.60455,-21.60455,-21.60455,-21.60455,-21.60455
0x0b247573adf4bc2a5fd4e70a268caa5665e9313d,2,2024-09-23,2024-10-03,10,2,-0.13,0.132652,0.0013259999999999939,0.0013259999999999939,0.0026519999999999877,-0.126165,0.12867244,0.0012537199999999998,0.0012537199999999998,0.0025074399999999997,0.0026519999999999,0.132652,0.0026519999999999,0.0025074399999999,0.12867244,0.0025074399999999,-0.13,0.132652,0.0013259999999999939,0.0026519999999999877,0.0026519999999999,0.0,0.0,0.0,0.0,0.0,-0.126165,0.12867244,0.0012537199999999998,0.0025074399999999997,0.0025074399999999,0.0,0.0,0.0,0.0,0.0
0x2a315a8d15cfde768bcd47ba5cacf3ef5894f2f0,1,2025-11-05,2025-11-05,0,2,60.0,60.0,60.0,60.0,60.0,30.15,30.15,30.15,30.15,30.15,60.0,60.0,60.0,30.15,30.15,30.15,0.0,0.0,0.0,0.0,0.0,60.0,60.0,60.0,60.0,60.0,0.0,0.0,0.0,0.0,0.0,30.15,30.15,30.15,30.15,30.15
0xb4ff718555f9710400b3b671699d656285eb5470,1,2024-10-30,2024-10-30,0,1,3.0,3.0,3.0,3.0,3.0,1.14,1.14,1.14,1.14,1.14,3.0,3.0,3.0,1.14,1.14,1.14,3.0,3.0,3.0,3.0,3.0,0.0,0.0,0.0,0.0,0.0,1.14,1.14,1.14,1.14,1.14,0.0,0.0,0.0,0.0,0.0
0xac258bc15bc9d279e6b0be21ec2069a417e93a51,1,2024-10-04,2024-10-04,0,1,0.0038,0.0038,0.0038,0.0038,0.0038,0.0037772,0.0037772,0.0037772,0.0037772,0.0037772,0.0038,0.0038,0.0038,0.0037772,0.0037772,0.0037772,0.0,0.0,0.0,0.0,0.0,0.0038,0.0038,0.0038,0.0038,0.0038,0.0,0.0,0.0,0.0,0.0,0.0037772,0.0037772,0.0037772,0.0037772,0.0037772
0x0e725ca561983c7de454126d660258eb19a959da,2,2025-11-05,2025-11-10,5,2,-80.0,18.05,-30.975,-30.975,-61.95,-54.8,12.183750000000002,-21.308124999999997,-21.308124999999997,-42.616249999999994,-61.95,18.05,-61.95,-42.61625,12.183750000000002,-42.61625,-80.0,18.05,-30.975,-61.95,-61.95,0.0,0.0,0.0,0.0,0.0,-54.8,12.183750000000002,-21.308124999999997,-42.616249999999994,-42.61625,0.0,0.0,0.0,0.0,0.0
0x8ce3b9f90a48680ab6af47137c0ee9e6c3b8c5d0,1,2025-10-15,2025-10-15,0,1,1.08695,1.08695,1.08695,1.08695,1.08695,0.99455925,0.99455925,0.99455925,0.99455925,0.99455925,1.08695,1.08695,1.08695,0.99455925,0.99455925,0.99455925,1.08695,1.08695,1.08695,1.08695,1.08695,0.0,0.0,0.0,0.0,0.0,0.99455925,0.99455925,0.99455925,0.99455925,0.99455925,0.0,0.0,0.0,0.0,0.0
0xd909e1a8d1b86b19b2478f8f73d04cd7fe1baf7a,1,2024-11-23,2024-11-23,0,1,5.102039,5.102039,5.102039,5.102039,5.102039,4.997447200500001,4.997447200500001,4.997447200500001,4.997447200500001,4.997447200500001,5.102039,5.102039,5.102039,4.997447200500001,4.997447200500001,4.997447200500001,0.0,0.0,0.0,0.0,0.0,5.102039,5.102039,5.102039,5.102039,5.102039,0.0,0.0,0.0,0.0,0.0,4.997447200500001,4.997447200500001,4.997447200500001,4.997447200500001,4.997447200500001
0x008cd1a524af68615cad8d1d17410190291c4d28,1,2024-10-05,2024-10-05,0,1,0.0018,0.0018,0.0018,0.0018,0.0018,0.0017892,0.0017892,0.0017892,0.0017892,0.0017892,0.0018,0.0018,0.0018,0.0017892,0.0017892,0.0017892,0.0,0.0,0.0,0.0,0.0,0.0018,0.0018,0.0018,0.0018,0.0018,0.0,0.0,0.0,0.0,0.0,0.0017892,0.0017892,0.0017892,0.0017892,0.0017892
0xd5e6c899aa457ee345341ebdbe90cc74b541428e,1,2024-11-28,2024-11-28,0,1,7.049344,7.049344,7.049344,7.049344,7.049344,6.851962368,6.851962368,6.851962368,6.851962368,6.851962368,7.049344,7.049344,7.049344,6.851962368,6.851962368,6.851962368,0.0,0.0,0.0,0.0,0.0,7.049344,7.049344,7.049344,7.049344,7.049344,0.0,0.0,0.0,0.0,0.0,6.851962368,6.851962368,6.851962368,6.851962368,6.851962368
0xc95a8d56b73e2e100807481a1582aa27dfdcee11,2,2025-10-21,2025-10-23,2,2,-1.4,1.40425,0.0021250000000000435,0.0021250000000000435,0.004250000000000087,-1.309,1.31297375,0.0019868750000000546,0.0019868750000000546,0.003973750000000109,0.00425,1.40425,0.00425,0.0039737500000001,1.31297375,0.0039737500000001,-1.4,1.40425,0.0021250000000000435,0.004250000000000087,0.00425,0.0,0.0,0.0,0.0,0.0,-1.309,1.31297375,0.0019868750000000546,0.003973750000000109,0.0039737500000001,0.0,0.0,0.0,0.0,0.0
0xeaef974d4f84c8bd5f3452cb0eace4cc9acca732,2,2024-10-31,2024-11-03,3,2,-0.2182370000000005,0.229507,0.005634999999999751,0.005634999999999751,0.011269999999999503,-0.1479270250000001,0.1388517349999999,-0.004537645000000104,-0.004537645000000104,-0.009075290000000208,0.0112699999999995,0.229507,0.0112699999999995,-0.0090752900000002,0.1388517349999999,-0.0090752900000002,0.0,0.0017629999999995,0.00088149999999975,0.0017629999999995,0.0017629999999995,-0.22,0.229507,0.004753499999999994,0.009506999999999988,0.0095069999999999,0.0,0.0005729749999998,0.0002864874999999,0.0005729749999998,0.0005729749999998,-0.1485,0.1388517349999999,-0.00482413250000005,-0.0096482650000001,-0.009648265
0x76873f8dc5148728b4ee59af4c1a018880220023,1,2024-06-10,2024-06-10,0,3,10.010019,10.010019,10.010019,10.010019,10.010019,0.024988943,0.024988943,0.024988943,0.024988943,0.024988943,10.010019,10.010019,10.010019,0.024988943,0.024988943,0.024988943,10.010019,10.010019,10.010019,10.010019,10.010019,0.0,0.0,0.0,0.0,0.0,0.024988943,0.024988943,0.024988943,0.024988943,0.024988943,0.0,0.0,0.0,0.0,0.0
0x57c5de7efafb020e589f80e0da6e16e9b5c907aa,3,2024-11-06,2024-11-16,10,3,-14985.0,15000.0,40.65333333333333,106.96,121.96,-10114.875,14250.0,1393.5276666666666,45.458,4180.583,121.96,15000.0,15.0,4180.583,14250.0,4135.125,-14985.0,15000.0,5.0,15.0,15.0,0.0,106.96,35.65333333333333,106.96,106.96,-10114.875,14250.0,1378.375,4135.125,4135.125,0.0,45.458,15.152666666666667,45.458,45.458
0x47f6e2cd28f573959c38de9921e002336f9a24ab,2,2024-11-03,2024-11-07,4,2,-6.61,6.617646,0.0038229999999996878,0.0038229999999996878,0.0076459999999993755,-6.1473,2.15073495,-1.9982825250000003,-1.9982825250000003,-3.9965650500000005,0.0076459999999993,6.617646,0.0076459999999993,-3.996565050000001,2.15073495,-3.996565050000001,-6.61,6.617646,0.0038229999999996878,0.0076459999999993755,0.0076459999999993,0.0,0.0,0.0,0.0,0.0,-6.1473,2.15073495,-1.9982825250000003,-3.9965650500000005,-3.996565050000001,0.0,0.0,0.0,0.0,0.0
0x0feaac444f4a2dbbd2a15367e6ff26ac7e818526,1,2024-11-18,2024-11-18,0,1,0.245613,0.245613,0.245613,0.245613,0.245613,0.028245495,0.028245495,0.028245495,0.028245495,0.028245495,0.245613,0.245613,0.245613,0.028245495,0.028245495,0.028245495,0.245613,0.245613,0.245613,0.245613,0.245613,0.0,0.0,0.0,0.0,0.0,0.028245495,0.028245495,0.028245495,0.028245495,0.028245495,0.0,0.0,0.0,0.0,0.0
0x2093d5732f57601a95bc52ca1a1d462c5384b4c2,1,2024-10-25,2024-10-25,0,1,0.0038229999999999,0.0038229999999999,0.0038229999999999,0.0038229999999999,0.0038229999999999,0.0037140444999999,0.0037140444999999,0.0037140444999999,0.0037140444999999,0.0037140444999999,0.0038229999999999,0.0038229999999999,0.0038229999999999,0.0037140444999999,0.0037140444999999,0.0037140444999999,0.0038229999999999,0.0038229999999999,0.0038229999999999,0.0038229999999999,0.0038229999999999,0.0,0.0,0.0,0.0,0.0,0.0037140444999999,0.0037140444999999,0.0037140444999999,0.0037140444999999,0.0037140444999999,0.0,0.0,0.0,0.0,0.0
0x681b2ecd62afc3a1e179fd608a7064e3813dc067,1,2024-11-16,2024-11-16,0,1,0.285711,0.285711,0.285711,0.285711,0.285711,0.164283825,0.164283825,0.164283825,0.164283825,0.164283825,0.285711,0.285711,0.285711,0.164283825,0.164283825,0.164283825,0.285711,0.285711,0.285711,0.285711,0.285711,0.0,0.0,0.0,0.0,0.0,0.164283825,0.164283825,0.164283825,0.164283825,0.164283825,0.0,0.0,0.0,0.0,0.0
0x795872e7802d1db056c1b73d68c7b07197d232b6,2,2024-11-23,2024-12-02,9,2,-11.31,11.314983,0.0024914999999996468,0.0024914999999996468,0.0049829999999992935,-11.304345,11.0830258485,-0.11065957574999974,-0.11065957574999974,-0.22131915149999948,0.0049829999999992,11.314983,0.0049829999999992,-0.2213191515000012,11.0830258485,-0.2213191515000012,0.0,0.0,0.0,0.0,0.0,-11.31,11.314983,0.0024914999999996468,0.0049829999999992935,0.0049829999999992,0.0,0.0,0.0,0.0,0.0,-11.304345,11.0830258485,-0.11065957574999974,-0.22131915149999948,-0.2213191515000012
0x75288d1d9e5bed4208a9d323cb04802c469a3a54,1,2024-06-08,2024-06-08,0,1,61.11111,61.11111,61.11111,61.11111,61.11111,0.580555545,0.580555545,0.580555545,0.580555545,0.580555545,61.11111,61.11111,61.11111,0.580555545,0.580555545,0.580555545,61.11111,61.11111,61.11111,61.11111,61.11111,0.0,0.0,0.0,0.0,0.0,0.580555545,0.580555545,0.580555545,0.580555545,0.580555545,0.0,0.0,0.0,0.0,0.0
0x07828809ac4cd95574b7f2d3ff9749ba861450eb,1,2024-09-23,2024-09-23,0,1,0.0,0.0,0.0,0.0,0.0,0.0,0.0,0.0,0.0,0.0,0.0,0.0,0.0,0.0,0.0,0.0,0.0,0.0,0.0,0.0,0.0,0.0,0.0,0.0,0.0,0.0,0.0,0.0,0.0,0.0,0.0,0.0,0.0,0.0,0.0,0.0
0x98fb9ac0ffd8d9a72f9b93e7bc538954e00e7fdf,2,2025-10-30,2025-10-31,1,3,-5.43,5.440335,0.005167500000000214,0.005167500000000214,0.010335000000000427,-4.9956,4.977795445000001,-0.00890227749999939,-0.00890227749999939,-0.01780455499999878,0.0103350000000004,5.440335,0.0103350000000004,-0.0178045549999987,4.977795445000001,-0.0178045549999987,-5.43,5.440335,0.005167500000000214,0.010335000000000427,0.0103350000000004,0.0,0.0,0.0,0.0,0.0,-4.9956,4.977795445000001,-0.00890227749999939,-0.01780455499999878,-0.0178045549999987,0.0,0.0,0.0,0.0,0.0
0xb8f77d8bcb936a9e7102d5b56a320e717a9c48de,1,2024-11-27,2024-11-27,0,1,5.095599,5.095599,5.095599,5.095599,5.095599,4.6701164835,4.6701164835,4.6701164835,4.6701164835,4.6701164835,5.095599,5.095599,5.095599,4.6701164835,4.6701164835,4.6701164835,0.0,0.0,0.0,0.0,0.0,5.095599,5.095599,5.095599,5.095599,5.095599,0.0,0.0,0.0,0.0,0.0,4.6701164835,4.6701164835,4.6701164835,4.6701164835,4.6701164835
0x6d92ff554c869094c812dc2a5124f9c1f9af3a3e,2,2025-10-26,2025-11-04,9,4,-400.0,400.0,0.0,0.0,0.0,-175.0,187.0,6.0,6.0,12.0,0.0,400.0,0.0,12.0,187.0,12.0,-400.0,400.0,0.0,0.0,0.0,0.0,0.0,0.0,0.0,0.0,-175.0,187.0,6.0,12.0,12.0,0.0,0.0,0.0,0.0,0.0
0x61d01f24d0ffbcc50a9d74262819c61bcb0dfca2,2,2024-11-06,2024-11-11,5,2,-50.0,50.0,0.0,0.0,0.0,-38.5,47.5,4.5,4.5,9.0,0.0,50.0,0.0,9.0,47.5,9.0,-50.0,50.0,0.0,0.0,0.0,0.0,0.0,0.0,0.0,0.0,-38.5,47.5,4.5,9.0,9.0,0.0,0.0,0.0,0.0,0.0
0x16e511fd554e55a604a95943199986f07a8b399d,1,2024-11-15,2024-11-15,0,1,0.4842,0.4842,0.4842,0.4842,0.4842,0.401886,0.401886,0.401886,0.401886,0.401886,0.4842,0.4842,0.4842,0.401886,0.401886,0.401886,0.4842,0.4842,0.4842,0.4842,0.4842,0.0,0.0,0.0,0.0,0.0,0.401886,0.401886,0.401886,0.401886,0.401886,0.0,0.0,0.0,0.0,0.0
0xcf1e16c1b3880a3ee35e507923e8518e56029b17,1,2024-12-02,2024-12-02,0,1,5.005005,5.005005,5.005005,5.005005,5.005005,5.0025024975,5.0025024975,5.0025024975,5.0025024975,5.0025024975,5.005005,5.005005,5.005005,5.0025024975,5.0025024975,5.0025024975,0.0,0.0,0.0,0.0,0.0,5.005005,5.005005,5.005005,5.005005,5.005005,0.0,0.0,0.0,0.0,0.0,5.0025024975,5.0025024975,5.0025024975,5.0025024975,5.0025024975
0xa3e22cd32aa9238ef7dbcfb4761e33b9eaa1fdf8,1,2025-10-24,2025-10-24,0,4,-338.0,-338.0,-338.0,-338.0,-338.0,-312.05,-312.05,-312.05,-312.05,-312.05,-338.0,-338.0,-338.0,-312.05,-312.05,-312.05,-198.0,-198.0,-198.0,-198.0,-198.0,-140.0,-140.0,-140.0,-140.0,-140.0,-183.11,-183.11,-183.11,-183.11,-183.11,-128.94,-128.94,-128.94,-128.94,-128.94
0xc30010a01644bdf4455de27563ecc6a410781720,1,2024-11-01,2024-11-01,0,1,0.0055679999999997,0.0055679999999997,0.0055679999999997,0.0055679999999997,0.0055679999999997,0.0033407999999998,0.0033407999999998,0.0033407999999998,0.0033407999999998,0.0033407999999998,0.0055679999999997,0.0055679999999997,0.0055679999999997,0.0033407999999998,0.0033407999999998,0.0033407999999998,0.0,0.0,0.0,0.0,0.0,0.0055679999999997,0.0055679999999997,0.0055679999999997,0.0055679999999997,0.0055679999999997,0.0,0.0,0.0,0.0,0.0,0.0033407999999998,0.0033407999999998,0.0033407999999998,0.0033407999999998,0.0033407999999998
0x369f8a465a1fc2b4119b6353508fa5223eac2422,1,2025-11-05,2025-11-05,0,1,242.857141,242.857141,242.857141,242.857141,242.857141,54.642856725,54.642856725,54.642856725,54.642856725,54.642856725,242.857141,242.857141,242.857141,54.642856725,54.642856725,54.642856725,242.857141,242.857141,242.857141,242.857141,242.857141,0.0,0.0,0.0,0.0,0.0,54.642856725,54.642856725,54.642856725,54.642856725,54.642856725,0.0,0.0,0.0,0.0,0.0
0xdeb8d754c78eb2227f0e33bb9ac808f55d59f038,1,2024-06-08,2024-06-08,0,3,3.606779,3.606779,3.606779,3.606779,3.606779,0.0272053415,0.0272053415,0.0272053415,0.0272053415,0.0272053415,3.606779,3.606779,3.606779,0.0272053415,0.0272053415,0.0272053415,3.606779,3.606779,3.606779,3.606779,3.606779,0.0,0.0,0.0,0.0,0.0,0.0272053415,0.0272053415,0.0272053415,0.0272053415,0.0272053415,0.0,0.0,0.0,0.0,0.0
0x3fb71602ae437e02f34a4b246f84aed7925a4543,1,2024-10-17,2024-10-17,0,1,0.0024999999999999,0.0024999999999999,0.0024999999999999,0.0024999999999999,0.0024999999999999,0.0024874999999999,0.0024874999999999,0.0024874999999999,0.0024874999999999,0.0024874999999999,0.0024999999999999,0.0024999999999999,0.0024999999999999,0.0024874999999999,0.0024874999999999,0.0024874999999999,0.0,0.0,0.0,0.0,0.0,0.0024999999999999,0.0024999999999999,0.0024999999999999,0.0024999999999999,0.0024999999999999,0.0,0.0,0.0,0.0,0.0,0.0024874999999999,0.0024874999999999,0.0024874999999999,0.0024874999999999,0.0024874999999999
0xc97128d47fbc221c17ddb9ed20c005d494437bb2,2,2025-11-05,2025-11-18,13,2,-14.49,14.492751,0.001375499999999974,0.001375499999999974,0.002750999999999948,-10.07055,9.782606925,-0.14397153750000058,-0.14397153750000058,-0.28794307500000116,0.0027509999999999,14.492751,0.0027509999999999,-0.2879430749999976,9.782606925,-0.2879430749999976,-14.49,14.492751,0.001375499999999974,0.002750999999999948,0.0027509999999999,0.0,0.0,0.0,0.0,0.0,-10.07055,9.782606925,-0.14397153750000058,-0.28794307500000116,-0.2879430749999976,0.0,0.0,0.0,0.0,0.0
0x41b828a8363da32970e3c6243d8e2317ad16aceb,1,2024-11-27,2024-11-27,0,1,5.102,5.102,5.102,5.102,5.102,4.675983,4.675983,4.675983,4.675983,4.675983,5.102,5.102,5.102,4.675983,4.675983,4.675983,0.0,0.0,0.0,0.0,0.0,5.102,5.102,5.102,5.102,5.102,0.0,0.0,0.0,0.0,0.0,4.675983,4.675983,4.675983,4.675983,4.675983
0xf612f9f43b3eff6a672e83e36031ad75f4a77eb7,1,2024-11-16,2024-11-16,0,1,0.2258,0.2258,0.2258,0.2258,0.2258,0.1298349999999999,0.1298349999999999,0.1298349999999999,0.1298349999999999,0.1298349999999999,0.2258,0.2258,0.2258,0.1298349999999999,0.1298349999999999,0.1298349999999999,0.2258,0.2258,0.2258,0.2258,0.2258,0.0,0.0,0.0,0.0,0.0,0.1298349999999999,0.1298349999999999,0.1298349999999999,0.1298349999999999,0.1298349999999999,0.0,0.0,0.0,0.0,0.0
0x7023cbb3c68c67ce850d21aa73efb8793471fec4,1,2024-11-12,2024-11-12,0,1,0.641024,0.641024,0.641024,0.641024,0.641024,0.53204992,0.53204992,0.53204992,0.53204992,0.53204992,0.641024,0.641024,0.641024,0.53204992,0.53204992,0.53204992,0.641024,0.641024,0.641024,0.641024,0.641024,0.0,0.0,0.0,0.0,0.0,0.53204992,0.53204992,0.53204992,0.53204992,0.53204992,0.0,0.0,0.0,0.0,0.0
0x78d369be9708f6f29d4cfecaa4df64690d2c5159,1,2024-09-30,2024-09-30,0,1,0.0002909999999999,0.0002909999999999,0.0002909999999999,0.0002909999999999,0.0002909999999999,0.0002824154999999,0.0002824154999999,0.0002824154999999,0.0002824154999999,0.0002824154999999,0.0002909999999999,0.0002909999999999,0.0002909999999999,0.0002824154999999,0.0002824154999999,0.0002824154999999,0.0002909999999999,0.0002909999999999,0.0002909999999999,0.0002909999999999,0.0002909999999999,0.0,0.0,0.0,0.0,0.0,0.0002824154999999,0.0002824154999999,0.0002824154999999,0.0002824154999999,0.0002824154999999,0.0,0.0,0.0,0.0,0.0
0x41c7f7d1fb5ce740e010f510f8647c2d238fc8fb,3,2025-11-05,2025-11-08,3,3,-8.92,4.579709,0.002511333333333828,4.347825,0.007534000000001484,-6.2886,3.0913035750000004,-0.08750484999999959,2.9347818750000005,-0.2625145499999988,0.0075340000000014,8.927534000000001,0.0075340000000014,-0.2625145499999988,6.026085450000001,-0.2625145499999988,-8.92,4.579709,0.002511333333333828,0.007534000000001484,0.0075340000000014,0.0,0.0,0.0,0.0,0.0,-6.2886,3.0913035750000004,-0.08750484999999959,-0.2625145499999988,-0.2625145499999988,0.0,0.0,0.0,0.0,0.0
0x0f967a4e48e2880779e7bf1d063a38d7ac142f61,1,2025-10-29,2025-10-29,0,1,1.51515,1.51515,1.51515,1.51515,1.51515,0.97727175,0.97727175,0.97727175,0.97727175,0.97727175,1.51515,1.51515,1.51515,0.97727175,0.97727175,0.97727175,1.51515,1.51515,1.51515,1.51515,1.51515,0.0,0.0,0.0,0.0,0.0,0.97727175,0.97727175,0.97727175,0.97727175,0.97727175,0.0,0.0,0.0,0.0,0.0
0xc649cc8801e61badccb3c3fb5ecb4279ee760852,1,2024-10-17,2024-10-17,0,1,0.004,0.004,0.004,0.004,0.004,0.00398,0.00398,0.00398,0.00398,0.00398,0.004,0.004,0.004,0.00398,0.00398,0.00398,0.0,0.0,0.0,0.0,0.0,0.004,0.004,0.004,0.004,0.004,0.0,0.0,0.0,0.0,0.0,0.00398,0.00398,0.00398,0.00398,0.00398
0xad0b812fbf95215f981669be7870aaeb4b4fb081,1,2024-11-25,2024-11-25,0,1,1.028785,1.028785,1.028785,1.028785,1.028785,0.91356108,0.91356108,0.91356108,0.91356108,0.91356108,1.028785,1.028785,1.028785,0.91356108,0.91356108,0.91356108,0.0,0.0,0.0,0.0,0.0,1.028785,1.028785,1.028785,1.028785,1.028785,0.0,0.0,0.0,0.0,0.0,0.91356108,0.91356108,0.91356108,0.91356108,0.91356108
0xe570eda283182acd480cd1e72f41ad8129278d5c,1,2025-10-22,2025-10-22,0,1,1.08695,1.08695,1.08695,1.08695,1.08695,0.99455925,0.99455925,0.99455925,0.99455925,0.99455925,1.08695,1.08695,1.08695,0.99455925,0.99455925,0.99455925,1.08695,1.08695,1.08695,1.08695,1.08695,0.0,0.0,0.0,0.0,0.0,0.99455925,0.99455925,0.99455925,0.99455925,0.99455925,0.0,0.0,0.0,0.0,0.0
0x0f6d9c97fbfcf36432492c152e6d004d5c1f2f8f,2,2024-06-13,2024-06-14,1,2,-24.29,24.291416,0.0007080000000012632,0.0007080000000012632,0.0014160000000025263,-23.925649999999997,23.92704476,0.0006973800000018571,0.0006973800000018571,0.0013947600000037141,0.0014160000000025,24.291416,0.0014160000000025,0.0013947600000037,23.92704476,0.0013947600000037,-24.29,24.291416,0.0007080000000012632,0.0014160000000025263,0.0014160000000025,0.0,0.0,0.0,0.0,0.0,-23.925649999999997,23.92704476,0.0006973800000018571,0.0013947600000037141,0.0013947600000037,0.0,0.0,0.0,0.0,0.0
0xdfb1224e9d45a14de6a4a23a0c7d0170b56cbf31,1,2024-10-25,2024-10-25,0,1,3.067483,3.067483,3.067483,3.067483,3.067483,2.9800597345,2.9800597345,2.9800597345,2.9800597345,2.9800597345,3.067483,3.067483,3.067483,2.9800597345,2.9800597345,2.9800597345,3.067483,3.067483,3.067483,3.067483,3.067483,0.0,0.0,0.0,0.0,0.0,2.9800597345,2.9800597345,2.9800597345,2.9800597345,2.9800597345,0.0,0.0,0.0,0.0,0.0
0x6dbcc708bc7af1a6bd08da9ac94ee52b4575ae5e,1,2025-10-27,2025-10-27,0,1,1.08695,1.08695,1.08695,1.08695,1.08695,0.99455925,0.99455925,0.99455925,0.99455925,0.99455925,1.08695,1.08695,1.08695,0.99455925,0.99455925,0.99455925,1.08695,1.08695,1.08695,1.08695,1.08695,0.0,0.0,0.0,0.0,0.0,0.99455925,0.99455925,0.99455925,0.99455925,0.99455925,0.0,0.0,0.0,0.0,0.0
0x4a63dd9870cc5d7d8bd688d9d9f62bcc4d01ae51,1,2024-10-04,2024-10-04,0,1,0.003,0.003,0.003,0.003,0.003,0.002982,0.002982,0.002982,0.002982,0.002982,0.003,0.003,0.003,0.002982,0.002982,0.002982,0.0,0.0,0.0,0.0,0.0,0.003,0.003,0.003,0.003,0.003,0.0,0.0,0.0,0.0,0.0,0.002982,0.002982,0.002982,0.002982,0.002982
0x07325a9c4fdec0f3f1524349de1191066971c290,2,2025-11-05,2025-11-06,1,2,-27.17,27.173912,0.0019559999999998468,0.0019559999999998468,0.0039119999999996935,-24.7247,24.728259920000003,0.0017799600000021343,0.0017799600000021343,0.0035599200000042686,0.0039119999999996,27.173912,0.0039119999999996,0.0035599200000007,24.728259920000003,0.0035599200000007,-27.17,27.173912,0.0019559999999998468,0.0039119999999996935,0.0039119999999996,0.0,0.0,0.0,0.0,0.0,-24.7247,24.728259920000003,0.0017799600000021343,0.0035599200000042686,0.0035599200000007,0.0,0.0,0.0,0.0,0.0
0xef76efcb8f2dc9f651b30392c68c918ff006d9be,1,2024-12-01,2024-12-01,0,1,5.035245,5.035245,5.035245,5.035245,5.035245,4.9571987025,4.9571987025,4.9571987025,4.9571987025,4.9571987025,5.035245,5.035245,5.035245,4.9571987025,4.9571987025,4.9571987025,0.0,0.0,0.0,0.0,0.0,5.035245,5.035245,5.035245,5.035245,5.035245,0.0,0.0,0.0,0.0,0.0,4.9571987025,4.9571987025,4.9571987025,4.9571987025,4.9571987025
0x64eb3dc221a19b79a968e9c9fb28d347ad96967b,1,2024-12-02,2024-12-02,0,1,201.409868,201.409868,201.409868,201.409868,201.409868,201.309163066,201.309163066,201.309163066,201.309163066,201.309163066,201.409868,201.409868,201.409868,201.309163066,201.309163066,201.309163066,0.0,0.0,0.0,0.0,0.0,201.409868,201.409868,201.409868,201.409868,201.409868,0.0,0.0,0.0,0.0,0.0,201.309163066,201.309163066,201.309163066,201.309163066,201.309163066
0x7be45b9dffee80cda73dc1e5836a6a9c7378f487,1,2024-10-30,2024-10-30,0,1,0.384614,0.384614,0.384614,0.384614,0.384614,0.14615332,0.14615332,0.14615332,0.14615332,0.14615332,0.384614,0.384614,0.384614,0.14615332,0.14615332,0.14615332,0.384614,0.384614,0.384614,0.384614,0.384614,0.0,0.0,0.0,0.0,0.0,0.14615332,0.14615332,0.14615332,0.14615332,0.14615332,0.0,0.0,0.0,0.0,0.0
0x2a372a2fcb0a25f8889edc37cfb91ac71dd9ba8a,2,2024-06-08,2024-06-10,2,3,-8.13,108.139528,50.004764,50.004764,100.009528,-7.601550000000001,8.38138936,0.3899196799999993,0.3899196799999993,0.7798393599999986,100.009528,108.139528,100.009528,0.7798393599999986,8.38138936,0.7798393599999986,-8.13,108.139528,50.004764,100.009528,100.009528,0.0,0.0,0.0,0.0,0.0,-7.601550000000001,8.38138936,0.3899196799999993,0.7798393599999986,0.7798393599999986,0.0,0.0,0.0,0.0,0.0
0xa4e773a46c18816aa1a901d82016e771c1cc7059,1,2024-12-02,2024-12-02,0,1,8.008008,8.008008,8.008008,8.008008,8.008008,8.004003996000002,8.004003996000002,8.004003996000002,8.004003996000002,8.004003996000002,8.008008,8.008008,8.008008,8.004003996000002,8.004003996000002,8.004003996000002,0.0,0.0,0.0,0.0,0.0,8.008008,8.008008,8.008008,8.008008,8.008008,0.0,0.0,0.0,0.0,0.0,8.004003996000002,8.004003996000002,8.004003996000002,8.004003996000002,8.004003996000002
0x53c03cdfa94a39c8d6749ce7919613b08e64f74d,1,2024-11-18,2024-11-18,0,1,13.33,13.33,13.33,13.33,13.33,11.79705,11.79705,11.79705,11.79705,11.79705,13.33,13.33,13.33,11.79705,11.79705,11.79705,0.0,0.0,0.0,0.0,0.0,13.33,13.33,13.33,13.33,13.33,0.0,0.0,0.0,0.0,0.0,11.79705,11.79705,11.79705,11.79705,11.79705
0xf83ec0e37ac9eece71c064507270e9001a734663,1,2025-11-04,2025-11-04,0,1,20.0,20.0,20.0,20.0,20.0,17.9,17.9,17.9,17.9,17.9,20.0,20.0,20.0,17.9,17.9,17.9,0.0,0.0,0.0,0.0,0.0,20.0,20.0,20.0,20.0,20.0,0.0,0.0,0.0,0.0,0.0,17.9,17.9,17.9,17.9,17.9
0x1fd0b45ad25e1ed781e21a192164fd01d775e7ed,2,2024-11-07,2024-11-10,3,2,-2.38,2.38095,0.0004750000000000032,0.0004750000000000032,0.0009500000000000064,-1.7373999999999998,2.2142835,0.23844175000000012,0.23844175000000012,0.47688350000000024,0.00095,2.38095,0.00095,0.4768835000000002,2.2142835,0.4768835000000002,-2.38,2.38095,0.0004750000000000032,0.0009500000000000064,0.00095,0.0,0.0,0.0,0.0,0.0,-1.7373999999999998,2.2142835,0.23844175000000012,0.47688350000000024,0.4768835000000002,0.0,0.0,0.0,0.0,0.0
0x8ebbadf5ed8d089e228d7be6da6e1d7e2d5995c1,1,2024-11-02,2024-11-02,0,1,0.0096759999999997,0.0096759999999997,0.0096759999999997,0.0096759999999997,0.0096759999999997,0.0058055999999998,0.0058055999999998,0.0058055999999998,0.0058055999999998,0.0058055999999998,0.0096759999999997,0.0096759999999997,0.0096759999999997,0.0058055999999998,0.0058055999999998,0.0058055999999998,0.0,0.0,0.0,0.0,0.0,0.0096759999999997,0.0096759999999997,0.0096759999999997,0.0096759999999997,0.0096759999999997,0.0,0.0,0.0,0.0,0.0,0.0058055999999998,0.0058055999999998,0.0058055999999998,0.0058055999999998,0.0058055999999998
0xccbfc25ff508c0a6626ef2e3c861194d2f24dce5,1,2024-11-29,2024-11-29,0,1,17.189,17.189,17.189,17.189,17.189,16.8366255,16.8366255,16.8366255,16.8366255,16.8366255,17.189,17.189,17.189,16.8366255,16.8366255,16.8366255,0.0,0.0,0.0,0.0,0.0,17.189,17.189,17.189,17.189,17.189,0.0,0.0,0.0,0.0,0.0,16.8366255,16.8366255,16.8366255,16.8366255,16.8366255
0x8238a57bb91bbafaafc91c224bbd89bc1fc6160d,1,2024-06-06,2024-06-06,0,1,5.376342,5.376342,5.376342,5.376342,5.376342,4.86558951,4.86558951,4.86558951,4.86558951,4.86558951,5.376342,5.376342,5.376342,4.86558951,4.86558951,4.86558951,5.376342,5.376342,5.376342,5.376342,5.376342,0.0,0.0,0.0,0.0,0.0,4.86558951,4.86558951,4.86558951,4.86558951,4.86558951,0.0,0.0,0.0,0.0,0.0
0xdafb498f20c8edb44444825e13a8857d54b30bfe,1,2024-11-06,2024-11-06,0,1,2.439022,2.439022,2.439022,2.439022,2.439022,2.3170709,2.3170709,2.3170709,2.3170709,2.3170709,2.439022,2.439022,2.439022,2.3170709,2.3170709,2.3170709,2.439022,2.439022,2.439022,2.439022,2.439022,0.0,0.0,0.0,0.0,0.0,2.3170709,2.3170709,2.3170709,2.3170709,2.3170709,0.0,0.0,0.0,0.0,0.0
0x31060e9b2c0703d6009154e38092d475b00cd672,2,2025-10-23,2025-10-25,2,2,7.142856,35.714284,21.42857,21.42857,42.85714,0.92857128,4.64285692,2.7857141,2.7857141,5.5714282,42.85714,42.85714,7.142856,5.5714282,5.5714282,0.92857128,0.0,0.0,0.0,0.0,0.0,7.142856,35.714284,21.42857,42.85714,42.85714,0.0,0.0,0.0,0.0,0.0,0.92857128,4.64285692,2.7857141,5.5714282,5.5714282
0x3054009d57aa14754b3ad20e3d9b794c1e329837,1,2025-10-18,2025-10-18,0,1,100.0,100.0,100.0,100.0,100.0,56.99999999999999,56.99999999999999,56.99999999999999,56.99999999999999,56.99999999999999,100.0,100.0,100.0,56.99999999999999,56.99999999999999,56.99999999999999,0.0,0.0,0.0,0.0,0.0,100.0,100.0,100.0,100.0,100.0,0.0,0.0,0.0,0.0,0.0,56.99999999999999,56.99999999999999,56.99999999999999,56.99999999999999,56.99999999999999
0xf8ee3fb3b6d2022f853e55679f5761fd8d9a2102,1,2025-10-30,2025-10-30,0,1,1.11111,1.11111,1.11111,1.11111,1.11111,0.99444345,0.99444345,0.99444345,0.99444345,0.99444345,1.11111,1.11111,1.11111,0.99444345,0.99444345,0.99444345,1.11111,1.11111,1.11111,1.11111,1.11111,0.0,0.0,0.0,0.0,0.0,0.99444345,0.99444345,0.99444345,0.99444345,0.99444345,0.0,0.0,0.0,0.0,0.0
0x5a0a4be7a1c71fc21b61237e188c76fb7153ee15,1,2024-06-09,2024-06-09,0,1,600.0,600.0,600.0,600.0,600.0,0.9,0.9,0.9,0.9,0.9,600.0,600.0,600.0,0.9,0.9,0.9,600.0,600.0,600.0,600.0,600.0,0.0,0.0,0.0,0.0,0.0,0.9,0.9,0.9,0.9,0.9,0.0,0.0,0.0,0.0,0.0
0xd5bae9b7028b3cc27c33b6ad875749142dd1f145,1,2024-10-04,2024-10-04,0,1,0.0021999999999999,0.0021999999999999,0.0021999999999999,0.0021999999999999,0.0021999999999999,0.0021867999999999,0.0021867999999999,0.0021867999999999,0.0021867999999999,0.0021867999999999,0.0021999999999999,0.0021999999999999,0.0021999999999999,0.0021867999999999,0.0021867999999999,0.0021867999999999,0.0,0.0,0.0,0.0,0.0,0.0021999999999999,0.0021999999999999,0.0021999999999999,0.0021999999999999,0.0021999999999999,0.0,0.0,0.0,0.0,0.0,0.0021867999999999,0.0021867999999999,0.0021867999999999,0.0021867999999999,0.0021867999999999
0xc3e546b52aedffc03ab0ed48bb95ecd4bf78aa04,1,2024-11-25,2024-11-25,0,1,1.028785,1.028785,1.028785,1.028785,1.028785,0.91356108,0.91356108,0.91356108,0.91356108,0.91356108,1.028785,1.028785,1.028785,0.91356108,0.91356108,0.91356108,0.0,0.0,0.0,0.0,0.0,1.028785,1.028785,1.028785,1.028785,1.028785,0.0,0.0,0.0,0.0,0.0,0.91356108,0.91356108,0.91356108,0.91356108,0.91356108
0x264251aee3feaf494f0e8760c3c8c2ffcbd9c8ae,1,2025-10-31,2025-10-31,0,1,1.785713,1.785713,1.785713,1.785713,1.785713,0.383928295,0.383928295,0.383928295,0.383928295,0.383928295,1.785713,1.785713,1.785713,0.383928295,0.383928295,0.383928295,0.0,0.0,0.0,0.0,0.0,1.785713,1.785713,1.785713,1.785713,1.785713,0.0,0.0,0.0,0.0,0.0,0.383928295,0.383928295,0.383928295,0.383928295,0.383928295
0x1d2272734a719718e06dd16cc6fd7b820ab5bd7f,1,2024-09-28,2024-09-28,0,1,0.0043329999999999,0.0043329999999999,0.0043329999999999,0.0043329999999999,0.0043329999999999,0.0042051764999999,0.0042051764999999,0.0042051764999999,0.0042051764999999,0.0042051764999999,0.0043329999999999,0.0043329999999999,0.0043329999999999,0.0042051764999999,0.0042051764999999,0.0042051764999999,0.0043329999999999,0.0043329999999999,0.0043329999999999,0.0043329999999999,0.0043329999999999,0.0,0.0,0.0,0.0,0.0,0.0042051764999999,0.0042051764999999,0.0042051764999999,0.0042051764999999,0.0042051764999999,0.0,0.0,0.0,0.0,0.0
0xd3989ba133ab48b5b3a81e3dba9b37b5966a46d7,3,2024-06-05,2024-06-18,13,3,-200.0,200.0,0.0,0.0,0.0,-2.4,3.0,0.20000000000000004,0.0,0.6000000000000001,0.0,200.0,0.0,0.6000000000000001,3.0,0.0,0.0,0.0,0.0,0.0,0.0,-200.0,200.0,0.0,0.0,0.0,0.0,0.0,0.0,0.0,0.0,-2.4,3.0,0.20000000000000004,0.6000000000000001,0.6000000000000001
0xe2b1fc269d0c2e27da11fadd1d9596fe28227d2a,5,2024-06-06,2024-10-30,146,6,-646.0,689.97,120.45600000000002,38.47,602.2800000000001,-26.163,687.5001050000001,150.921361,33.4689,754.606805,602.2800000000001,602.2800000000001,-146.0,754.606805,754.606805,21.337,0.0,38.47,9.693999999999999,48.47,48.47,-646.0,679.97,110.76200000000001,553.8100000000001,553.8100000000001,0.0,33.4689,8.67578,43.3789,43.3789,-26.163,677.5901050000001,142.24558100000002,711.2279050000001,711.2279050000001
0x69f3ba62e422e7946acca49dbe173b2a85fc4d34,1,2024-06-10,2024-06-10,0,2,5.010019,5.010019,5.010019,5.010019,5.010019,0.017488943,0.017488943,0.017488943,0.017488943,0.017488943,5.010019,5.010019,5.010019,0.017488943,0.017488943,0.017488943,5.010019,5.010019,5.010019,5.010019,5.010019,0.0,0.0,0.0,0.0,0.0,0.017488943,0.017488943,0.017488943,0.017488943,0.017488943,0.0,0.0,0.0,0.0,0.0
0x7cca544c0fd10facec5dcc95b5a9da90fbd027d3,2,2024-11-17,2024-11-27,10,2,-5.81,75.11111,34.650555,34.650555,69.30111,-5.324865,32.67333285,13.674233925000001,13.674233925000001,27.348467850000002,69.30111,75.11111,69.30111,27.34846785,32.67333285,27.34846785,0.0,0.0,0.0,0.0,0.0,-5.81,75.11111,34.650555,69.30111,69.30111,0.0,0.0,0.0,0.0,0.0,-5.324865,32.67333285,13.674233925000001,27.348467850000002,27.34846785
0xd6331a7c53490c973fbd0c001e7665d5e8447d79,1,2024-11-16,2024-11-16,0,1,0.2258,0.2258,0.2258,0.2258,0.2258,0.1298349999999999,0.1298349999999999,0.1298349999999999,0.1298349999999999,0.1298349999999999,0.2258,0.2258,0.2258,0.1298349999999999,0.1298349999999999,0.1298349999999999,0.2258,0.2258,0.2258,0.2258,0.2258,0.0,0.0,0.0,0.0,0.0,0.1298349999999999,0.1298349999999999,0.1298349999999999,0.1298349999999999,0.1298349999999999,0.0,0.0,0.0,0.0,0.0
0x0b2207c59d65ce04d948f18ea10b4fc6fcdeb4fc,1,2024-11-18,2024-11-18,0,1,0.452828,0.452828,0.452828,0.452828,0.452828,0.05207522,0.05207522,0.05207522,0.05207522,0.05207522,0.452828,0.452828,0.452828,0.05207522,0.05207522,0.05207522,0.452828,0.452828,0.452828,0.452828,0.452828,0.0,0.0,0.0,0.0,0.0,0.05207522,0.05207522,0.05207522,0.05207522,0.05207522,0.0,0.0,0.0,0.0,0.0
0x8db38c09e327a651e914f4296592495c95f45bbd,1,2024-11-29,2024-11-29,0,1,6.060605,6.060605,6.060605,6.060605,6.060605,5.9363625975,5.9363625975,5.9363625975,5.9363625975,5.9363625975,6.060605,6.060605,6.060605,5.9363625975,5.9363625975,5.9363625975,0.0,0.0,0.0,0.0,0.0,6.060605,6.060605,6.060605,6.060605,6.060605,0.0,0.0,0.0,0.0,0.0,5.9363625975,5.9363625975,5.9363625975,5.9363625975,5.9363625975
0x3cf3e8d5427aed066a7a5926980600f6c3cf87b3,6,2024-06-05,2024-06-12,7,18,-1685.0,4109.0,319.51500000000004,-81.72,1917.0900000000001,-183.55946,4044.5845,751.3621533333334,58.0257,4508.17292,1917.09,4240.88,110.0,4508.17292,4508.17292,96.25,-2119.0,510.0,-321.76500000000004,-1930.5900000000001,-1930.59,-185.32,3599.0,641.28,3847.68,3847.68,-154.54101999999995,489.345,115.49031333333335,692.9418800000001,692.9418800000001,-183.55946,3555.2395,635.87184,3815.23104,3815.23104
0xa6ae7dbd1f8268c2f1134b46fecd7b35750d1af9,2,2024-10-31,2024-11-03,3,2,0.025,0.027026,0.026013,0.026013,0.052026,0.00878345,0.009875,0.009329225,0.009329225,0.01865845,0.052026,0.052026,0.025,0.01865845,0.01865845,0.009875,0.025,0.027026,0.026013,0.052026,0.052026,0.0,0.0,0.0,0.0,0.0,0.00878345,0.009875,0.009329225,0.01865845,0.01865845,0.0,0.0,0.0,0.0,0.0
0x5a29ae95421572878186bedf1d79a249b1c81e65,1,2025-11-14,2025-11-14,0,1,21.978,21.978,21.978,21.978,21.978,19.67031,19.67031,19.67031,19.67031,19.67031,21.978,21.978,21.978,19.67031,19.67031,19.67031,21.978,21.978,21.978,21.978,21.978,0.0,0.0,0.0,0.0,0.0,19.67031,19.67031,19.67031,19.67031,19.67031,0.0,0.0,0.0,0.0,0.0
0x5545d335768c43b21083945ab1ee821afc91409c,1,2024-11-15,2024-11-15,0,1,0.129028,0.129028,0.129028,0.129028,0.129028,0.1070932399999999,0.1070932399999999,0.1070932399999999,0.1070932399999999,0.1070932399999999,0.129028,0.129028,0.129028,0.1070932399999999,0.1070932399999999,0.1070932399999999,0.129028,0.129028,0.129028,0.129028,0.129028,0.0,0.0,0.0,0.0,0.0,0.1070932399999999,0.1070932399999999,0.1070932399999999,0.1070932399999999,0.1070932399999999,0.0,0.0,0.0,0.0,0.0
0x05d72bf3b0ef93ec9eb083247875099f2f93ec88,1,2024-09-30,2024-09-30,0,1,0.0043199999999999,0.0043199999999999,0.0043199999999999,0.0043199999999999,0.0043199999999999,0.0041925599999999,0.0041925599999999,0.0041925599999999,0.0041925599999999,0.0041925599999999,0.0043199999999999,0.0043199999999999,0.0043199999999999,0.0041925599999999,0.0041925599999999,0.0041925599999999,0.0043199999999999,0.0043199999999999,0.0043199999999999,0.0043199999999999,0.0043199999999999,0.0,0.0,0.0,0.0,0.0,0.0041925599999999,0.0041925599999999,0.0041925599999999,0.0041925599999999,0.0041925599999999,0.0,0.0,0.0,0.0,0.0
0xdfb0d2ef8e9289bfbd35d0ec108a784d139e74d4,1,2024-12-01,2024-12-01,0,1,9.063443,9.063443,9.063443,9.063443,9.063443,8.9229596335,8.9229596335,8.9229596335,8.9229596335,8.9229596335,9.063443,9.063443,9.063443,8.9229596335,8.9229596335,8.9229596335,0.0,0.0,0.0,0.0,0.0,9.063443,9.063443,9.063443,9.063443,9.063443,0.0,0.0,0.0,0.0,0.0,8.9229596335,8.9229596335,8.9229596335,8.9229596335,8.9229596335
0x7acff93a4f459ba2ac0fcc19eadb6d2ef0cef67b,3,2024-11-16,2024-11-26,10,3,-200.31,200.318817,37.682939,113.04,113.048817,-23.03565,115.183319775,64.853969925,102.41424,194.561909775,113.048817,200.318817,0.0088169999999934,194.561909775,194.561909775,92.14766977499998,-200.31,200.318817,0.0029389999999978045,0.008816999999993413,0.0088169999999934,0.0,113.04,37.68,113.04,113.04,-23.03565,115.183319775,30.715889925,92.147669775,92.14766977499998,0.0,102.41424,34.13808,102.41424,102.41424
0x7c9eee2cb0c383d806e0b26103558004fd9b1350,1,2024-11-16,2024-11-16,0,1,0.193542,0.193542,0.193542,0.193542,0.193542,0.1112866499999999,0.1112866499999999,0.1112866499999999,0.1112866499999999,0.1112866499999999,0.193542,0.193542,0.193542,0.1112866499999999,0.1112866499999999,0.1112866499999999,0.193542,0.193542,0.193542,0.193542,0.193542,0.0,0.0,0.0,0.0,0.0,0.1112866499999999,0.1112866499999999,0.1112866499999999,0.1112866499999999,0.1112866499999999,0.0,0.0,0.0,0.0,0.0
0xa772c22765fd6e6edbdcb2bdf738e32c4131a119,2,2024-11-23,2024-11-30,7,2,22.222221,26.43678,24.3295005,24.3295005,48.659001,21.8555543535,25.89482601,23.87519018175,23.87519018175,47.7503803635,48.659001,48.659001,26.43678,47.7503803635,47.7503803635,25.89482601,0.0,0.0,0.0,0.0,0.0,22.222221,26.43678,24.3295005,48.659001,48.659001,0.0,0.0,0.0,0.0,0.0,21.8555543535,25.89482601,23.87519018175,47.7503803635,47.7503803635
0x70a5d3f0384d01e7ffb59d3672f34fbec9ce4a3c,1,2025-11-05,2025-11-05,0,1,5.7971,5.7971,5.7971,5.7971,5.7971,3.9130425,3.9130425,3.9130425,3.9130425,3.9130425,5.7971,5.7971,5.7971,3.9130425,3.9130425,3.9130425,5.7971,5.7971,5.7971,5.7971,5.7971,0.0,0.0,0.0,0.0,0.0,3.9130425,3.9130425,3.9130425,3.9130425,3.9130425,0.0,0.0,0.0,0.0,0.0
0xf747511df540e378efb2e3fceabfc6fe7b867798,2,2024-11-08,2024-11-10,2,2,-5.2,5.208325,0.004162500000000069,0.004162500000000069,0.008325000000000138,-3.796,4.713534125000001,0.45876706250000043,0.45876706250000043,0.9175341250000009,0.0083250000000001,5.208325,0.0083250000000001,0.9175341250000008,4.713534125000001,0.9175341250000008,-5.2,5.208325,0.004162500000000069,0.008325000000000138,0.0083250000000001,0.0,0.0,0.0,0.0,0.0,-3.796,4.713534125000001,0.45876706250000043,0.9175341250000009,0.9175341250000008,0.0,0.0,0.0,0.0,0.0
0xa951f3f622508c4b892aa0313eb2ee9292d69544,1,2025-11-01,2025-11-01,0,1,45.454544,45.454544,45.454544,45.454544,45.454544,4.77272712,4.77272712,4.77272712,4.77272712,4.77272712,45.454544,45.454544,45.454544,4.77272712,4.77272712,4.77272712,0.0,0.0,0.0,0.0,0.0,45.454544,45.454544,45.454544,45.454544,45.454544,0.0,0.0,0.0,0.0,0.0,4.77272712,4.77272712,4.77272712,4.77272712,4.77272712
0xfacc8dd9e518c576f8116fc1c51c6a70b0395c3e,2,2025-10-28,2025-11-14,17,4,-44.53,46.706955,1.0884774999999998,1.0884774999999998,2.1769549999999995,-19.18445,18.318812625,-0.4328186874999993,-0.4328186874999993,-0.8656373749999986,2.1769549999999995,46.706955,2.1769549999999995,-0.8656373749999986,18.318812625,-0.8656373749999986,-44.53,45.62,0.5449999999999982,1.0899999999999963,1.0899999999999963,0.0,1.086955,0.5434775,1.086955,1.086955,-19.18445,18.0199,-0.5822749999999992,-1.1645499999999984,-1.1645499999999984,0.0,0.298912625,0.1494563125,0.298912625,0.298912625
0x87ee7f1f4962d38a3e470cbdd848184f39012137,1,2024-11-28,2024-11-28,0,1,12.084591,12.084591,12.084591,12.084591,12.084591,11.746222452,11.746222452,11.746222452,11.746222452,11.746222452,12.084591,12.084591,12.084591,11.746222452,11.746222452,11.746222452,0.0,0.0,0.0,0.0,0.0,12.084591,12.084591,12.084591,12.084591,12.084591,0.0,0.0,0.0,0.0,0.0,11.746222452,11.746222452,11.746222452,11.746222452,11.746222452
0xa3f21001ae2f23d3caf14ed5f47310f2f991fd43,1,2024-11-01,2024-11-01,0,1,0.0,0.0,0.0,0.0,0.0,0.0,0.0,0.0,0.0,0.0,0.0,0.0,0.0,0.0,0.0,0.0,0.0,0.0,0.0,0.0,0.0,0.0,0.0,0.0,0.0,0.0,0.0,0.0,0.0,0.0,0.0,0.0,0.0,0.0,0.0,0.0
0x6ec2f58a711221e1f90563a52cac42d72f79c992,1,2025-11-06,2025-11-06,0,1,5.434775,5.434775,5.434775,5.434775,5.434775,4.94564525,4.94564525,4.94564525,4.94564525,4.94564525,5.434775,5.434775,5.434775,4.94564525,4.94564525,4.94564525,0.0,0.0,0.0,0.0,0.0,5.434775,5.434775,5.434775,5.434775,5.434775,0.0,0.0,0.0,0.0,0.0,4.94564525,4.94564525,4.94564525,4.94564525,4.94564525
0x8df1e8deb689ab43eea50151923fd04e6567d7fb,6,2024-06-07,2024-06-12,5,31,40.0,140.0,73.35333333333334,50.0,440.12,30.300000000000004,137.44,69.24734500000001,44.635000000000005,415.48407000000003,440.12,440.12,120.0,415.48407,415.48407,118.665,0.0,0.0,0.0,0.0,0.0,40.0,140.0,73.35333333333334,440.12,440.12,0.0,0.0,0.0,0.0,0.0,30.300000000000004,137.44,69.24734500000001,415.48407000000003,415.48407
0x3e5630959499c5b5e55aceeeeae7446933d335d5,8,2024-11-14,2024-11-28,14,8,-344.75,194.59988,2.2074849999999984,21.76,17.659879999999987,-42.749,101.94093099999998,15.448697624999994,9.281600000000001,123.58958099999995,17.659879999999987,444.40988,17.659879999999987,123.58958099999997,203.91008099999996,49.77435,-344.75,146.68,-6.087515000000003,-48.70012000000003,-48.70012000000003,0.0,66.36,8.295,66.36,66.36,-42.749,73.73793099999997,11.923322624999994,95.38658099999995,95.38658099999996,0.0,28.203,3.525375,28.203,28.203
0x62623595de636521500f369217088473cb6f9beb,1,2024-06-10,2024-06-10,0,4,15.010019,15.010019,15.010019,15.010019,15.010019,0.032488943,0.032488943,0.032488943,0.032488943,0.032488943,15.010019,15.010019,15.010019,0.032488943,0.032488943,0.032488943,15.010019,15.010019,15.010019,15.010019,15.010019,0.0,0.0,0.0,0.0,0.0,0.032488943,0.032488943,0.032488943,0.032488943,0.032488943,0.0,0.0,0.0,0.0,0.0
0x64f232a4b9ef5fead15d23c8d46260f12615eece,1,2024-11-28,2024-11-28,0,1,7.049344,7.049344,7.049344,7.049344,7.049344,6.851962368,6.851962368,6.851962368,6.851962368,6.851962368,7.049344,7.049344,7.049344,6.851962368,6.851962368,6.851962368,0.0,0.0,0.0,0.0,0.0,7.049344,7.049344,7.049344,7.049344,7.049344,0.0,0.0,0.0,0.0,0.0,6.851962368,6.851962368,6.851962368,6.851962368,6.851962368
0x49431d2adb2c1aca50dc88ee0c526ccb0c99d1a1,1,2024-06-10,2024-06-10,0,4,15.020118,15.020118,15.020118,15.020118,15.020118,0.042557646,0.042557646,0.042557646,0.042557646,0.042557646,15.020118,15.020118,15.020118,0.042557646,0.042557646,0.042557646,15.020118,15.020118,15.020118,15.020118,15.020118,0.0,0.0,0.0,0.0,0.0,0.042557646,0.042557646,0.042557646,0.042557646,0.042557646,0.0,0.0,0.0,0.0,0.0
0xcb8c682f2c66f32fd5905d75e19c20ea431ada74,1,2024-10-27,2024-10-27,0,1,0.0050899999999998,0.0050899999999998,0.0050899999999998,0.0050899999999998,0.0050899999999998,0.0049907449999998,0.0049907449999998,0.0049907449999998,0.0049907449999998,0.0049907449999998,0.0050899999999998,0.0050899999999998,0.0050899999999998,0.0049907449999998,0.0049907449999998,0.0049907449999998,0.0,0.0,0.0,0.0,0.0,0.0050899999999998,0.0050899999999998,0.0050899999999998,0.0050899999999998,0.0050899999999998,0.0,0.0,0.0,0.0,0.0,0.0049907449999998,0.0049907449999998,0.0049907449999998,0.0049907449999998,0.0049907449999998
0x95bfd6dfcc35b6a14fcf8000136dd261970eb687,1,2024-11-25,2024-11-25,0,1,1.028785,1.028785,1.028785,1.028785,1.028785,0.91356108,0.91356108,0.91356108,0.91356108,0.91356108,1.028785,1.028785,1.028785,0.91356108,0.91356108,0.91356108,0.0,0.0,0.0,0.0,0.0,1.028785,1.028785,1.028785,1.028785,1.028785,0.0,0.0,0.0,0.0,0.0,0.91356108,0.91356108,0.91356108,0.91356108,0.91356108
0xb45578a307919f0def8287f22547e7c487dd03de,1,2024-11-04,2024-11-04,0,1,1120.890713,1120.890713,1120.890713,1120.890713,1120.890713,9.5275710605,9.5275710605,9.5275710605,9.5275710605,9.5275710605,1120.890713,1120.890713,1120.890713,9.5275710605,9.5275710605,9.5275710605,1120.890713,1120.890713,1120.890713,1120.890713,1120.890713,0.0,0.0,0.0,0.0,0.0,9.5275710605,9.5275710605,9.5275710605,9.5275710605,9.5275710605,0.0,0.0,0.0,0.0,0.0
0x48b87f4f50fc0508fa0b7bf884bde40da981c188,2,2025-11-06,2025-11-08,2,3,-3.44,3.451606,0.005803000000000003,0.005803000000000003,0.011606000000000005,-0.7912,0.77661135,-0.00729432499999999,-0.00729432499999999,-0.01458864999999998,0.011606,3.451606,0.011606,-0.0145886499999999,0.77661135,-0.0145886499999999,0.0,0.0033319999999998,0.0016659999999999,0.0033319999999998,0.0033319999999998,-3.44,3.448274,0.004137000000000057,0.008274000000000115,0.0082740000000001,0.0,0.0007496999999999,0.00037484999999995,0.0007496999999999,0.0007496999999999,-0.7912,0.7758616500000001,-0.0076691749999999725,-0.015338349999999945,-0.0153383499999999
0x4925095a5a27ab8371ac34b715c7a8783157a45e,1,2024-12-01,2024-12-01,0,1,6.042295,6.042295,6.042295,6.042295,6.042295,5.948639427500001,5.948639427500001,5.948639427500001,5.948639427500001,5.948639427500001,6.042295,6.042295,6.042295,5.948639427500001,5.948639427500001,5.948639427500001,0.0,0.0,0.0,0.0,0.0,6.042295,6.042295,6.042295,6.042295,6.042295,0.0,0.0,0.0,0.0,0.0,5.948639427500001,5.948639427500001,5.948639427500001,5.948639427500001,5.948639427500001
0x6435956e030fa99d7af82fcb5f620ad6d97b1e52,1,2024-10-09,2024-10-09,0,1,1.538416,1.538416,1.538416,1.538416,1.538416,1.498417184,1.498417184,1.498417184,1.498417184,1.498417184,1.538416,1.538416,1.538416,1.498417184,1.498417184,1.498417184,0.0,0.0,0.0,0.0,0.0,1.538416,1.538416,1.538416,1.538416,1.538416,0.0,0.0,0.0,0.0,0.0,1.498417184,1.498417184,1.498417184,1.498417184,1.498417184
0xdf8483360896c98e549d6d536675413e4f740e25,1,2024-11-03,2024-11-03,0,1,0.0089539999999996,0.0089539999999996,0.0089539999999996,0.0089539999999996,0.0089539999999996,0.0060439499999997,0.0060439499999997,0.0060439499999997,0.0060439499999997,0.0060439499999997,0.0089539999999996,0.0089539999999996,0.0089539999999996,0.0060439499999997,0.0060439499999997,0.0060439499999997,0.0,0.0,0.0,0.0,0.0,0.0089539999999996,0.0089539999999996,0.0089539999999996,0.0089539999999996,0.0089539999999996,0.0,0.0,0.0,0.0,0.0,0.0060439499999997,0.0060439499999997,0.0060439499999997,0.0060439499999997,0.0060439499999997
0x27621dadc65fa6e1ad2105b4500a6a7b584ed65a,1,2025-10-19,2025-10-19,0,1,43.47825,43.47825,43.47825,43.47825,43.47825,39.782598750000005,39.782598750000005,39.782598750000005,39.782598750000005,39.782598750000005,43.47825,43.47825,43.47825,39.782598750000005,39.782598750000005,39.782598750000005,43.47825,43.47825,43.47825,43.47825,43.47825,0.0,0.0,0.0,0.0,0.0,39.782598750000005,39.782598750000005,39.782598750000005,39.782598750000005,39.782598750000005,0.0,0.0,0.0,0.0,0.0
0x9de8baf48250a33051b0114d75cb8c578ce8b179,1,2024-11-09,2024-11-09,0,1,11.90476,11.90476,11.90476,11.90476,11.90476,8.035713,8.035713,8.035713,8.035713,8.035713,11.90476,11.90476,11.90476,8.035713,8.035713,8.035713,11.90476,11.90476,11.90476,11.90476,11.90476,0.0,0.0,0.0,0.0,0.0,8.035713,8.035713,8.035713,8.035713,8.035713,0.0,0.0,0.0,0.0,0.0
0xaaa71d4401dfd8ea6d7b1f97cc5287cf37d0d75b,1,2024-10-30,2024-10-30,0,1,1.948716,1.948716,1.948716,1.948716,1.948716,0.74051208,0.74051208,0.74051208,0.74051208,0.74051208,1.948716,1.948716,1.948716,0.74051208,0.74051208,0.74051208,1.948716,1.948716,1.948716,1.948716,1.948716,0.0,0.0,0.0,0.0,0.0,0.74051208,0.74051208,0.74051208,0.74051208,0.74051208,0.0,0.0,0.0,0.0,0.0
0x1ff3e601c71eeace38943e62888a5bb91bc7744b,1,2024-10-03,2024-10-03,0,1,0.0038,0.0038,0.0038,0.0038,0.0038,0.0037772,0.0037772,0.0037772,0.0037772,0.0037772,0.0038,0.0038,0.0038,0.0037772,0.0037772,0.0037772,0.0,0.0,0.0,0.0,0.0,0.0038,0.0038,0.0038,0.0038,0.0038,0.0,0.0,0.0,0.0,0.0,0.0037772,0.0037772,0.0037772,0.0037772,0.0037772
0x2cd206e3a97108978bbf5900dc8b5cf30c61e639,1,2024-11-03,2024-11-03,0,1,0.002536,0.002536,0.002536,0.002536,0.002536,0.0017118,0.0017118,0.0017118,0.0017118,0.0017118,0.002536,0.002536,0.002536,0.0017118,0.0017118,0.0017118,0.0,0.0,0.0,0.0,0.0,0.002536,0.002536,0.002536,0.002536,0.002536,0.0,0.0,0.0,0.0,0.0,0.0017118,0.0017118,0.0017118,0.0017118,0.0017118
0x94168ed0244742264470ec0ca31f1539d887373f,1,2024-11-15,2024-11-15,0,1,0.118271,0.118271,0.118271,0.118271,0.118271,0.09816493,0.09816493,0.09816493,0.09816493,0.09816493,0.118271,0.118271,0.118271,0.09816493,0.09816493,0.09816493,0.118271,0.118271,0.118271,0.118271,0.118271,0.0,0.0,0.0,0.0,0.0,0.09816493,0.09816493,0.09816493,0.09816493,0.09816493,0.0,0.0,0.0,0.0,0.0
0x682739793e64c28f95c4cc15bfa0e798ee3c783b,1,2025-11-05,2025-11-05,0,1,0.0004249999999998,0.0004249999999998,0.0004249999999998,0.0004249999999998,0.0004249999999998,0.0003867499999998,0.0003867499999998,0.0003867499999998,0.0003867499999998,0.0003867499999998,0.0004249999999998,0.0004249999999998,0.0004249999999998,0.0003867499999998,0.0003867499999998,0.0003867499999998,0.0004249999999998,0.0004249999999998,0.0004249999999998,0.0004249999999998,0.0004249999999998,0.0,0.0,0.0,0.0,0.0,0.0003867499999998,0.0003867499999998,0.0003867499999998,0.0003867499999998,0.0003867499999998,0.0,0.0,0.0,0.0,0.0
0x9e0521cf194b26b5a409be3d323a8af12244f4d0,1,2024-11-07,2024-11-07,0,1,0.020832,0.020832,0.020832,0.020832,0.020832,0.01937376,0.01937376,0.01937376,0.01937376,0.01937376,0.020832,0.020832,0.020832,0.01937376,0.01937376,0.01937376,0.020832,0.020832,0.020832,0.020832,0.020832,0.0,0.0,0.0,0.0,0.0,0.01937376,0.01937376,0.01937376,0.01937376,0.01937376,0.0,0.0,0.0,0.0,0.0
0xce89e0926a835816f49725c30684780ad6888563,2,2024-10-31,2024-11-01,1,2,-0.35,0.35,0.0,0.0,0.0,-0.1399999999999999,0.1382499999999999,-0.0008750000000000008,-0.0008750000000000008,-0.0017500000000000016,0.0,0.35,0.0,-0.00175,0.1382499999999999,-0.00175,-0.35,0.35,0.0,0.0,0.0,0.0,0.0,0.0,0.0,0.0,-0.1399999999999999,0.1382499999999999,-0.0008750000000000008,-0.0017500000000000016,-0.00175,0.0,0.0,0.0,0.0,0.0
0xaf4cea7546a509da44e61ec0cef8d273ccafd930,1,2024-11-10,2024-11-10,0,1,0.0125,0.0125,0.0125,0.0125,0.0125,0.009125,0.009125,0.009125,0.009125,0.009125,0.0125,0.0125,0.0125,0.009125,0.009125,0.009125,0.0125,0.0125,0.0125,0.0125,0.0125,0.0,0.0,0.0,0.0,0.0,0.009125,0.009125,0.009125,0.009125,0.009125,0.0,0.0,0.0,0.0,0.0
0x909673ddd7f6e883078b65066cf283ebb9cd4cbe,1,2024-10-31,2024-10-31,0,1,0.005,0.005,0.005,0.005,0.005,0.001975,0.001975,0.001975,0.001975,0.001975,0.005,0.005,0.005,0.001975,0.001975,0.001975,0.005,0.005,0.005,0.005,0.005,0.0,0.0,0.0,0.0,0.0,0.001975,0.001975,0.001975,0.001975,0.001975,0.0,0.0,0.0,0.0,0.0
0x219ba5cabbbf0a07e5e10809177cdd0d1505bbd9,1,2024-10-19,2024-10-19,0,1,0.0014109999999999,0.0014109999999999,0.0014109999999999,0.0014109999999999,0.0014109999999999,0.0013799579999999,0.0013799579999999,0.0013799579999999,0.0013799579999999,0.0013799579999999,0.0014109999999999,0.0014109999999999,0.0014109999999999,0.0013799579999999,0.0013799579999999,0.0013799579999999,0.0,0.0,0.0,0.0,0.0,0.0014109999999999,0.0014109999999999,0.0014109999999999,0.0014109999999999,0.0014109999999999,0.0,0.0,0.0,0.0,0.0,0.0013799579999999,0.0013799579999999,0.0013799579999999,0.0013799579999999,0.0013799579999999
0x414585f5ffaf974fdb3c6143b09fdc44b5fffc24,3,2024-11-11,2025-10-18,341,3,10.869564,313.878839,190.36328833333334,246.341462,571.089865,4.67391252,241.68670603000004,150.68524644,205.69512077,452.05573932,571.089865,571.089865,313.878839,452.05573932,452.05573932,241.68670603000004,10.869564,313.878839,190.36328833333334,571.089865,571.089865,0.0,0.0,0.0,0.0,0.0,4.67391252,241.68670603000004,150.68524644,452.05573932,452.05573932,0.0,0.0,0.0,0.0,0.0
0xd80af25b33337ec0bf49366512cf21df768a4625,1,2024-06-10,2024-06-10,0,3,14.166665,14.166665,14.166665,14.166665,14.166665,0.0229166614999999,0.0229166614999999,0.0229166614999999,0.0229166614999999,0.0229166614999999,14.166665,14.166665,14.166665,0.0229166614999999,0.0229166614999999,0.0229166614999999,14.166665,14.166665,14.166665,14.166665,14.166665,0.0,0.0,0.0,0.0,0.0,0.0229166614999999,0.0229166614999999,0.0229166614999999,0.0229166614999999,0.0229166614999999,0.0,0.0,0.0,0.0,0.0
0x2228b4e815b4fdc06549043b8dfc845901dbb1a8,1,2024-11-02,2024-11-02,0,1,0.004515,0.004515,0.004515,0.004515,0.004515,0.002709,0.002709,0.002709,0.002709,0.002709,0.004515,0.004515,0.004515,0.002709,0.002709,0.002709,0.0,0.0,0.0,0.0,0.0,0.004515,0.004515,0.004515,0.004515,0.004515,0.0,0.0,0.0,0.0,0.0,0.002709,0.002709,0.002709,0.002709,0.002709
0x5ab22ed53be9679b3ace47d1060c2d85ed436435,2,2024-06-10,2024-06-11,1,2,-600.0,804.91,102.45499999999998,102.45499999999998,204.90999999999997,-596.4,797.66581,100.632905,100.632905,201.26581,204.90999999999997,804.91,204.90999999999997,201.26581,797.66581,201.26581,-600.0,804.91,102.45499999999998,204.90999999999997,204.90999999999997,0.0,0.0,0.0,0.0,0.0,-596.4,797.66581,100.632905,201.26581,201.26581,0.0,0.0,0.0,0.0,0.0
0x90cbff093dfe33a87308a903ffaa6ab5c7526ce1,2,2024-10-26,2024-10-30,4,2,68.965516,107.142857,88.0541865,88.0541865,176.108373,2.0689654799999997,2.0892857115,2.07912559575,2.07912559575,4.1582511915,176.108373,176.108373,107.142857,4.1582511915,4.1582511915,2.0892857115,68.965516,107.142857,88.0541865,176.108373,176.108373,0.0,0.0,0.0,0.0,0.0,2.0689654799999997,2.0892857115,2.07912559575,4.1582511915,4.1582511915,0.0,0.0,0.0,0.0,0.0
0x25c11edebc813b5e9422d2e2a62f0429ce761624,2,2024-10-30,2024-10-31,1,2,-156.25,156.25,0.0,0.0,0.0,-94.53125,96.875,1.171875,1.171875,2.34375,0.0,156.25,0.0,2.34375,96.875,2.34375,0.0,0.0,0.0,0.0,0.0,-156.25,156.25,0.0,0.0,0.0,0.0,0.0,0.0,0.0,0.0,-94.53125,96.875,1.171875,2.34375,2.34375
0x4a24a96c87d0051ac0eef03a0bdc2f1148911e6a,1,2025-11-06,2025-11-06,0,1,14.492751,14.492751,14.492751,14.492751,14.492751,9.782606925,9.782606925,9.782606925,9.782606925,9.782606925,14.492751,14.492751,14.492751,9.782606925,9.782606925,9.782606925,14.492751,14.492751,14.492751,14.492751,14.492751,0.0,0.0,0.0,0.0,0.0,9.782606925,9.782606925,9.782606925,9.782606925,9.782606925,0.0,0.0,0.0,0.0,0.0
0x3189877c354df36643927d1facda87d70d1f5b2c,1,2024-11-23,2024-11-23,0,1,12.244895,12.244895,12.244895,12.244895,12.244895,11.9938746525,11.9938746525,11.9938746525,11.9938746525,11.9938746525,12.244895,12.244895,12.244895,11.9938746525,11.9938746525,11.9938746525,0.0,0.0,0.0,0.0,0.0,12.244895,12.244895,12.244895,12.244895,12.244895,0.0,0.0,0.0,0.0,0.0,11.9938746525,11.9938746525,11.9938746525,11.9938746525,11.9938746525
0xb3933e5f5460f1d7d7f32e762b563a0b6988fa1a,1,2024-11-14,2024-11-14,0,1,16.586205,16.586205,16.586205,16.586205,16.586205,13.849481175,13.849481175,13.849481175,13.849481175,13.849481175,16.586205,16.586205,16.586205,13.849481175,13.849481175,13.849481175,16.586205,16.586205,16.586205,16.586205,16.586205,0.0,0.0,0.0,0.0,0.0,13.849481175,13.849481175,13.849481175,13.849481175,13.849481175,0.0,0.0,0.0,0.0,0.0
0x4bcd8cb78375a5c9988bcfe5588259d060f613bb,1,2024-06-08,2024-06-08,0,1,2.325578,2.325578,2.325578,2.325578,2.325578,2.02325286,2.02325286,2.02325286,2.02325286,2.02325286,2.325578,2.325578,2.325578,2.02325286,2.02325286,2.02325286,2.325578,2.325578,2.325578,2.325578,2.325578,0.0,0.0,0.0,0.0,0.0,2.02325286,2.02325286,2.02325286,2.02325286,2.02325286,0.0,0.0,0.0,0.0,0.0
0xe9abff0040cdc6e24feca61b79ec3f710a50e1d6,1,2024-11-03,2024-11-03,0,1,0.0041779999999995,0.0041779999999995,0.0041779999999995,0.0041779999999995,0.0041779999999995,0.0028201499999996,0.0028201499999996,0.0028201499999996,0.0028201499999996,0.0028201499999996,0.0041779999999995,0.0041779999999995,0.0041779999999995,0.0028201499999996,0.0028201499999996,0.0028201499999996,0.0,0.0,0.0,0.0,0.0,0.0041779999999995,0.0041779999999995,0.0041779999999995,0.0041779999999995,0.0041779999999995,0.0,0.0,0.0,0.0,0.0,0.0028201499999996,0.0028201499999996,0.0028201499999996,0.0028201499999996,0.0028201499999996
0xf1c7e21741f491629b0741556504be37b8f38b47,1,2024-11-07,2024-11-07,0,1,47.619043,47.619043,47.619043,47.619043,47.619043,44.28570999,44.28570999,44.28570999,44.28570999,44.28570999,47.619043,47.619043,47.619043,44.28570999,44.28570999,44.28570999,47.619043,47.619043,47.619043,47.619043,47.619043,0.0,0.0,0.0,0.0,0.0,44.28570999,44.28570999,44.28570999,44.28570999,44.28570999,0.0,0.0,0.0,0.0,0.0
0x4ce73141dbfce41e65db3723e31059a730f0abad,1,2024-11-06,2024-11-06,0,3,648.9000000000001,648.9000000000001,648.9000000000001,648.9000000000001,648.9000000000001,428.81475000000006,428.81475000000006,428.81475000000006,428.81475000000006,428.81475000000006,648.9000000000001,648.9000000000001,648.9000000000001,428.81475000000006,428.81475000000006,428.81475000000006,0.0,0.0,0.0,0.0,0.0,648.9000000000001,648.9000000000001,648.9000000000001,648.9000000000001,648.9000000000001,0.0,0.0,0.0,0.0,0.0,428.81475000000006,428.81475000000006,428.81475000000006,428.81475000000006,428.81475000000006
0xc7b104c954f4b1ed436880469db786fbaac07f9b,2,2024-11-09,2024-11-10,1,2,-250.0,250.0,0.0,0.0,0.0,-67.5,81.25,6.875,6.875,13.75,0.0,250.0,0.0,13.75,81.25,13.75,0.0,0.0,0.0,0.0,0.0,-250.0,250.0,0.0,0.0,0.0,0.0,0.0,0.0,0.0,0.0,-67.5,81.25,6.875,13.75,13.75
0xb4fdeb5cd1d407312ef16cbaa96d65d706e49916,1,2024-10-19,2024-10-19,0,1,0.0005,0.0005,0.0005,0.0005,0.0005,0.0004975,0.0004975,0.0004975,0.0004975,0.0004975,0.0005,0.0005,0.0005,0.0004975,0.0004975,0.0004975,0.0,0.0,0.0,0.0,0.0,0.0005,0.0005,0.0005,0.0005,0.0005,0.0,0.0,0.0,0.0,0.0,0.0004975,0.0004975,0.0004975,0.0004975,0.0004975
0x624fae95d988d33eccb22287bd627d5b3eb9e07b,3,2024-10-31,2024-11-02,2,3,-0.0040999999999999,0.0043749999999999,0.0014229999999999668,0.0039939999999999,0.0042689999999999005,-0.0024599999999999,0.0026468749999999,0.0008610916666666667,0.0023964,0.002583275,0.0042689999999999,0.0043749999999999,0.0002749999999999,0.0025832749999999,0.0026468749999999,0.0001868749999999,0.0,0.0,0.0,0.0,0.0,-0.0040999999999999,0.0043749999999999,0.0014229999999999668,0.0042689999999999005,0.0042689999999999,0.0,0.0,0.0,0.0,0.0,-0.0024599999999999,0.0026468749999999,0.0008610916666666667,0.002583275,0.0025832749999999
0xd13c989bd693c4e9c6d28e17198f64011eea8938,1,2025-11-17,2025-11-17,0,1,0.000242,0.000242,0.000242,0.000242,0.000242,9.317e-05,9.317e-05,9.317e-05,9.317e-05,9.317e-05,0.000242,0.000242,0.000242,9.317e-05,9.317e-05,9.317e-05,0.0,0.0,0.0,0.0,0.0,0.000242,0.000242,0.000242,0.000242,0.000242,0.0,0.0,0.0,0.0,0.0,9.317e-05,9.317e-05,9.317e-05,9.317e-05,9.317e-05
0xb68c76a0f7b26606f7494dca7e0157082a1beda5,1,2024-11-30,2024-11-30,0,1,10.101009,10.101009,10.101009,10.101009,10.101009,9.9343423515,9.9343423515,9.9343423515,9.9343423515,9.9343423515,10.101009,10.101009,10.101009,9.9343423515,9.9343423515,9.9343423515,0.0,0.0,0.0,0.0,0.0,10.101009,10.101009,10.101009,10.101009,10.101009,0.0,0.0,0.0,0.0,0.0,9.9343423515,9.9343423515,9.9343423515,9.9343423515,9.9343423515
0x7e0cf40bf007ca211bb4afd31434c0f0b9a869b9,2,2025-10-14,2025-10-17,3,14,-15.55,15.576845,0.013422499999999893,0.013422499999999893,0.026844999999999786,-13.86385,13.886637885,0.011393942500000698,0.011393942500000698,0.022787885000001395,0.0268449999999997,15.576845,0.0268449999999997,0.0227878850000013,13.886637885,0.0227878850000013,-15.55,15.576845,0.013422499999999893,0.026844999999999786,0.0268449999999997,0.0,0.0,0.0,0.0,0.0,-13.86385,13.886637885,0.011393942500000698,0.022787885000001395,0.0227878850000013,0.0,0.0,0.0,0.0,0.0
0x61111d83a26f869919c42c1ec8b6db2f8ee7c02f,1,2025-11-05,2025-11-05,0,1,76.6875,76.6875,76.6875,76.6875,76.6875,51.7640625,51.7640625,51.7640625,51.7640625,51.7640625,76.6875,76.6875,76.6875,51.7640625,51.7640625,51.7640625,76.6875,76.6875,76.6875,76.6875,76.6875,0.0,0.0,0.0,0.0,0.0,51.7640625,51.7640625,51.7640625,51.7640625,51.7640625,0.0,0.0,0.0,0.0,0.0
0x97e7d452cd9f7a546a5c537665aee7bfec6d5187,1,2024-06-10,2024-06-10,0,4,14.047617,14.047617,14.047617,14.047617,14.047617,0.0224999935,0.0224999935,0.0224999935,0.0224999935,0.0224999935,14.047617,14.047617,14.047617,0.0224999935,0.0224999935,0.0224999935,14.047617,14.047617,14.047617,14.047617,14.047617,0.0,0.0,0.0,0.0,0.0,0.0224999935,0.0224999935,0.0224999935,0.0224999935,0.0224999935,0.0,0.0,0.0,0.0,0.0
0xa10d9709ab5966085c73d94f9557f66eb6adcc71,1,2024-11-15,2024-11-15,0,1,0.172042,0.172042,0.172042,0.172042,0.172042,0.14279486,0.14279486,0.14279486,0.14279486,0.14279486,0.172042,0.172042,0.172042,0.14279486,0.14279486,0.14279486,0.172042,0.172042,0.172042,0.172042,0.172042,0.0,0.0,0.0,0.0,0.0,0.14279486,0.14279486,0.14279486,0.14279486,0.14279486,0.0,0.0,0.0,0.0,0.0
0xd02ae24efce5ef1b042dadad4a2325d19dc0aa03,1,2024-11-08,2024-11-08,0,1,0.0015,0.0015,0.0015,0.0015,0.0015,0.0013575,0.0013575,0.0013575,0.0013575,0.0013575,0.0015,0.0015,0.0015,0.0013575,0.0013575,0.0013575,0.0015,0.0015,0.0015,0.0015,0.0015,0.0,0.0,0.0,0.0,0.0,0.0013575,0.0013575,0.0013575,0.0013575,0.0013575,0.0,0.0,0.0,0.0,0.0
0x6c68ae7d25a52336d955771f1797f5111dd1b61e,2,2024-10-31,2024-11-01,1,2,-0.3,0.3,0.0,0.0,0.0,-0.12,0.1185,-0.0007500000000000007,-0.0007500000000000007,-0.0015000000000000013,0.0,0.3,0.0,-0.0015,0.1185,-0.0015,-0.3,0.3,0.0,0.0,0.0,0.0,0.0,0.0,0.0,0.0,-0.12,0.1185,-0.0007500000000000007,-0.0015000000000000013,-0.0015,0.0,0.0,0.0,0.0,0.0
0x1d872d2aabd9fff41140a50a8c7e96ca384d9e14,1,2024-11-06,2024-11-06,0,2,2.013500000000022,2.013500000000022,2.013500000000022,2.013500000000022,2.013500000000022,1963.81779175,1963.81779175,1963.81779175,1963.81779175,1963.81779175,2.013500000000022,2.013500000000022,2.013500000000022,1963.81779175,1963.81779175,1963.81779175,-1999.82,-1999.82,-1999.82,-1999.82,-1999.82,2001.8335,2001.8335,2001.8335,2001.8335,2001.8335,-18.998289999999997,-18.998289999999997,-18.998289999999997,-18.998289999999997,-18.998289999999997,1982.81608175,1982.81608175,1982.81608175,1982.81608175,1982.81608175
0x984053939e8b75e703019d19be1f77ad5348734a,1,2024-09-23,2024-09-23,0,1,0.112243,0.112243,0.112243,0.112243,0.112243,0.1088757099999999,0.1088757099999999,0.1088757099999999,0.1088757099999999,0.1088757099999999,0.112243,0.112243,0.112243,0.1088757099999999,0.1088757099999999,0.1088757099999999,0.112243,0.112243,0.112243,0.112243,0.112243,0.0,0.0,0.0,0.0,0.0,0.1088757099999999,0.1088757099999999,0.1088757099999999,0.1088757099999999,0.1088757099999999,0.0,0.0,0.0,0.0,0.0
0xa238c0b393ae723f27ff724f618f3511d29ec28b,1,2024-11-24,2024-11-24,0,1,6.128666,6.128666,6.128666,6.128666,6.128666,5.068406781999999,5.068406781999999,5.068406781999999,5.068406781999999,5.068406781999999,6.128666,6.128666,6.128666,5.068406781999999,5.068406781999999,5.068406781999999,0.0,0.0,0.0,0.0,0.0,6.128666,6.128666,6.128666,6.128666,6.128666,0.0,0.0,0.0,0.0,0.0,5.068406781999999,5.068406781999999,5.068406781999999,5.068406781999999,5.068406781999999
0xad49308fdb1e8b098a3379b5871bf0c20b474190,1,2024-11-11,2024-11-11,0,1,2.0,2.0,2.0,2.0,2.0,1.54,1.54,1.54,1.54,1.54,2.0,2.0,2.0,1.54,1.54,1.54,2.0,2.0,2.0,2.0,2.0,0.0,0.0,0.0,0.0,0.0,1.54,1.54,1.54,1.54,1.54,0.0,0.0,0.0,0.0,0.0
0x1e90b4f1d450aa3aa18f404fa535e094a3a3a521,1,2024-11-27,2024-11-27,0,1,8.154942,8.154942,8.154942,8.154942,8.154942,7.474004343,7.474004343,7.474004343,7.474004343,7.474004343,8.154942,8.154942,8.154942,7.474004343,7.474004343,7.474004343,0.0,0.0,0.0,0.0,0.0,8.154942,8.154942,8.154942,8.154942,8.154942,0.0,0.0,0.0,0.0,0.0,7.474004343,7.474004343,7.474004343,7.474004343,7.474004343
0x5b8eed895e897270dbf820778c9d2cae15b85e86,1,2024-11-18,2024-11-18,0,1,1.612902,1.612902,1.612902,1.612902,1.612902,0.18548373,0.18548373,0.18548373,0.18548373,0.18548373,1.612902,1.612902,1.612902,0.18548373,0.18548373,0.18548373,1.612902,1.612902,1.612902,1.612902,1.612902,0.0,0.0,0.0,0.0,0.0,0.18548373,0.18548373,0.18548373,0.18548373,0.18548373,0.0,0.0,0.0,0.0,0.0
0xf6201f829a7f07469c21d5e878bd46919f39d3ab,1,2024-11-02,2024-11-02,0,1,24.756584,24.756584,24.756584,24.756584,24.756584,9.9026336,9.9026336,9.9026336,9.9026336,9.9026336,24.756584,24.756584,24.756584,9.9026336,9.9026336,9.9026336,24.756584,24.756584,24.756584,24.756584,24.756584,0.0,0.0,0.0,0.0,0.0,9.9026336,9.9026336,9.9026336,9.9026336,9.9026336,0.0,0.0,0.0,0.0,0.0
0x6df877478fbdb85118bb3aee1d91842890d7cece,2,2024-10-30,2024-11-24,25,2,-1.37,1.378786,0.00439299999999998,0.00439299999999998,0.00878599999999996,-1.13299,0.8548473200000001,-0.13907133999999993,-0.13907133999999993,-0.27814267999999986,0.0087859999999999,1.378786,0.0087859999999999,-0.2781426799999998,0.8548473200000001,-0.2781426799999998,0.0,0.0,0.0,0.0,0.0,-1.37,1.378786,0.00439299999999998,0.00878599999999996,0.0087859999999999,0.0,0.0,0.0,0.0,0.0,-1.13299,0.8548473200000001,-0.13907133999999993,-0.27814267999999986,-0.2781426799999998
0xe10b6436f4cee9321148144889bcd4694faa5fe3,8,2024-11-14,2024-12-02,18,8,17.943545,456.037859,163.801764,127.1691605,1310.414112,17.6654200525,323.69906949999995,122.1150025230625,90.36495797925001,976.9200201845,1310.414112,1310.414112,118.181817,976.9200201845,976.9200201845,19.499999805,0.0,0.0,0.0,0.0,0.0,17.943545,456.037859,163.801764,1310.414112,1310.414112,0.0,0.0,0.0,0.0,0.0,17.6654200525,323.69906949999995,122.1150025230625,976.9200201845,976.9200201845
0x4c8a69b06508394e6234a058dd0d6cd490286027,1,2024-10-29,2024-10-29,0,1,0.007867,0.007867,0.007867,0.007867,0.007867,0.0076113225,0.0076113225,0.0076113225,0.0076113225,0.0076113225,0.007867,0.007867,0.007867,0.0076113225,0.0076113225,0.0076113225,0.007867,0.007867,0.007867,0.007867,0.007867,0.0,0.0,0.0,0.0,0.0,0.0076113225,0.0076113225,0.0076113225,0.0076113225,0.0076113225,0.0,0.0,0.0,0.0,0.0
0xecccc9b4586b3697cdd40b96810ef3fa02f5aa43,3,2024-11-17,2024-11-19,2,3,-18.86,20.833332,6.947085000000001,18.867923,20.841255000000004,-2.33864,9.06249942,2.964556855,2.169811145,8.893670565,20.841255000000004,39.701255,20.833332,8.893670565,11.232310565,8.893670565,-18.86,18.867923,0.0026410000000005596,0.007923000000001679,0.0079230000000016,0.0,20.833332,6.944444,20.833332,20.833332,-2.33864,2.169811145,-0.05627628499999989,-0.16882885499999967,-0.1688288549999996,0.0,9.06249942,3.02083314,9.06249942,9.06249942
0x256881694aa9f17fc3d6e38c371714e3bc36cd66,2,2024-10-30,2024-11-14,15,2,-3.54,3.540539,0.0002694999999999226,0.0002694999999999226,0.0005389999999998452,-2.9558999999999997,1.34540482,-0.8052475899999999,-0.8052475899999999,-1.6104951799999998,0.0005389999999998,3.540539,0.0005389999999998,-1.6104951799999998,1.34540482,-1.6104951799999998,-3.54,3.540539,0.0002694999999999226,0.0005389999999998452,0.0005389999999998,0.0,0.0,0.0,0.0,0.0,-2.9558999999999997,1.34540482,-0.8052475899999999,-1.6104951799999998,-1.6104951799999998,0.0,0.0,0.0,0.0,0.0
0x1f170ed0cf817e6bd72db07bc3e7c1596ad0bdfe,1,2024-06-10,2024-06-10,0,1,1.005,1.005,1.005,1.005,1.005,0.995955,0.995955,0.995955,0.995955,0.995955,1.005,1.005,1.005,0.995955,0.995955,0.995955,1.005,1.005,1.005,1.005,1.005,0.0,0.0,0.0,0.0,0.0,0.995955,0.995955,0.995955,0.995955,0.995955,0.0,0.0,0.0,0.0,0.0
0x3ac7ec1fa6333b099736ae3cd0221dc32182daa6,1,2024-10-06,2024-10-06,0,1,0.0007999999999999,0.0007999999999999,0.0007999999999999,0.0007999999999999,0.0007999999999999,0.0007951999999999,0.0007951999999999,0.0007951999999999,0.0007951999999999,0.0007951999999999,0.0007999999999999,0.0007999999999999,0.0007999999999999,0.0007951999999999,0.0007951999999999,0.0007951999999999,0.0,0.0,0.0,0.0,0.0,0.0007999999999999,0.0007999999999999,0.0007999999999999,0.0007999999999999,0.0007999999999999,0.0,0.0,0.0,0.0,0.0,0.0007951999999999,0.0007951999999999,0.0007951999999999,0.0007951999999999,0.0007951999999999
0xc988ccaf15c318dfd45e0cb5f72c674050bf8ee8,1,2024-11-15,2024-11-15,0,1,0.139771,0.139771,0.139771,0.139771,0.139771,0.11600993,0.11600993,0.11600993,0.11600993,0.11600993,0.139771,0.139771,0.139771,0.11600993,0.11600993,0.11600993,0.139771,0.139771,0.139771,0.139771,0.139771,0.0,0.0,0.0,0.0,0.0,0.11600993,0.11600993,0.11600993,0.11600993,0.11600993,0.0,0.0,0.0,0.0,0.0
0xdc8527947bef0268bde425081d46e33a7b8d6a5e,2,2024-10-31,2024-11-01,1,2,-0.27,0.278687,0.0043435,0.0043435,0.008687,-0.162,0.168605635,0.0033028174999999993,0.0033028174999999993,0.006605634999999999,0.008687,0.278687,0.008687,0.0066056349999999,0.168605635,0.0066056349999999,0.0,0.0,0.0,0.0,0.0,-0.27,0.278687,0.0043435,0.008687,0.008687,0.0,0.0,0.0,0.0,0.0,-0.162,0.168605635,0.0033028174999999993,0.006605634999999999,0.0066056349999999
0x7304f9c7f37593854a880100a8c54f9466fa0379,4,2024-11-11,2024-11-15,4,4,-1013.75,1364.0,-187.5,-550.125,-750.0,-835.0,1050.28,-173.5334375,-454.70687499999997,-694.13375,-750.0,1364.0,-750.0,-694.13375,1050.28,-694.13375,-1013.75,1364.0,-187.5,-750.0,-750.0,0.0,0.0,0.0,0.0,0.0,-835.0,1050.28,-173.5334375,-694.13375,-694.13375,0.0,0.0,0.0,0.0,0.0
0x5431a20c76d561eced1b492c18a2a7229bf447e1,1,2024-06-07,2024-06-07,0,1,-253.25,-253.25,-253.25,-253.25,-253.25,-0.379875,-0.379875,-0.379875,-0.379875,-0.379875,-253.25,-253.25,-253.25,-0.379875,-0.379875,-0.379875,-253.25,-253.25,-253.25,-253.25,-253.25,0.0,0.0,0.0,0.0,0.0,-0.379875,-0.379875,-0.379875,-0.379875,-0.379875,0.0,0.0,0.0,0.0,0.0
0xf2349ea36cb83e4c85f59264da8a72f70e82a67d,1,2024-09-30,2024-09-30,0,1,0.0027269999999999,0.0027269999999999,0.0027269999999999,0.0027269999999999,0.0027269999999999,0.0026847314999999,0.0026847314999999,0.0026847314999999,0.0026847314999999,0.0026847314999999,0.0027269999999999,0.0027269999999999,0.0027269999999999,0.0026847314999999,0.0026847314999999,0.0026847314999999,0.0,0.0,0.0,0.0,0.0,0.0027269999999999,0.0027269999999999,0.0027269999999999,0.0027269999999999,0.0027269999999999,0.0,0.0,0.0,0.0,0.0,0.0026847314999999,0.0026847314999999,0.0026847314999999,0.0026847314999999,0.0026847314999999
0x55804b808d2fdfba23e7388363d40efbf541a08c,1,2024-11-23,2024-11-23,0,1,3.0612,3.0612,3.0612,3.0612,3.0612,2.9984454,2.9984454,2.9984454,2.9984454,2.9984454,3.0612,3.0612,3.0612,2.9984454,2.9984454,2.9984454,0.0,0.0,0.0,0.0,0.0,3.0612,3.0612,3.0612,3.0612,3.0612,0.0,0.0,0.0,0.0,0.0,2.9984454,2.9984454,2.9984454,2.9984454,2.9984454
0x06fc74353ef609412f94043b8c9f739d34bf4fb6,2,2025-11-15,2025-11-19,4,2,-41.932391,41.935481,0.0015450000000001296,0.0015450000000001296,0.003090000000000259,-27.465716105,25.790320815,-0.8376976449999987,-0.8376976449999987,-1.6753952899999973,0.0030900000000073,41.935481,0.0030900000000073,-1.6753952900000009,25.790320815,-1.6753952900000009,-41.932391,41.935481,0.0015450000000001296,0.003090000000000259,0.0030900000000073,0.0,0.0,0.0,0.0,0.0,-27.465716105,25.790320815,-0.8376976449999987,-1.6753952899999973,-1.6753952900000009,0.0,0.0,0.0,0.0,0.0
0x55dd25478580751bf9817aa7ac3341d52aa5dde7,1,2024-11-25,2024-11-25,0,1,1.028785,1.028785,1.028785,1.028785,1.028785,0.91356108,0.91356108,0.91356108,0.91356108,0.91356108,1.028785,1.028785,1.028785,0.91356108,0.91356108,0.91356108,0.0,0.0,0.0,0.0,0.0,1.028785,1.028785,1.028785,1.028785,1.028785,0.0,0.0,0.0,0.0,0.0,0.91356108,0.91356108,0.91356108,0.91356108,0.91356108
0x7abd3b220dcfd23e3b8c3384f61e54cc2a3ae1ce,1,2024-11-08,2024-11-08,0,1,5.0998,5.0998,5.0998,5.0998,5.0998,4.615319,4.615319,4.615319,4.615319,4.615319,5.0998,5.0998,5.0998,4.615319,4.615319,4.615319,5.0998,5.0998,5.0998,5.0998,5.0998,0.0,0.0,0.0,0.0,0.0,4.615319,4.615319,4.615319,4.615319,4.615319,0.0,0.0,0.0,0.0,0.0
0xc86c7249954df799decb668b84ecc40be1e519b3,1,2024-11-29,2024-11-29,0,1,7.070706,7.070706,7.070706,7.070706,7.070706,6.925756527000001,6.925756527000001,6.925756527000001,6.925756527000001,6.925756527000001,7.070706,7.070706,7.070706,6.925756527000001,6.925756527000001,6.925756527000001,0.0,0.0,0.0,0.0,0.0,7.070706,7.070706,7.070706,7.070706,7.070706,0.0,0.0,0.0,0.0,0.0,6.925756527000001,6.925756527000001,6.925756527000001,6.925756527000001,6.925756527000001
0x8c1d4917c46708792e2d7e273bfcd0bcb24a940c,1,2024-11-03,2024-11-03,0,1,0.0088220000000003,0.0088220000000003,0.0088220000000003,0.0088220000000003,0.0088220000000003,0.00286715,0.00286715,0.00286715,0.00286715,0.00286715,0.0088220000000003,0.0088220000000003,0.0088220000000003,0.00286715,0.00286715,0.00286715,0.0088220000000003,0.0088220000000003,0.0088220000000003,0.0088220000000003,0.0088220000000003,0.0,0.0,0.0,0.0,0.0,0.00286715,0.00286715,0.00286715,0.00286715,0.00286715,0.0,0.0,0.0,0.0,0.0
0x33cc456394fcfb90a6a965bbd11c76cf1e8da0b6,3,2024-11-17,2024-11-21,4,3,-497.55,308.37,-128.51666666666668,-196.37,-385.55,-216.43425,270.13212,-17.218211666666665,-105.352505,-51.654635,-385.55,-189.18,-497.55,-51.654635,53.697869999999995,-216.43425,0.0,0.0,0.0,0.0,0.0,-497.55,308.37,-128.51666666666668,-385.55,-385.55,0.0,0.0,0.0,0.0,0.0,-216.43425,270.13212,-17.218211666666665,-51.654635,-51.654635
0x3a8651c42ac19aa3e3141531a298abc72f51dea8,3,2025-10-14,2025-10-18,4,8,-350.0,-170.0,-231.39,-174.17,-694.17,-328.45000000000005,-150.65705,-212.25235,-157.65,-636.75705,-694.17,-170.0,-694.17,-636.75705,-157.65,-636.75705,-350.0,-170.0,-231.39,-694.17,-694.17,0.0,0.0,0.0,0.0,0.0,-328.45000000000005,-150.65705,-212.25235,-636.75705,-636.75705,0.0,0.0,0.0,0.0,0.0
0x5f390e4b7d6f06d6756a6c92afdbf7b3176aa78c,2,2025-10-27,2025-11-05,9,4,63.9,452.52,258.21,258.21,516.42,32.109750000000005,226.26,129.184875,129.184875,258.36975,516.42,516.42,452.52,258.36975,258.36975,226.26,0.0,0.0,0.0,0.0,0.0,63.9,452.52,258.21,516.42,516.42,0.0,0.0,0.0,0.0,0.0,32.109750000000005,226.26,129.184875,258.36975,258.36975
0x5330308eba60e3ffef31a4924579fdcc93d3d4a5,2,2024-10-30,2024-11-24,25,2,-0.45,0.454544,0.0022719999999999962,0.0022719999999999962,0.0045439999999999925,-0.37215,0.28181728,-0.04516635999999999,-0.04516635999999999,-0.09033271999999998,0.0045439999999999,0.454544,0.0045439999999999,-0.0903327199999999,0.28181728,-0.0903327199999999,0.0,0.0,0.0,0.0,0.0,-0.45,0.454544,0.0022719999999999962,0.0045439999999999925,0.0045439999999999,0.0,0.0,0.0,0.0,0.0,-0.37215,0.28181728,-0.04516635999999999,-0.09033271999999998,-0.0903327199999999
0x9fb40b31dc9741c8661232618df795cb1fa2794b,1,2024-06-11,2024-06-11,0,1,20.040079,20.040079,20.040079,20.040079,20.040079,19.979958763,19.979958763,19.979958763,19.979958763,19.979958763,20.040079,20.040079,20.040079,19.979958763,19.979958763,19.979958763,20.040079,20.040079,20.040079,20.040079,20.040079,0.0,0.0,0.0,0.0,0.0,19.979958763,19.979958763,19.979958763,19.979958763,19.979958763,0.0,0.0,0.0,0.0,0.0
0x2e77682c5ec996e567a031eff60512576e7e4505,2,2025-11-03,2025-11-05,2,2,-10.63,10.638283,0.004141499999999354,0.004141499999999354,0.008282999999998708,-9.939050000000002,9.946794605,0.0038723024999987032,0.0038723024999987032,0.0077446049999974065,0.0082829999999987,10.638283,0.0082829999999987,0.0077446049999991,9.946794605,0.0077446049999991,-10.63,10.638283,0.004141499999999354,0.008282999999998708,0.0082829999999987,0.0,0.0,0.0,0.0,0.0,-9.939050000000002,9.946794605,0.0038723024999987032,0.0077446049999974065,0.0077446049999991,0.0,0.0,0.0,0.0,0.0
0xf7456a46161d6deaba2a989c29296338639e3416,1,2024-11-16,2024-11-16,0,1,0.2258,0.2258,0.2258,0.2258,0.2258,0.1298349999999999,0.1298349999999999,0.1298349999999999,0.1298349999999999,0.1298349999999999,0.2258,0.2258,0.2258,0.1298349999999999,0.1298349999999999,0.1298349999999999,0.2258,0.2258,0.2258,0.2258,0.2258,0.0,0.0,0.0,0.0,0.0,0.1298349999999999,0.1298349999999999,0.1298349999999999,0.1298349999999999,0.1298349999999999,0.0,0.0,0.0,0.0,0.0
0x8c761c66f97a83ca46e78d02f016906ed2aaeb9a,1,2024-06-08,2024-06-08,0,1,170.0,170.0,170.0,170.0,170.0,2.21,2.21,2.21,2.21,2.21,170.0,170.0,170.0,2.21,2.21,2.21,170.0,170.0,170.0,170.0,170.0,0.0,0.0,0.0,0.0,0.0,2.21,2.21,2.21,2.21,2.21,0.0,0.0,0.0,0.0,0.0
0x47f41564097e5599b3695db8ac4e19b3bf5c5d4b,4,2024-10-30,2024-11-26,27,4,-50.0,199.28,59.81999999999999,45.0,239.27999999999997,-13.5,123.5536,40.248400000000004,25.47,160.99360000000001,239.27999999999997,299.28,199.28,160.9936,183.5536,123.5536,0.0,0.0,0.0,0.0,0.0,-50.0,199.28,59.81999999999999,239.27999999999997,239.27999999999997,0.0,0.0,0.0,0.0,0.0,-13.5,123.5536,40.248400000000004,160.99360000000001,160.9936
0xe3674fe85a3932fd6ca37224021901d7d92547d4,1,2025-10-14,2025-10-14,0,1,25.0,25.0,25.0,25.0,25.0,3.25,3.25,3.25,3.25,3.25,25.0,25.0,25.0,3.25,3.25,3.25,0.0,0.0,0.0,0.0,0.0,25.0,25.0,25.0,25.0,25.0,0.0,0.0,0.0,0.0,0.0,3.25,3.25,3.25,3.25,3.25
0xbe8e5eb992f5c7ab76988a6364435413b2fa0045,2,2024-06-10,2024-06-11,1,2,300.0,500.0,400.0,400.0,800.0,1.05,32.5,16.775,16.775,33.55,800.0,800.0,300.0,33.55,33.55,1.05,0.0,300.0,150.0,300.0,300.0,0.0,500.0,250.0,500.0,500.0,0.0,1.05,0.525,1.05,1.05,0.0,32.5,16.25,32.5,32.5
0xfad9afbdf4cb8c9dd00950acb79ff0bfa747a3d2,1,2025-10-26,2025-10-26,0,1,26.315788,26.315788,26.315788,26.315788,26.315788,4.86842078,4.86842078,4.86842078,4.86842078,4.86842078,26.315788,26.315788,26.315788,4.86842078,4.86842078,4.86842078,0.0,0.0,0.0,0.0,0.0,26.315788,26.315788,26.315788,26.315788,26.315788,0.0,0.0,0.0,0.0,0.0,4.86842078,4.86842078,4.86842078,4.86842078,4.86842078
0x4192f797c73badf8c28e0f0bef8ed2b36b987f00,11,2024-11-07,2024-11-21,14,11,-5909.01,1834.39,-197.74272727272728,419.06999999999994,-2175.17,-3170.183865,688.53,-223.04129681818185,33.453700000000005,-2453.4542650000003,-2175.17,4471.84,-2175.17,-2453.4542650000003,1363.2176,-2453.4542650000003,0.0,10.0,0.9090909090909091,10.0,10.0,-5909.01,1834.39,-198.6518181818182,-2185.17,-2185.17,0.0,5.75,0.5227272727272727,5.75,5.75,-3170.183865,688.53,-223.56402409090913,-2459.2042650000003,-2459.2042650000003
0x8b51695b707b995fbd917b08b2cb05e69510842a,1,2025-10-14,2025-10-14,0,1,10.0,10.0,10.0,10.0,10.0,5.6499999999999995,5.6499999999999995,5.6499999999999995,5.6499999999999995,5.6499999999999995,10.0,10.0,10.0,5.6499999999999995,5.6499999999999995,5.6499999999999995,10.0,10.0,10.0,10.0,10.0,0.0,0.0,0.0,0.0,0.0,5.6499999999999995,5.6499999999999995,5.6499999999999995,5.6499999999999995,5.6499999999999995,0.0,0.0,0.0,0.0,0.0
0x076ca0207aaa48365da2eb6a917edcbdee5e4e7b,4,2024-06-06,2025-10-30,511,7,-4000.0,-68.33,-1097.0825,-160.0,-4388.33,-196.35,2.0,-75.71448749999999,-54.253975000000004,-302.85794999999996,-4388.33,-4000.0,-4388.33,-302.85795,2.0,-302.85795,-6000.0,0.0,-1580.0,-6320.0,-6320.0,-68.33,2000.0,482.9175,1931.67,1931.67,-196.35,0.0,-76.5,-306.0,-306.0,-7.85795,11.0,0.7855125000000001,3.1420500000000002,3.14205
0xad6774f6baa7982ef494d4347023ecc36e5e8907,1,2024-11-29,2024-11-29,0,1,7.070706,7.070706,7.070706,7.070706,7.070706,6.925756527000001,6.925756527000001,6.925756527000001,6.925756527000001,6.925756527000001,7.070706,7.070706,7.070706,6.925756527000001,6.925756527000001,6.925756527000001,0.0,0.0,0.0,0.0,0.0,7.070706,7.070706,7.070706,7.070706,7.070706,0.0,0.0,0.0,0.0,0.0,6.925756527000001,6.925756527000001,6.925756527000001,6.925756527000001,6.925756527000001
0x008360bc28e1b7ae6b9f67d668f3c5b46eb8764c,1,2024-11-24,2024-11-24,0,1,13.254514,13.254514,13.254514,13.254514,13.254514,10.961483078,10.961483078,10.961483078,10.961483078,10.961483078,13.254514,13.254514,13.254514,10.961483078,10.961483078,10.961483078,0.0,0.0,0.0,0.0,0.0,13.254514,13.254514,13.254514,13.254514,13.254514,0.0,0.0,0.0,0.0,0.0,10.961483078,10.961483078,10.961483078,10.961483078,10.961483078
0xcd17160d2584da2253e62a905d9771242655612d,2,2024-10-30,2024-11-24,25,2,-0.57,0.571427,0.0007135000000000336,0.0007135000000000336,0.001427000000000067,-0.4713899999999999,0.35428474,-0.05855262999999997,-0.05855262999999997,-0.11710525999999993,0.001427,0.571427,0.001427,-0.1171052599999999,0.35428474,-0.1171052599999999,0.0,0.0,0.0,0.0,0.0,-0.57,0.571427,0.0007135000000000336,0.001427000000000067,0.001427,0.0,0.0,0.0,0.0,0.0,-0.4713899999999999,0.35428474,-0.05855262999999997,-0.11710525999999993,-0.1171052599999999
0xceb45574fc749d1bad9174feed405ff8647d1569,1,2024-06-09,2024-06-09,0,4,12.010019,12.010019,12.010019,12.010019,12.010019,0.0279839335,0.0279839335,0.0279839335,0.0279839335,0.0279839335,12.010019,12.010019,12.010019,0.0279839335,0.0279839335,0.0279839335,12.010019,12.010019,12.010019,12.010019,12.010019,0.0,0.0,0.0,0.0,0.0,0.0279839335,0.0279839335,0.0279839335,0.0279839335,0.0279839335,0.0,0.0,0.0,0.0,0.0
0x9f4d18cd852122ae46e19bce26f6c2a940711c5d,1,2024-10-30,2024-10-30,0,1,3.22857,3.22857,3.22857,3.22857,3.22857,1.2268566,1.2268566,1.2268566,1.2268566,1.2268566,3.22857,3.22857,3.22857,1.2268566,1.2268566,1.2268566,3.22857,3.22857,3.22857,3.22857,3.22857,0.0,0.0,0.0,0.0,0.0,1.2268566,1.2268566,1.2268566,1.2268566,1.2268566,0.0,0.0,0.0,0.0,0.0
0x49eca9d504cb4db533232a5edd371e87b8aabe58,1,2024-10-28,2024-10-28,0,1,0.0050699999999999,0.0050699999999999,0.0050699999999999,0.0050699999999999,0.0050699999999999,0.0049255049999999,0.0049255049999999,0.0049255049999999,0.0049255049999999,0.0049255049999999,0.0050699999999999,0.0050699999999999,0.0050699999999999,0.0049255049999999,0.0049255049999999,0.0049255049999999,0.0050699999999999,0.0050699999999999,0.0050699999999999,0.0050699999999999,0.0050699999999999,0.0,0.0,0.0,0.0,0.0,0.0049255049999999,0.0049255049999999,0.0049255049999999,0.0049255049999999,0.0049255049999999,0.0,0.0,0.0,0.0,0.0
0xd9a855e25c1d8e8bf00f436eeba5f06ea9f06b00,2,2024-11-18,2024-11-21,3,2,-4.0,4.0,0.0,0.0,0.0,-2.146,3.54,0.6970000000000001,0.6970000000000001,1.3940000000000001,0.0,4.0,0.0,1.394,3.54,1.394,0.0,0.0,0.0,0.0,0.0,-4.0,4.0,0.0,0.0,0.0,0.0,0.0,0.0,0.0,0.0,-2.146,3.54,0.6970000000000001,1.3940000000000001,1.394
0x2a1b6d9129205305a7f2adc295e037dc45e6dc56,1,2024-10-31,2024-10-31,0,1,0.009179,0.009179,0.009179,0.009179,0.009179,0.005553295,0.005553295,0.005553295,0.005553295,0.005553295,0.009179,0.009179,0.009179,0.005553295,0.005553295,0.005553295,0.0,0.0,0.0,0.0,0.0,0.009179,0.009179,0.009179,0.009179,0.009179,0.0,0.0,0.0,0.0,0.0,0.005553295,0.005553295,0.005553295,0.005553295,0.005553295
0x4d123b7bcb06882ef434bb7963d667d887c4ec60,1,2024-11-11,2024-11-11,0,1,20.0,20.0,20.0,20.0,20.0,15.4,15.4,15.4,15.4,15.4,20.0,20.0,20.0,15.4,15.4,15.4,20.0,20.0,20.0,20.0,20.0,0.0,0.0,0.0,0.0,0.0,15.4,15.4,15.4,15.4,15.4,0.0,0.0,0.0,0.0,0.0
0xaef21a6dcf4d7430fb4ce453b60e210fb83d92cd,1,2024-10-06,2024-10-06,0,1,0.0024,0.0024,0.0024,0.0024,0.0024,0.0023856,0.0023856,0.0023856,0.0023856,0.0023856,0.0024,0.0024,0.0024,0.0023856,0.0023856,0.0023856,0.0,0.0,0.0,0.0,0.0,0.0024,0.0024,0.0024,0.0024,0.0024,0.0,0.0,0.0,0.0,0.0,0.0023856,0.0023856,0.0023856,0.0023856,0.0023856
0x2afa74cd4830fafb3187c2d14817ba8b38aaf2a2,1,2024-10-04,2024-10-04,0,1,0.002,0.002,0.002,0.002,0.002,0.001988,0.001988,0.001988,0.001988,0.001988,0.002,0.002,0.002,0.001988,0.001988,0.001988,0.0,0.0,0.0,0.0,0.0,0.002,0.002,0.002,0.002,0.002,0.0,0.0,0.0,0.0,0.0,0.001988,0.001988,0.001988,0.001988,0.001988
0xbc1ac79c0fe8c7d717fbf877b093d31149f826d6,1,2024-11-23,2024-11-23,0,1,1.0204,1.0204,1.0204,1.0204,1.0204,0.9994818,0.9994818,0.9994818,0.9994818,0.9994818,1.0204,1.0204,1.0204,0.9994818,0.9994818,0.9994818,0.0,0.0,0.0,0.0,0.0,1.0204,1.0204,1.0204,1.0204,1.0204,0.0,0.0,0.0,0.0,0.0,0.9994818,0.9994818,0.9994818,0.9994818,0.9994818
0x90d2d60d2828bc87d831f2ce7ea347a1d4f4b978,1,2025-10-16,2025-10-16,0,1,2.2553,2.2553,2.2553,2.2553,2.2553,2.1087055,2.1087055,2.1087055,2.1087055,2.1087055,2.2553,2.2553,2.2553,2.1087055,2.1087055,2.1087055,2.2553,2.2553,2.2553,2.2553,2.2553,0.0,0.0,0.0,0.0,0.0,2.1087055,2.1087055,2.1087055,2.1087055,2.1087055,0.0,0.0,0.0,0.0,0.0
0xf3b00ecb5510e13bc258a1cb4e5b17fbc1678bf2,1,2024-11-04,2024-11-04,0,1,1000.0,1000.0,1000.0,1000.0,1000.0,8.5,8.5,8.5,8.5,8.5,1000.0,1000.0,1000.0,8.5,8.5,8.5,1000.0,1000.0,1000.0,1000.0,1000.0,0.0,0.0,0.0,0.0,0.0,8.5,8.5,8.5,8.5,8.5,0.0,0.0,0.0,0.0,0.0
0x8a04c6c0a35d50774b4414b2545aa27d155cbb04,1,2024-11-02,2024-11-02,0,1,0.0046140000000001,0.0046140000000001,0.0046140000000001,0.0046140000000001,0.0046140000000001,0.0018456,0.0018456,0.0018456,0.0018456,0.0018456,0.0046140000000001,0.0046140000000001,0.0046140000000001,0.0018456,0.0018456,0.0018456,0.0046140000000001,0.0046140000000001,0.0046140000000001,0.0046140000000001,0.0046140000000001,0.0,0.0,0.0,0.0,0.0,0.0018456,0.0018456,0.0018456,0.0018456,0.0018456,0.0,0.0,0.0,0.0,0.0
0x5ef0dc430474f7dabe8f659d8afd88b82652ac06,1,2024-11-15,2024-11-15,0,1,5.813952,5.813952,5.813952,5.813952,5.813952,4.8255801599999995,4.8255801599999995,4.8255801599999995,4.8255801599999995,4.8255801599999995,5.813952,5.813952,5.813952,4.8255801599999995,4.8255801599999995,4.8255801599999995,5.813952,5.813952,5.813952,5.813952,5.813952,0.0,0.0,0.0,0.0,0.0,4.8255801599999995,4.8255801599999995,4.8255801599999995,4.8255801599999995,4.8255801599999995,0.0,0.0,0.0,0.0,0.0
0x47beb98f0c9c7508c6cefca00930772e73c16ada,1,2024-12-02,2024-12-02,0,1,28.19738,28.19738,28.19738,28.19738,28.19738,28.18328131,28.18328131,28.18328131,28.18328131,28.18328131,28.19738,28.19738,28.19738,28.18328131,28.18328131,28.18328131,0.0,0.0,0.0,0.0,0.0,28.19738,28.19738,28.19738,28.19738,28.19738,0.0,0.0,0.0,0.0,0.0,28.18328131,28.18328131,28.18328131,28.18328131,28.18328131
0x53ad9ceab4cc4002e2ac955cb3cb08b9fddf8de7,2,2024-10-30,2024-11-24,25,2,-0.39,0.393938,0.0019689999999999985,0.0019689999999999985,0.003937999999999997,-0.32253,0.24424156,-0.03914421999999999,-0.03914421999999999,-0.07828843999999999,0.0039379999999999,0.393938,0.0039379999999999,-0.0782884399999999,0.24424156,-0.0782884399999999,0.0,0.0,0.0,0.0,0.0,-0.39,0.393938,0.0019689999999999985,0.003937999999999997,0.0039379999999999,0.0,0.0,0.0,0.0,0.0,-0.32253,0.24424156,-0.03914421999999999,-0.07828843999999999,-0.0782884399999999
0x7aa67084ab32a60aa4bf6aa4cc274d6ac1476c23,1,2025-10-16,2025-10-16,0,1,1.123594,1.123594,1.123594,1.123594,1.123594,0.99438069,0.99438069,0.99438069,0.99438069,0.99438069,1.123594,1.123594,1.123594,0.99438069,0.99438069,0.99438069,1.123594,1.123594,1.123594,1.123594,1.123594,0.0,0.0,0.0,0.0,0.0,0.99438069,0.99438069,0.99438069,0.99438069,0.99438069,0.0,0.0,0.0,0.0,0.0
0x281a32eae8c684d3454e7d77b1a3c09acabd6b72,1,2024-09-23,2024-09-23,0,1,5.0,5.0,5.0,5.0,5.0,0.0075,0.0075,0.0075,0.0075,0.0075,5.0,5.0,5.0,0.0075,0.0075,0.0075,5.0,5.0,5.0,5.0,5.0,0.0,0.0,0.0,0.0,0.0,0.0075,0.0075,0.0075,0.0075,0.0075,0.0,0.0,0.0,0.0,0.0
0x42ca6366c7747168411cf337b881f86db15035ec,1,2024-10-07,2024-10-07,0,1,0.0039669999999999,0.0039669999999999,0.0039669999999999,0.0039669999999999,0.0039669999999999,0.0038460064999999,0.0038460064999999,0.0038460064999999,0.0038460064999999,0.0038460064999999,0.0039669999999999,0.0039669999999999,0.0039669999999999,0.0038460064999999,0.0038460064999999,0.0038460064999999,0.0039669999999999,0.0039669999999999,0.0039669999999999,0.0039669999999999,0.0039669999999999,0.0,0.0,0.0,0.0,0.0,0.0038460064999999,0.0038460064999999,0.0038460064999999,0.0038460064999999,0.0038460064999999,0.0,0.0,0.0,0.0,0.0
0xd218e474776403a330142299f7796e8ba32eb5c9,9,2024-10-30,2025-11-19,385,14,33.57,7135.94,1396.5488888888888,200.0,12568.939999999999,21.820500000000003,3651.817295,871.391025,101.5,7842.519225,12568.94,12568.94,7135.94,7842.519225,7842.519225,3651.817295,0.0,0.0,0.0,0.0,0.0,33.57,7135.94,1396.5488888888888,12568.939999999999,12568.94,0.0,0.0,0.0,0.0,0.0,21.820500000000003,3651.817295,871.391025,7842.519225,7842.519225
0xdfdf2928a7117f463a1955cb67ac8513780f6640,1,2024-11-03,2024-11-03,0,1,0.008207,0.008207,0.008207,0.008207,0.008207,0.005539725,0.005539725,0.005539725,0.005539725,0.005539725,0.008207,0.008207,0.008207,0.005539725,0.005539725,0.005539725,0.0,0.0,0.0,0.0,0.0,0.008207,0.008207,0.008207,0.008207,0.008207,0.0,0.0,0.0,0.0,0.0,0.005539725,0.005539725,0.005539725,0.005539725,0.005539725
0x3cd7db0e78e57d1f2836705a5735946286262f21,1,2024-11-23,2024-11-23,0,1,8.163264,8.163264,8.163264,8.163264,8.163264,7.995917088000001,7.995917088000001,7.995917088000001,7.995917088000001,7.995917088000001,8.163264,8.163264,8.163264,7.995917088000001,7.995917088000001,7.995917088000001,0.0,0.0,0.0,0.0,0.0,8.163264,8.163264,8.163264,8.163264,8.163264,0.0,0.0,0.0,0.0,0.0,7.995917088000001,7.995917088000001,7.995917088000001,7.995917088000001,7.995917088000001
0xbca1115655bbcc19c5595a886aefedc0ab6f82bf,1,2024-11-28,2024-11-28,0,1,9.063443,9.063443,9.063443,9.063443,9.063443,8.809666596,8.809666596,8.809666596,8.809666596,8.809666596,9.063443,9.063443,9.063443,8.809666596,8.809666596,8.809666596,0.0,0.0,0.0,0.0,0.0,9.063443,9.063443,9.063443,9.063443,9.063443,0.0,0.0,0.0,0.0,0.0,8.809666596,8.809666596,8.809666596,8.809666596,8.809666596
0xe0a6dcfce30e8bc56cc2fe5b41876ae56b3618b8,1,2024-11-15,2024-11-15,0,1,7.526871,7.526871,7.526871,7.526871,7.526871,6.24730293,6.24730293,6.24730293,6.24730293,6.24730293,7.526871,7.526871,7.526871,6.24730293,6.24730293,6.24730293,7.526871,7.526871,7.526871,7.526871,7.526871,0.0,0.0,0.0,0.0,0.0,6.24730293,6.24730293,6.24730293,6.24730293,6.24730293,0.0,0.0,0.0,0.0,0.0
0x6a2b07b866601f40d8894207622e7dc0844671b7,1,2024-11-03,2024-11-03,0,1,0.0011749999999999,0.0011749999999999,0.0011749999999999,0.0011749999999999,0.0011749999999999,0.0003818749999999,0.0003818749999999,0.0003818749999999,0.0003818749999999,0.0003818749999999,0.0011749999999999,0.0011749999999999,0.0011749999999999,0.0003818749999999,0.0003818749999999,0.0003818749999999,0.0011749999999999,0.0011749999999999,0.0011749999999999,0.0011749999999999,0.0011749999999999,0.0,0.0,0.0,0.0,0.0,0.0003818749999999,0.0003818749999999,0.0003818749999999,0.0003818749999999,0.0003818749999999,0.0,0.0,0.0,0.0,0.0
0x24d731f4377cfb2552ef625d8e3a09b614619407,1,2024-11-27,2024-11-27,0,1,4.0816,4.0816,4.0816,4.0816,4.0816,3.7407864,3.7407864,3.7407864,3.7407864,3.7407864,4.0816,4.0816,4.0816,3.7407864,3.7407864,3.7407864,0.0,0.0,0.0,0.0,0.0,4.0816,4.0816,4.0816,4.0816,4.0816,0.0,0.0,0.0,0.0,0.0,3.7407864,3.7407864,3.7407864,3.7407864,3.7407864
0x8363b994cf623ff3cc143eb9dd1f19e7b30dd0c3,1,2024-11-27,2024-11-27,0,1,6.116157,6.116157,6.116157,6.116157,6.116157,5.6054578905,5.6054578905,5.6054578905,5.6054578905,5.6054578905,6.116157,6.116157,6.116157,5.6054578905,5.6054578905,5.6054578905,0.0,0.0,0.0,0.0,0.0,6.116157,6.116157,6.116157,6.116157,6.116157,0.0,0.0,0.0,0.0,0.0,5.6054578905,5.6054578905,5.6054578905,5.6054578905,5.6054578905
0xbffab8080c2ef60bf0a6610132c1a0049f7bb4d1,1,2024-11-03,2024-11-03,0,1,0.0046250000000003,0.0046250000000003,0.0046250000000003,0.0046250000000003,0.0046250000000003,0.0031218750000002,0.0031218750000002,0.0031218750000002,0.0031218750000002,0.0031218750000002,0.0046250000000003,0.0046250000000003,0.0046250000000003,0.0031218750000002,0.0031218750000002,0.0031218750000002,0.0,0.0,0.0,0.0,0.0,0.0046250000000003,0.0046250000000003,0.0046250000000003,0.0046250000000003,0.0046250000000003,0.0,0.0,0.0,0.0,0.0,0.0031218750000002,0.0031218750000002,0.0031218750000002,0.0031218750000002,0.0031218750000002
0xcfc302e5d71062b2cd2d50c15041424c9c2da6b0,1,2024-10-23,2024-10-23,0,1,5.930469,5.930469,5.930469,5.930469,5.930469,5.761450633500001,5.761450633500001,5.761450633500001,5.761450633500001,5.761450633500001,5.930469,5.930469,5.930469,5.761450633500001,5.761450633500001,5.761450633500001,5.930469,5.930469,5.930469,5.930469,5.930469,0.0,0.0,0.0,0.0,0.0,5.761450633500001,5.761450633500001,5.761450633500001,5.761450633500001,5.761450633500001,0.0,0.0,0.0,0.0,0.0
0x353e9b669eba0e54fb20cba85aa4b1210d43b202,1,2024-11-23,2024-11-23,0,1,3.0612,3.0612,3.0612,3.0612,3.0612,2.9984454,2.9984454,2.9984454,2.9984454,2.9984454,3.0612,3.0612,3.0612,2.9984454,2.9984454,2.9984454,0.0,0.0,0.0,0.0,0.0,3.0612,3.0612,3.0612,3.0612,3.0612,0.0,0.0,0.0,0.0,0.0,2.9984454,2.9984454,2.9984454,2.9984454,2.9984454
0xf7b28eb53d69b4c8c478307e2118ca5521e19cb3,1,2024-11-29,2024-11-29,0,1,8.080807,8.080807,8.080807,8.080807,8.080807,7.9151504565,7.9151504565,7.9151504565,7.9151504565,7.9151504565,8.080807,8.080807,8.080807,7.9151504565,7.9151504565,7.9151504565,0.0,0.0,0.0,0.0,0.0,8.080807,8.080807,8.080807,8.080807,8.080807,0.0,0.0,0.0,0.0,0.0,7.9151504565,7.9151504565,7.9151504565,7.9151504565,7.9151504565
0x46ed85aad10c70d8ddbcc3f05c9216b5d4b3643e,1,2024-10-25,2024-10-25,0,1,0.0003329999999999,0.0003329999999999,0.0003329999999999,0.0003329999999999,0.0003329999999999,0.0003311684999999,0.0003311684999999,0.0003311684999999,0.0003311684999999,0.0003311684999999,0.0003329999999999,0.0003329999999999,0.0003329999999999,0.0003311684999999,0.0003311684999999,0.0003311684999999,0.0,0.0,0.0,0.0,0.0,0.0003329999999999,0.0003329999999999,0.0003329999999999,0.0003329999999999,0.0003329999999999,0.0,0.0,0.0,0.0,0.0,0.0003311684999999,0.0003311684999999,0.0003311684999999,0.0003311684999999,0.0003311684999999
0xe68343a72f86492fd737c84edf603dd87b3a5578,2,2025-10-19,2025-10-20,1,4,-136.36,136.363633,0.0018164999999896736,0.0018164999999896736,0.003632999999979347,-17.3832,19.26136071,0.9390803550000015,0.9390803550000015,1.878160710000003,0.0036329999999793,136.363633,0.0036329999999793,1.8781607099999995,19.26136071,1.8781607099999995,-136.36,136.363633,0.0018164999999896736,0.003632999999979347,0.0036329999999793,0.0,0.0,0.0,0.0,0.0,-17.3832,19.26136071,0.9390803550000015,1.878160710000003,1.8781607099999995,0.0,0.0,0.0,0.0,0.0
0xe6fbf22930463842fed17544884fc99464b9f417,1,2024-12-02,2024-12-02,0,1,22.668679,22.668679,22.668679,22.668679,22.668679,22.6573446605,22.6573446605,22.6573446605,22.6573446605,22.6573446605,22.668679,22.668679,22.668679,22.6573446605,22.6573446605,22.6573446605,0.0,0.0,0.0,0.0,0.0,22.668679,22.668679,22.668679,22.668679,22.668679,0.0,0.0,0.0,0.0,0.0,22.6573446605,22.6573446605,22.6573446605,22.6573446605,22.6573446605
0xc9dbeb9cb902cb9cd28df83ca956e196fe711c50,1,2024-10-30,2024-10-30,0,1,0.005673999999999,0.005673999999999,0.005673999999999,0.005673999999999,0.005673999999999,0.0002071009999999,0.0002071009999999,0.0002071009999999,0.0002071009999999,0.0002071009999999,0.005673999999999,0.005673999999999,0.005673999999999,0.0002071009999999,0.0002071009999999,0.0002071009999999,0.0,0.0,0.0,0.0,0.0,0.005673999999999,0.005673999999999,0.005673999999999,0.005673999999999,0.005673999999999,0.0,0.0,0.0,0.0,0.0,0.0002071009999999,0.0002071009999999,0.0002071009999999,0.0002071009999999,0.0002071009999999
0xb5728d8ecf653a79f5966a70087b52b02ff303c2,1,2024-11-29,2024-11-29,0,1,1.213272,1.213272,1.213272,1.213272,1.213272,1.188399924,1.188399924,1.188399924,1.188399924,1.188399924,1.213272,1.213272,1.213272,1.188399924,1.188399924,1.188399924,0.0,0.0,0.0,0.0,0.0,1.213272,1.213272,1.213272,1.213272,1.213272,0.0,0.0,0.0,0.0,0.0,1.188399924,1.188399924,1.188399924,1.188399924,1.188399924
0xd80788fa38608e6ea94dd17a3026c364eaaf2bbe,1,2024-11-05,2024-11-05,0,1,1.028805,1.028805,1.028805,1.028805,1.028805,0.99176802,0.99176802,0.99176802,0.99176802,0.99176802,1.028805,1.028805,1.028805,0.99176802,0.99176802,0.99176802,1.028805,1.028805,1.028805,1.028805,1.028805,0.0,0.0,0.0,0.0,0.0,0.99176802,0.99176802,0.99176802,0.99176802,0.99176802,0.0,0.0,0.0,0.0,0.0
0xf32e3aff6815576e04bbc01e7d679e22c20d8834,2,2024-09-27,2024-11-02,36,3,-344.0,-5.79,-174.895,-174.895,-349.79,-4.2505,-0.199755,-2.2251274999999997,-2.2251274999999997,-4.450254999999999,-349.79,-344.0,-349.79,-4.450254999999999,-4.2505,-4.450254999999999,-344.0,-5.79,-174.895,-349.79,-349.79,0.0,0.0,0.0,0.0,0.0,-4.2505,-0.199755,-2.2251274999999997,-4.450254999999999,-4.450254999999999,0.0,0.0,0.0,0.0,0.0
0x53f519c66186beac16ed772cfd6e5288575ac4a3,1,2024-10-04,2024-10-04,0,1,0.0003999999999999,0.0003999999999999,0.0003999999999999,0.0003999999999999,0.0003999999999999,0.0003975999999999,0.0003975999999999,0.0003975999999999,0.0003975999999999,0.0003975999999999,0.0003999999999999,0.0003999999999999,0.0003999999999999,0.0003975999999999,0.0003975999999999,0.0003975999999999,0.0,0.0,0.0,0.0,0.0,0.0003999999999999,0.0003999999999999,0.0003999999999999,0.0003999999999999,0.0003999999999999,0.0,0.0,0.0,0.0,0.0,0.0003975999999999,0.0003975999999999,0.0003975999999999,0.0003975999999999,0.0003975999999999
0x3cbf1768b2d4eea2539970c0d0fd6decf639f68f,2,2024-09-21,2024-10-15,24,2,-1.01,1.01109,0.0005450000000000177,0.0005450000000000177,0.0010900000000000354,-0.985255,0.985307205,2.6102500000013684e-05,2.6102500000013684e-05,5.220500000002737e-05,0.00109,1.01109,0.00109,5.220500000013839e-05,0.985307205,5.220500000013839e-05,0.0,0.0,0.0,0.0,0.0,-1.01,1.01109,0.0005450000000000177,0.0010900000000000354,0.00109,0.0,0.0,0.0,0.0,0.0,-0.985255,0.985307205,2.6102500000013684e-05,5.220500000002737e-05,5.220500000013839e-05
0x29baf588411df3425e18864d7ab44dc379bdb5fb,1,2024-11-08,2024-11-08,0,1,0.0016499999999999,0.0016499999999999,0.0016499999999999,0.0016499999999999,0.0016499999999999,0.0014932499999999,0.0014932499999999,0.0014932499999999,0.0014932499999999,0.0014932499999999,0.0016499999999999,0.0016499999999999,0.0016499999999999,0.0014932499999999,0.0014932499999999,0.0014932499999999,0.0016499999999999,0.0016499999999999,0.0016499999999999,0.0016499999999999,0.0016499999999999,0.0,0.0,0.0,0.0,0.0,0.0014932499999999,0.0014932499999999,0.0014932499999999,0.0014932499999999,0.0014932499999999,0.0,0.0,0.0,0.0,0.0
0x5ef78d8047eaa5f8fbac51101f336ea968f93b22,1,2024-11-06,2024-11-06,0,1,200.0,200.0,200.0,200.0,200.0,190.0,190.0,190.0,190.0,190.0,200.0,200.0,200.0,190.0,190.0,190.0,200.0,200.0,200.0,200.0,200.0,0.0,0.0,0.0,0.0,0.0,190.0,190.0,190.0,190.0,190.0,0.0,0.0,0.0,0.0,0.0
0x35f0f0c1abec76f5f2a7622b91ea35e3a62e8f1d,2,2024-10-31,2024-11-01,1,2,-0.19,0.19672,0.003360000000000002,0.003360000000000002,0.006720000000000004,-0.1139999999999999,0.1190156,0.002507800000000053,0.002507800000000053,0.005015600000000106,0.00672,0.19672,0.00672,0.0050156,0.1190156,0.0050156,0.0,0.0,0.0,0.0,0.0,-0.19,0.19672,0.003360000000000002,0.006720000000000004,0.00672,0.0,0.0,0.0,0.0,0.0,-0.1139999999999999,0.1190156,0.002507800000000053,0.005015600000000106,0.0050156
0x6d2080727f53ad8cb58521212825cc512fa1a976,2,2025-11-06,2025-11-07,1,2,-82.16,82.16,0.0,0.0,0.0,-74.7656,74.7656,0.0,0.0,0.0,0.0,82.16,0.0,0.0,74.7656,0.0,-82.16,82.16,0.0,0.0,0.0,0.0,0.0,0.0,0.0,0.0,-74.7656,74.7656,0.0,0.0,0.0,0.0,0.0,0.0,0.0,0.0
0xb5c42af12126e530ce6db5de00577088b38fa20f,1,2024-11-23,2024-11-23,0,1,11.224487,11.224487,11.224487,11.224487,11.224487,10.9943850165,10.9943850165,10.9943850165,10.9943850165,10.9943850165,11.224487,11.224487,11.224487,10.9943850165,10.9943850165,10.9943850165,0.0,0.0,0.0,0.0,0.0,11.224487,11.224487,11.224487,11.224487,11.224487,0.0,0.0,0.0,0.0,0.0,10.9943850165,10.9943850165,10.9943850165,10.9943850165,10.9943850165
0x8f9b67f6302ca68aa7f00b481352243e478c6de3,1,2024-10-30,2024-10-30,0,1,0.89189,0.89189,0.89189,0.89189,0.89189,0.3389182,0.3389182,0.3389182,0.3389182,0.3389182,0.89189,0.89189,0.89189,0.3389182,0.3389182,0.3389182,0.89189,0.89189,0.89189,0.89189,0.89189,0.0,0.0,0.0,0.0,0.0,0.3389182,0.3389182,0.3389182,0.3389182,0.3389182,0.0,0.0,0.0,0.0,0.0
0x760b0f32857632ddb280a44b21f27cd956e726ec,1,2024-10-31,2024-10-31,0,1,76.923075,76.923075,76.923075,76.923075,76.923075,2.6538460875000003,2.6538460875000003,2.6538460875000003,2.6538460875000003,2.6538460875000003,76.923075,76.923075,76.923075,2.6538460875000003,2.6538460875000003,2.6538460875000003,76.923075,76.923075,76.923075,76.923075,76.923075,0.0,0.0,0.0,0.0,0.0,2.6538460875000003,2.6538460875000003,2.6538460875000003,2.6538460875000003,2.6538460875000003,0.0,0.0,0.0,0.0,0.0
0x5e4266cb283cb9f9f93bc33b91ef87112790f172,1,2024-11-03,2024-11-03,0,1,0.0029400000000006,0.0029400000000006,0.0029400000000006,0.0029400000000006,0.0029400000000006,0.0009555000000001,0.0009555000000001,0.0009555000000001,0.0009555000000001,0.0009555000000001,0.0029400000000006,0.0029400000000006,0.0029400000000006,0.0009555000000001,0.0009555000000001,0.0009555000000001,0.0029400000000006,0.0029400000000006,0.0029400000000006,0.0029400000000006,0.0029400000000006,0.0,0.0,0.0,0.0,0.0,0.0009555000000001,0.0009555000000001,0.0009555000000001,0.0009555000000001,0.0009555000000001,0.0,0.0,0.0,0.0,0.0
0xb2d5dcfeeeb22a2d9aa898d8f42afb6320925404,1,2024-11-03,2024-11-03,0,1,0.0041159999999997,0.0041159999999997,0.0041159999999997,0.0041159999999997,0.0041159999999997,0.0013376999999999,0.0013376999999999,0.0013376999999999,0.0013376999999999,0.0013376999999999,0.0041159999999997,0.0041159999999997,0.0041159999999997,0.0013376999999999,0.0013376999999999,0.0013376999999999,0.0041159999999997,0.0041159999999997,0.0041159999999997,0.0041159999999997,0.0041159999999997,0.0,0.0,0.0,0.0,0.0,0.0013376999999999,0.0013376999999999,0.0013376999999999,0.0013376999999999,0.0013376999999999,0.0,0.0,0.0,0.0,0.0
0x90633b9ccd3b435e9e2f719cab7e46a83e421ccd,1,2024-10-05,2024-10-05,0,1,0.0036,0.0036,0.0036,0.0036,0.0036,0.0035784,0.0035784,0.0035784,0.0035784,0.0035784,0.0036,0.0036,0.0036,0.0035784,0.0035784,0.0035784,0.0,0.0,0.0,0.0,0.0,0.0036,0.0036,0.0036,0.0036,0.0036,0.0,0.0,0.0,0.0,0.0,0.0035784,0.0035784,0.0035784,0.0035784,0.0035784
0x1d7c3c9f58af02de1bca54f7ba818d015b5b86dc,1,2024-11-03,2024-11-03,0,1,0.0077600000000002,0.0077600000000002,0.0077600000000002,0.0077600000000002,0.0077600000000002,0.0052380000000001,0.0052380000000001,0.0052380000000001,0.0052380000000001,0.0052380000000001,0.0077600000000002,0.0077600000000002,0.0077600000000002,0.0052380000000001,0.0052380000000001,0.0052380000000001,0.0,0.0,0.0,0.0,0.0,0.0077600000000002,0.0077600000000002,0.0077600000000002,0.0077600000000002,0.0077600000000002,0.0,0.0,0.0,0.0,0.0,0.0052380000000001,0.0052380000000001,0.0052380000000001,0.0052380000000001,0.0052380000000001
0x7ca7e3cba05595a65039fee7e90497a67300cc9a,1,2024-06-08,2024-06-08,0,4,8.566677,8.566677,8.566677,8.566677,8.566677,0.0429167185,0.0429167185,0.0429167185,0.0429167185,0.0429167185,8.566677,8.566677,8.566677,0.0429167185,0.0429167185,0.0429167185,8.566677,8.566677,8.566677,8.566677,8.566677,0.0,0.0,0.0,0.0,0.0,0.0429167185,0.0429167185,0.0429167185,0.0429167185,0.0429167185,0.0,0.0,0.0,0.0,0.0
0x8b01e664b6f1c434e1ccd3585441188e7219e149,1,2025-10-14,2025-10-14,0,1,2.347824,2.347824,2.347824,2.347824,2.347824,2.14825896,2.14825896,2.14825896,2.14825896,2.14825896,2.347824,2.347824,2.347824,2.14825896,2.14825896,2.14825896,2.347824,2.347824,2.347824,2.347824,2.347824,0.0,0.0,0.0,0.0,0.0,2.14825896,2.14825896,2.14825896,2.14825896,2.14825896,0.0,0.0,0.0,0.0,0.0
0x28c34c7cc2a497d2b988601b9d1653a1d077ac98,1,2024-10-01,2024-10-01,0,1,0.212692,0.212692,0.212692,0.212692,0.212692,0.209607966,0.209607966,0.209607966,0.209607966,0.209607966,0.212692,0.212692,0.212692,0.209607966,0.209607966,0.209607966,0.0,0.0,0.0,0.0,0.0,0.212692,0.212692,0.212692,0.212692,0.212692,0.0,0.0,0.0,0.0,0.0,0.209607966,0.209607966,0.209607966,0.209607966,0.209607966
0xf2b5ebf9976fbf825b52d1060fe5bdeea4d54dc8,2,2025-10-21,2025-10-23,2,2,-1.32,1.329541,0.004770500000000011,0.004770500000000011,0.009541000000000022,-1.1484,1.15670067,0.0041503349999999495,0.0041503349999999495,0.008300669999999899,0.009541,1.329541,0.009541,0.0083006699999998,1.15670067,0.0083006699999998,-1.32,1.329541,0.004770500000000011,0.009541000000000022,0.009541,0.0,0.0,0.0,0.0,0.0,-1.1484,1.15670067,0.0041503349999999495,0.008300669999999899,0.0083006699999998,0.0,0.0,0.0,0.0,0.0
0x63f1557aa24e04afe36b2f36a3e4c2eeb8526272,1,2024-11-02,2024-11-02,0,1,10.0,10.0,10.0,10.0,10.0,6.0,6.0,6.0,6.0,6.0,10.0,10.0,10.0,6.0,6.0,6.0,0.0,0.0,0.0,0.0,0.0,10.0,10.0,10.0,10.0,10.0,0.0,0.0,0.0,0.0,0.0,6.0,6.0,6.0,6.0,6.0
0x50ea8f53fad4d78527e513c44799ecfdc88f9c23,1,2025-11-06,2025-11-06,0,1,0.0039119999999996,0.0039119999999996,0.0039119999999996,0.0039119999999996,0.0039119999999996,0.0035599199999996,0.0035599199999996,0.0035599199999996,0.0035599199999996,0.0035599199999996,0.0039119999999996,0.0039119999999996,0.0039119999999996,0.0035599199999996,0.0035599199999996,0.0035599199999996,0.0039119999999996,0.0039119999999996,0.0039119999999996,0.0039119999999996,0.0039119999999996,0.0,0.0,0.0,0.0,0.0,0.0035599199999996,0.0035599199999996,0.0035599199999996,0.0035599199999996,0.0035599199999996,0.0,0.0,0.0,0.0,0.0
0xd47ddf67c7403d27af94ba358e7486784a1c0743,2,2024-11-07,2024-11-11,4,2,-2.0,2.0,0.0,0.0,0.0,-1.54,1.86,0.16000000000000003,0.16000000000000003,0.32000000000000006,0.0,2.0,0.0,0.32,1.86,0.32,-2.0,2.0,0.0,0.0,0.0,0.0,0.0,0.0,0.0,0.0,-1.54,1.86,0.16000000000000003,0.32000000000000006,0.32,0.0,0.0,0.0,0.0,0.0
0x6b44cdccdc280e6d0be71782f0772a6bf4b2be1e,5,2025-11-06,2025-11-17,11,11,100.0,1465.54,904.6700000000001,1200.78,4523.35,27.500000000000004,486.8109,278.89318999999995,305.30925,1394.4659499999998,4523.35,4523.35,1356.93,1394.4659499999998,1394.4659499999998,305.30925,100.0,1310.38,517.164,2585.82,2585.82,0.0,845.78,387.506,1937.53,1937.53,27.500000000000004,294.8355,152.13878,760.6939,760.6939,0.0,282.80729999999994,126.75440999999998,633.7720499999999,633.7720499999999
0xbb929af4b5f0a67d594bd50668d6ee42aba44fb4,1,2024-06-11,2024-06-11,0,4,10.843372,10.843372,10.843372,10.843372,10.843372,0.029145431,0.029145431,0.029145431,0.029145431,0.029145431,10.843372,10.843372,10.843372,0.029145431,0.029145431,0.029145431,10.843372,10.843372,10.843372,10.843372,10.843372,0.0,0.0,0.0,0.0,0.0,0.029145431,0.029145431,0.029145431,0.029145431,0.029145431,0.0,0.0,0.0,0.0,0.0
0x742d242e8f9177c87d41e7f5797c830f368ecf09,1,2024-11-03,2024-11-03,0,1,0.006469,0.006469,0.006469,0.006469,0.006469,0.002102425,0.002102425,0.002102425,0.002102425,0.002102425,0.006469,0.006469,0.006469,0.002102425,0.002102425,0.002102425,0.006469,0.006469,0.006469,0.006469,0.006469,0.0,0.0,0.0,0.0,0.0,0.002102425,0.002102425,0.002102425,0.002102425,0.002102425,0.0,0.0,0.0,0.0,0.0
0x49341db98d00c870dc2925d36a32369cfe376d71,2,2025-11-05,2025-11-12,7,2,1.53846,2.898548,2.218504,2.218504,4.437008,0.9846144,1.9565199,1.47056715,1.47056715,2.9411343,4.437008,4.437008,2.898548,2.9411343,2.9411343,1.9565199,1.53846,2.898548,2.218504,4.437008,4.437008,0.0,0.0,0.0,0.0,0.0,0.9846144,1.9565199,1.47056715,2.9411343,2.9411343,0.0,0.0,0.0,0.0,0.0
0x7f5b2d615a62ff219db19ccf071997a773959289,1,2024-10-30,2024-10-30,0,1,0.02857,0.02857,0.02857,0.02857,0.02857,0.0108566,0.0108566,0.0108566,0.0108566,0.0108566,0.02857,0.02857,0.02857,0.0108566,0.0108566,0.0108566,0.02857,0.02857,0.02857,0.02857,0.02857,0.0,0.0,0.0,0.0,0.0,0.0108566,0.0108566,0.0108566,0.0108566,0.0108566,0.0,0.0,0.0,0.0,0.0
0xfecf731d14f0cd707162b6c44cf2e382adc44759,1,2024-11-28,2024-11-28,0,1,6.048375,6.048375,6.048375,6.048375,6.048375,5.8790205,5.8790205,5.8790205,5.8790205,5.8790205,6.048375,6.048375,6.048375,5.8790205,5.8790205,5.8790205,0.0,0.0,0.0,0.0,0.0,6.048375,6.048375,6.048375,6.048375,6.048375,0.0,0.0,0.0,0.0,0.0,5.8790205,5.8790205,5.8790205,5.8790205,5.8790205
0x164229b9d0587e50b94098f5840164282b565988,2,2024-11-06,2024-11-09,3,2,300.0,6670.3,3485.15,3485.15,6970.3,202.5,2736.785,1469.6425,1469.6425,2939.285,6970.3,6970.3,6670.3,2939.285,2939.285,2736.785,300.0,2670.3,1485.15,2970.3,2970.3,0.0,4000.0,2000.0,4000.0,4000.0,202.5,2536.785,1369.6425,2739.285,2739.285,0.0,200.0,100.0,200.0,200.0
0x09399666162394901a5e90713caf7549e1705e4f,2,2024-10-30,2024-11-24,25,2,-1.74,1.74603,0.00301499999999999,0.00301499999999999,0.00602999999999998,-1.43898,1.0825386,-0.1782207,-0.1782207,-0.3564414,0.0060299999999999,1.74603,0.0060299999999999,-0.3564414,1.0825386,-0.3564414,0.0,0.0,0.0,0.0,0.0,-1.74,1.74603,0.00301499999999999,0.00602999999999998,0.0060299999999999,0.0,0.0,0.0,0.0,0.0,-1.43898,1.0825386,-0.1782207,-0.3564414,-0.3564414
0x20275a9ab620f052e90a43dc4a7eee486cae6d60,2,2024-11-15,2024-11-16,1,2,-5.0,0.05,-2.475,-2.475,-4.95,-2.125,0.0085,-1.05825,-1.05825,-2.1165,-4.95,0.05,-4.95,-2.1165,0.0085,-2.1165,0.0,0.0,0.0,0.0,0.0,-5.0,0.05,-2.475,-4.95,-4.95,0.0,0.0,0.0,0.0,0.0,-2.125,0.0085,-1.05825,-2.1165,-2.1165
0x96af0cfe7b5e8331fd188594cd6f450c81293768,1,2024-11-16,2024-11-16,0,1,6.976743,6.976743,6.976743,6.976743,6.976743,4.011627225,4.011627225,4.011627225,4.011627225,4.011627225,6.976743,6.976743,6.976743,4.011627225,4.011627225,4.011627225,6.976743,6.976743,6.976743,6.976743,6.976743,0.0,0.0,0.0,0.0,0.0,4.011627225,4.011627225,4.011627225,4.011627225,4.011627225,0.0,0.0,0.0,0.0,0.0
0xe6675dc90b835516259e8ccac1e5e8404a55feff,1,2024-11-25,2024-11-25,0,1,1.237112,1.237112,1.237112,1.237112,1.237112,1.098555456,1.098555456,1.098555456,1.098555456,1.098555456,1.237112,1.237112,1.237112,1.098555456,1.098555456,1.098555456,0.0,0.0,0.0,0.0,0.0,1.237112,1.237112,1.237112,1.237112,1.237112,0.0,0.0,0.0,0.0,0.0,1.098555456,1.098555456,1.098555456,1.098555456,1.098555456
0xc41198ef71f85b489ce1c6150733e5a7b824caa7,3,2024-06-06,2024-06-11,5,3,-888.0,388.888886,-66.37037133333335,300.0,-199.11111400000004,-5.328,36.94444417,14.58881472333333,12.15,43.76644416999999,-199.11111400000004,688.888886,-199.11111400000004,43.76644417,49.09444417,36.94444417,0.0,0.0,0.0,0.0,0.0,-888.0,388.888886,-66.37037133333335,-199.11111400000004,-199.11111400000004,0.0,0.0,0.0,0.0,0.0,-5.328,36.94444417,14.58881472333333,43.76644416999999,43.76644417
0x5b6afdd234ecba17a9d89e74fe64b962af6d8863,1,2025-11-05,2025-11-05,0,1,35.714283,35.714283,35.714283,35.714283,35.714283,24.107141025000004,24.107141025000004,24.107141025000004,24.107141025000004,24.107141025000004,35.714283,35.714283,35.714283,24.107141025000004,24.107141025000004,24.107141025000004,35.714283,35.714283,35.714283,35.714283,35.714283,0.0,0.0,0.0,0.0,0.0,24.107141025000004,24.107141025000004,24.107141025000004,24.107141025000004,24.107141025000004,0.0,0.0,0.0,0.0,0.0
0x2892ea81ccc646db98819a1c7ac03c56227d71dd,1,2025-11-07,2025-11-07,0,1,124.323528,124.323528,124.323528,124.323528,124.323528,85.78323431999999,85.78323431999999,85.78323431999999,85.78323431999999,85.78323431999999,124.323528,124.323528,124.323528,85.78323431999999,85.78323431999999,85.78323431999999,124.323528,124.323528,124.323528,124.323528,124.323528,0.0,0.0,0.0,0.0,0.0,85.78323431999999,85.78323431999999,85.78323431999999,85.78323431999999,85.78323431999999,0.0,0.0,0.0,0.0,0.0
0x44c1dfe43260c94ed4f1d00de2e1f80fb113ebc1,3,2024-10-30,2024-11-05,6,3,-2609.89,2409.86,266.65666666666675,1000.0,799.9700000000003,-1043.956,915.7468,45.59693333333337,265.0,136.7908000000001,799.9700000000003,2409.86,-200.02999999999977,136.7908000000001,915.7468,-128.2091999999999,-2609.89,2409.86,266.65666666666675,799.9700000000003,799.9700000000003,0.0,0.0,0.0,0.0,0.0,-1043.956,915.7468,45.59693333333337,136.7908000000001,136.7908000000001,0.0,0.0,0.0,0.0,0.0
0x28c9b261ab0ce7e1af1470665625a0204dfe6424,1,2024-11-15,2024-11-15,0,1,0.57894,0.57894,0.57894,0.57894,0.57894,0.4805202,0.4805202,0.4805202,0.4805202,0.4805202,0.57894,0.57894,0.57894,0.4805202,0.4805202,0.4805202,0.57894,0.57894,0.57894,0.57894,0.57894,0.0,0.0,0.0,0.0,0.0,0.4805202,0.4805202,0.4805202,0.4805202,0.4805202,0.0,0.0,0.0,0.0,0.0
0x0a866177667d708d0412bad213bc7c69d1c397e8,1,2024-11-03,2024-11-03,0,1,0.0052929999999999,0.0052929999999999,0.0052929999999999,0.0052929999999999,0.0052929999999999,0.0017202249999999,0.0017202249999999,0.0017202249999999,0.0017202249999999,0.0017202249999999,0.0052929999999999,0.0052929999999999,0.0052929999999999,0.0017202249999999,0.0017202249999999,0.0017202249999999,0.0052929999999999,0.0052929999999999,0.0052929999999999,0.0052929999999999,0.0052929999999999,0.0,0.0,0.0,0.0,0.0,0.0017202249999999,0.0017202249999999,0.0017202249999999,0.0017202249999999,0.0017202249999999,0.0,0.0,0.0,0.0,0.0
0x5d3fdb7bfe2d43b2aa0488d1a3dae472a2fa789e,1,2024-12-02,2024-12-02,0,1,1.002,1.002,1.002,1.002,1.002,1.001499,1.001499,1.001499,1.001499,1.001499,1.002,1.002,1.002,1.001499,1.001499,1.001499,0.0,0.0,0.0,0.0,0.0,1.002,1.002,1.002,1.002,1.002,0.0,0.0,0.0,0.0,0.0,1.001499,1.001499,1.001499,1.001499,1.001499
0x5e7c5e7fd4669280dd3f2632b7c564231f8aeacd,1,2024-06-05,2024-06-05,0,1,68.965516,68.965516,68.965516,68.965516,68.965516,0.999999982,0.999999982,0.999999982,0.999999982,0.999999982,68.965516,68.965516,68.965516,0.999999982,0.999999982,0.999999982,0.0,0.0,0.0,0.0,0.0,68.965516,68.965516,68.965516,68.965516,68.965516,0.0,0.0,0.0,0.0,0.0,0.999999982,0.999999982,0.999999982,0.999999982,0.999999982
0x205833d8bdd124e62281c489bfd4d8546496334f,1,2024-11-26,2024-11-26,0,1,1.9479,1.9479,1.9479,1.9479,1.9479,1.7647974,1.7647974,1.7647974,1.7647974,1.7647974,1.9479,1.9479,1.9479,1.7647974,1.7647974,1.7647974,0.0,0.0,0.0,0.0,0.0,1.9479,1.9479,1.9479,1.9479,1.9479,0.0,0.0,0.0,0.0,0.0,1.7647974,1.7647974,1.7647974,1.7647974,1.7647974
0xd4dd07efcd760853944e3d0b2de452c2499e2736,1,2024-11-03,2024-11-03,0,1,0.0052929999999999,0.0052929999999999,0.0052929999999999,0.0052929999999999,0.0052929999999999,0.0017202249999999,0.0017202249999999,0.0017202249999999,0.0017202249999999,0.0017202249999999,0.0052929999999999,0.0052929999999999,0.0052929999999999,0.0017202249999999,0.0017202249999999,0.0017202249999999,0.0052929999999999,0.0052929999999999,0.0052929999999999,0.0052929999999999,0.0052929999999999,0.0,0.0,0.0,0.0,0.0,0.0017202249999999,0.0017202249999999,0.0017202249999999,0.0017202249999999,0.0017202249999999,0.0,0.0,0.0,0.0,0.0
0xefd2be584e38164da1cea6ac90dd2ff41c6dd20b,1,2024-11-29,2024-11-29,0,1,1.113333,1.113333,1.113333,1.113333,1.113333,1.0905096735,1.0905096735,1.0905096735,1.0905096735,1.0905096735,1.113333,1.113333,1.113333,1.0905096735,1.0905096735,1.0905096735,0.0,0.0,0.0,0.0,0.0,1.113333,1.113333,1.113333,1.113333,1.113333,0.0,0.0,0.0,0.0,0.0,1.0905096735,1.0905096735,1.0905096735,1.0905096735,1.0905096735
0xe5bc5e2cd15209eb20e9c4e3c707638601633de2,2,2024-11-09,2024-11-17,8,2,-200.0,200.0,0.0,0.0,0.0,-113.0,135.0,11.0,11.0,22.0,0.0,200.0,0.0,22.000000000000018,135.0,22.000000000000018,-200.0,200.0,0.0,0.0,0.0,0.0,0.0,0.0,0.0,0.0,-113.0,135.0,11.0,22.0,22.000000000000018,0.0,0.0,0.0,0.0,0.0
0xa19b2db213993f6d5151bc8c109d5243bc610064,1,2024-12-02,2024-12-02,0,1,22.628397,22.628397,22.628397,22.628397,22.628397,22.6170828015,22.6170828015,22.6170828015,22.6170828015,22.6170828015,22.628397,22.628397,22.628397,22.6170828015,22.6170828015,22.6170828015,0.0,0.0,0.0,0.0,0.0,22.628397,22.628397,22.628397,22.628397,22.628397,0.0,0.0,0.0,0.0,0.0,22.6170828015,22.6170828015,22.6170828015,22.6170828015,22.6170828015
0xae1b4e3d58b44cc4e55c9cd23aabff78470ceaa6,1,2024-10-07,2024-10-07,0,1,0.002,0.002,0.002,0.002,0.002,0.001988,0.001988,0.001988,0.001988,0.001988,0.002,0.002,0.002,0.001988,0.001988,0.001988,0.0,0.0,0.0,0.0,0.0,0.002,0.002,0.002,0.002,0.002,0.0,0.0,0.0,0.0,0.0,0.001988,0.001988,0.001988,0.001988,0.001988
0x74be2f400ae069914df58df18944e23fa5a1a24b,1,2024-06-06,2024-06-06,0,1,10.752685,10.752685,10.752685,10.752685,10.752685,9.731179925,9.731179925,9.731179925,9.731179925,9.731179925,10.752685,10.752685,10.752685,9.731179925,9.731179925,9.731179925,10.752685,10.752685,10.752685,10.752685,10.752685,0.0,0.0,0.0,0.0,0.0,9.731179925,9.731179925,9.731179925,9.731179925,9.731179925,0.0,0.0,0.0,0.0,0.0
0x718aa5518864f48f8bd3d9c647a0653060d408fa,1,2024-11-30,2024-11-30,0,1,7.05645,7.05645,7.05645,7.05645,7.05645,6.940018575,6.940018575,6.940018575,6.940018575,6.940018575,7.05645,7.05645,7.05645,6.940018575,6.940018575,6.940018575,0.0,0.0,0.0,0.0,0.0,7.05645,7.05645,7.05645,7.05645,7.05645,0.0,0.0,0.0,0.0,0.0,6.940018575,6.940018575,6.940018575,6.940018575,6.940018575
0x908a06b54d3744a5095b73f21730d737ab413956,1,2024-11-14,2024-11-14,0,1,9.090908,9.090908,9.090908,9.090908,9.090908,1.4999998200000002,1.4999998200000002,1.4999998200000002,1.4999998200000002,1.4999998200000002,9.090908,9.090908,9.090908,1.4999998200000002,1.4999998200000002,1.4999998200000002,0.0,0.0,0.0,0.0,0.0,9.090908,9.090908,9.090908,9.090908,9.090908,0.0,0.0,0.0,0.0,0.0,1.4999998200000002,1.4999998200000002,1.4999998200000002,1.4999998200000002,1.4999998200000002
0x85ff1fce56bd53df42624f412ec07409a24fc7f1,1,2024-11-21,2024-11-21,0,1,0.0025620000000001,0.0025620000000001,0.0025620000000001,0.0025620000000001,0.0025620000000001,0.001187487,0.001187487,0.001187487,0.001187487,0.001187487,0.0025620000000001,0.0025620000000001,0.0025620000000001,0.001187487,0.001187487,0.001187487,0.0025620000000001,0.0025620000000001,0.0025620000000001,0.0025620000000001,0.0025620000000001,0.0,0.0,0.0,0.0,0.0,0.001187487,0.001187487,0.001187487,0.001187487,0.001187487,0.0,0.0,0.0,0.0,0.0
0xe743f2ec45024caa3a96e04d384762a8e532da62,2,2024-11-04,2024-11-06,2,2,-7.0,71.42857,32.214285,32.214285,64.42857,-0.35,48.92857045,24.289285225,24.289285225,48.57857045,64.42857,71.42857,64.42857,48.57857045,48.92857045,48.57857045,0.0,0.0,0.0,0.0,0.0,-7.0,71.42857,32.214285,64.42857,64.42857,0.0,0.0,0.0,0.0,0.0,-0.35,48.92857045,24.289285225,48.57857045,48.57857045
0xe9c6356f646d8b9b4b6715c7fac86bfd2395fbd3,2,2025-10-21,2025-10-23,2,14,-11.53,11.588233,0.029116500000000656,0.029116500000000656,0.05823300000000131,-10.3098,10.3618654,0.02603270000000002,0.02603270000000002,0.05206540000000004,0.0582329999999977,11.588233,0.0582329999999977,0.0520653999999982,10.3618654,0.0520653999999982,-6.71,6.74332,0.016659999999999897,0.033319999999999794,0.0333199999999997,-4.82,4.844913,0.01245649999999987,0.02491299999999974,0.0249129999999997,-5.99605,6.025827,0.014888499999999638,0.029776999999999276,0.0297769999999992,-4.313750000000001,4.3360384,0.011144199999999493,0.022288399999998987,0.0222883999999989
0xaa61278907fb56f5bc4b31123a2b7b954c356716,1,2024-10-31,2024-10-31,0,1,0.003605,0.003605,0.003605,0.003605,0.003605,0.002181025,0.002181025,0.002181025,0.002181025,0.002181025,0.003605,0.003605,0.003605,0.002181025,0.002181025,0.002181025,0.0,0.0,0.0,0.0,0.0,0.003605,0.003605,0.003605,0.003605,0.003605,0.0,0.0,0.0,0.0,0.0,0.002181025,0.002181025,0.002181025,0.002181025,0.002181025
0x85a5a7f45f0e397a5805d1a632d0a096aeaec8d9,2,2024-10-31,2024-11-06,6,2,-10.26,10.0,-0.1299999999999999,-0.1299999999999999,-0.2599999999999998,-0.513,6.05,2.7685,2.7685,5.537,-0.2599999999999998,10.0,-0.2599999999999998,5.537,6.05,5.537,0.0,0.0,0.0,0.0,0.0,-10.26,10.0,-0.1299999999999999,-0.2599999999999998,-0.2599999999999998,0.0,0.0,0.0,0.0,0.0,-0.513,6.05,2.7685,5.537,5.537
0x87a1fc57462b2ded8331c8d0b0cb1057df77bdd4,1,2024-11-05,2024-11-05,0,1,15.0,15.0,15.0,15.0,15.0,14.46,14.46,14.46,14.46,14.46,15.0,15.0,15.0,14.46,14.46,14.46,15.0,15.0,15.0,15.0,15.0,0.0,0.0,0.0,0.0,0.0,14.46,14.46,14.46,14.46,14.46,0.0,0.0,0.0,0.0,0.0
0x38e59b36aae31b164200d0cad7c3fe5e0ee795e7,4,2025-10-30,2025-11-16,17,4,30.0,700.0,242.25,119.5,969.0,23.85,500.5,174.90625,87.6375,699.625,969.0,969.0,30.0,699.625,699.625,23.85,30.0,700.0,242.25,969.0,969.0,0.0,0.0,0.0,0.0,0.0,23.85,500.5,174.90625,699.625,699.625,0.0,0.0,0.0,0.0,0.0
0x3dd2db2d398ff72c2c71c9ad6473368b941e9ab1,1,2025-11-14,2025-11-14,0,1,276.0,276.0,276.0,276.0,276.0,100.74,100.74,100.74,100.74,100.74,276.0,276.0,276.0,100.74,100.74,100.74,0.0,0.0,0.0,0.0,0.0,276.0,276.0,276.0,276.0,276.0,0.0,0.0,0.0,0.0,0.0,100.74,100.74,100.74,100.74,100.74
0xb6ca6caf3a27aa0452df9bd102b1fdd0e04c04ff,2,2024-11-25,2024-12-01,6,2,-2.97,2.97325,0.0016249999999999876,0.0016249999999999876,0.003249999999999975,-2.9239650000000004,2.6402460000000003,-0.14185950000000003,-0.14185950000000003,-0.28371900000000005,0.0032499999999999,2.97325,0.0032499999999999,-0.283719,2.6402460000000003,-0.283719,0.0,0.0,0.0,0.0,0.0,-2.97,2.97325,0.0016249999999999876,0.003249999999999975,0.0032499999999999,0.0,0.0,0.0,0.0,0.0,-2.9239650000000004,2.6402460000000003,-0.14185950000000003,-0.28371900000000005,-0.283719
0xc602e34792d9a5e129f3404daef2df43d1d37fc1,1,2025-11-06,2025-11-06,0,2,-190.51,-190.51,-190.51,-190.51,-190.51,-70.09425000000002,-70.09425000000002,-70.09425000000002,-70.09425000000002,-70.09425000000002,-190.51,-190.51,-190.51,-70.09425000000002,-70.09425000000002,-70.09425000000002,-90.51,-90.51,-90.51,-90.51,-90.51,-100.0,-100.0,-100.0,-100.0,-100.0,-61.09425000000001,-61.09425000000001,-61.09425000000001,-61.09425000000001,-61.09425000000001,-9.0,-9.0,-9.0,-9.0,-9.0
0x10bb28ee49b6d7aec8f115f3bea1a68b9530b34c,1,2024-11-16,2024-11-16,0,1,0.461533,0.461533,0.461533,0.461533,0.461533,0.265381475,0.265381475,0.265381475,0.265381475,0.265381475,0.461533,0.461533,0.461533,0.265381475,0.265381475,0.265381475,0.461533,0.461533,0.461533,0.461533,0.461533,0.0,0.0,0.0,0.0,0.0,0.265381475,0.265381475,0.265381475,0.265381475,0.265381475,0.0,0.0,0.0,0.0,0.0
0x025fe40994656cd156c5fedba10eb1bd24968a2e,1,2024-11-25,2024-11-25,0,1,0.30893,0.30893,0.30893,0.30893,0.30893,0.27432984,0.27432984,0.27432984,0.27432984,0.27432984,0.30893,0.30893,0.30893,0.27432984,0.27432984,0.27432984,0.0,0.0,0.0,0.0,0.0,0.30893,0.30893,0.30893,0.30893,0.30893,0.0,0.0,0.0,0.0,0.0,0.27432984,0.27432984,0.27432984,0.27432984,0.27432984
0xdd3b1202cf9fb66f83f63153dddae1627ba7572b,1,2024-06-10,2024-06-10,0,4,30.030177,30.030177,30.030177,30.030177,30.030177,0.0750864689999999,0.0750864689999999,0.0750864689999999,0.0750864689999999,0.0750864689999999,30.030177,30.030177,30.030177,0.0750864689999999,0.0750864689999999,0.0750864689999999,30.030177,30.030177,30.030177,30.030177,30.030177,0.0,0.0,0.0,0.0,0.0,0.0750864689999999,0.0750864689999999,0.0750864689999999,0.0750864689999999,0.0750864689999999,0.0,0.0,0.0,0.0,0.0
0x3691a4f390c9a5197812a6621272f4b18915892d,1,2024-12-02,2024-12-02,0,1,23.162133,23.162133,23.162133,23.162133,23.162133,23.1505519335,23.1505519335,23.1505519335,23.1505519335,23.1505519335,23.162133,23.162133,23.162133,23.1505519335,23.1505519335,23.1505519335,0.0,0.0,0.0,0.0,0.0,23.162133,23.162133,23.162133,23.162133,23.162133,0.0,0.0,0.0,0.0,0.0,23.1505519335,23.1505519335,23.1505519335,23.1505519335,23.1505519335
0x22571e942cf99b76a1d1556eeee545a3dd7f754e,1,2024-11-28,2024-11-28,0,1,7.056375,7.056375,7.056375,7.056375,7.056375,6.8587964999999995,6.8587964999999995,6.8587964999999995,6.8587964999999995,6.8587964999999995,7.056375,7.056375,7.056375,6.8587964999999995,6.8587964999999995,6.8587964999999995,0.0,0.0,0.0,0.0,0.0,7.056375,7.056375,7.056375,7.056375,7.056375,0.0,0.0,0.0,0.0,0.0,6.8587964999999995,6.8587964999999995,6.8587964999999995,6.8587964999999995,6.8587964999999995
0x3fc6d31afcca69341dcd3c51ead36deddd83688d,2,2024-10-31,2024-11-03,3,2,-0.3935310000000003,0.4,0.0032344999999998625,0.0032344999999998625,0.006468999999999725,-0.1278975750000001,0.158,0.015051212499999952,0.015051212499999952,0.030102424999999905,0.0064689999999997,0.4,0.0064689999999997,0.0301024249999999,0.158,0.0301024249999999,-0.3935310000000003,0.4,0.0032344999999998625,0.006468999999999725,0.0064689999999997,0.0,0.0,0.0,0.0,0.0,-0.1278975750000001,0.158,0.015051212499999952,0.030102424999999905,0.0301024249999999,0.0,0.0,0.0,0.0,0.0
0xb6bb0131507ae1924fa707870f84783816bce2df,1,2024-11-15,2024-11-15,0,1,0.107514,0.107514,0.107514,0.107514,0.107514,0.0892366199999999,0.0892366199999999,0.0892366199999999,0.0892366199999999,0.0892366199999999,0.107514,0.107514,0.107514,0.0892366199999999,0.0892366199999999,0.0892366199999999,0.107514,0.107514,0.107514,0.107514,0.107514,0.0,0.0,0.0,0.0,0.0,0.0892366199999999,0.0892366199999999,0.0892366199999999,0.0892366199999999,0.0892366199999999,0.0,0.0,0.0,0.0,0.0
0xfd9952f668c9c22a287a49a451bb16390ae1637c,2,2024-10-29,2024-10-31,2,2,-21379.83,21379.66,-0.08500000000094587,-0.08500000000094587,-0.17000000000189175,-160.348725,277.93557999999996,58.79342749999998,58.79342749999998,117.58685499999996,-0.1700000000018917,21379.66,-0.1700000000018917,117.58685499999996,277.93557999999996,117.58685499999996,-21379.83,21379.66,-0.08500000000094587,-0.17000000000189175,-0.1700000000018917,0.0,0.0,0.0,0.0,0.0,-160.348725,277.93557999999996,58.79342749999998,117.58685499999996,117.58685499999996,0.0,0.0,0.0,0.0,0.0
0x9be39a285fdf14bb4c29edb7cd1171b5e95dd653,1,2024-11-03,2024-11-03,0,1,0.0074610000000001,0.0074610000000001,0.0074610000000001,0.0074610000000001,0.0074610000000001,0.005036175,0.005036175,0.005036175,0.005036175,0.005036175,0.0074610000000001,0.0074610000000001,0.0074610000000001,0.005036175,0.005036175,0.005036175,0.0,0.0,0.0,0.0,0.0,0.0074610000000001,0.0074610000000001,0.0074610000000001,0.0074610000000001,0.0074610000000001,0.0,0.0,0.0,0.0,0.0,0.005036175,0.005036175,0.005036175,0.005036175,0.005036175
0xddcfc9a2676447951284b2d0d717f6cc14a8d9a0,1,2024-11-09,2024-11-09,0,1,14.285713,14.285713,14.285713,14.285713,14.285713,9.642856275,9.642856275,9.642856275,9.642856275,9.642856275,14.285713,14.285713,14.285713,9.642856275,9.642856275,9.642856275,14.285713,14.285713,14.285713,14.285713,14.285713,0.0,0.0,0.0,0.0,0.0,9.642856275,9.642856275,9.642856275,9.642856275,9.642856275,0.0,0.0,0.0,0.0,0.0
0x7b5822e4c2f265426bc340d81b4c58a52a8cd058,1,2024-11-23,2024-11-23,0,1,6.122447,6.122447,6.122447,6.122447,6.122447,5.996936836500001,5.996936836500001,5.996936836500001,5.996936836500001,5.996936836500001,6.122447,6.122447,6.122447,5.996936836500001,5.996936836500001,5.996936836500001,0.0,0.0,0.0,0.0,0.0,6.122447,6.122447,6.122447,6.122447,6.122447,0.0,0.0,0.0,0.0,0.0,5.996936836500001,5.996936836500001,5.996936836500001,5.996936836500001,5.996936836500001
0x28a960f48df0056f8b7b3a1a73d39833be657ddb,1,2024-11-28,2024-11-28,0,1,6.048375,6.048375,6.048375,6.048375,6.048375,5.8790205,5.8790205,5.8790205,5.8790205,5.8790205,6.048375,6.048375,6.048375,5.8790205,5.8790205,5.8790205,0.0,0.0,0.0,0.0,0.0,6.048375,6.048375,6.048375,6.048375,6.048375,0.0,0.0,0.0,0.0,0.0,5.8790205,5.8790205,5.8790205,5.8790205,5.8790205
0x4eb85167e92a59b671478bbdaaa901551a6a9231,1,2025-11-05,2025-11-05,0,1,0.0090089999999989,0.0090089999999989,0.0090089999999989,0.0090089999999989,0.0090089999999989,0.008153144999999,0.008153144999999,0.008153144999999,0.008153144999999,0.008153144999999,0.0090089999999989,0.0090089999999989,0.0090089999999989,0.008153144999999,0.008153144999999,0.008153144999999,0.0,0.0,0.0,0.0,0.0,0.0090089999999989,0.0090089999999989,0.0090089999999989,0.0090089999999989,0.0090089999999989,0.0,0.0,0.0,0.0,0.0,0.008153144999999,0.008153144999999,0.008153144999999,0.008153144999999,0.008153144999999
0x25184589fb8582c57a70f83f75e5db437cca1f8c,1,2024-11-11,2024-11-11,0,1,1.265821,1.265821,1.265821,1.265821,1.265821,0.97468217,0.97468217,0.97468217,0.97468217,0.97468217,1.265821,1.265821,1.265821,0.97468217,0.97468217,0.97468217,1.265821,1.265821,1.265821,1.265821,1.265821,0.0,0.0,0.0,0.0,0.0,0.97468217,0.97468217,0.97468217,0.97468217,0.97468217,0.0,0.0,0.0,0.0,0.0
0xe18327fffc58a236a7f34af721ac848fa091835d,1,2024-09-30,2024-09-30,0,1,0.00275,0.00275,0.00275,0.00275,0.00275,0.002707375,0.002707375,0.002707375,0.002707375,0.002707375,0.00275,0.00275,0.00275,0.002707375,0.002707375,0.002707375,0.0,0.0,0.0,0.0,0.0,0.00275,0.00275,0.00275,0.00275,0.00275,0.0,0.0,0.0,0.0,0.0,0.002707375,0.002707375,0.002707375,0.002707375,0.002707375
0xe751bc6ecb5b9d4a48917408e44fffc4cc608d9e,1,2024-11-18,2024-11-18,0,1,0.228069,0.228069,0.228069,0.228069,0.228069,0.026227935,0.026227935,0.026227935,0.026227935,0.026227935,0.228069,0.228069,0.228069,0.026227935,0.026227935,0.026227935,0.228069,0.228069,0.228069,0.228069,0.228069,0.0,0.0,0.0,0.0,0.0,0.026227935,0.026227935,0.026227935,0.026227935,0.026227935,0.0,0.0,0.0,0.0,0.0
0x0b7bfabb85f62c5a6b14fa9d8a71f1ce3f8a92a8,1,2024-10-30,2024-10-30,0,1,0.179103,0.179103,0.179103,0.179103,0.179103,0.11104386,0.11104386,0.11104386,0.11104386,0.11104386,0.179103,0.179103,0.179103,0.11104386,0.11104386,0.11104386,0.0,0.0,0.0,0.0,0.0,0.179103,0.179103,0.179103,0.179103,0.179103,0.0,0.0,0.0,0.0,0.0,0.11104386,0.11104386,0.11104386,0.11104386,0.11104386
0x21d863a6fd7859fd3da39bb8139b2b699c72ed1a,1,2024-11-18,2024-11-18,0,1,0.207546,0.207546,0.207546,0.207546,0.207546,0.02386779,0.02386779,0.02386779,0.02386779,0.02386779,0.207546,0.207546,0.207546,0.02386779,0.02386779,0.02386779,0.207546,0.207546,0.207546,0.207546,0.207546,0.0,0.0,0.0,0.0,0.0,0.02386779,0.02386779,0.02386779,0.02386779,0.02386779,0.0,0.0,0.0,0.0,0.0
0xf3b72d78bb44d5b6d4a00307448c6aa556d88e1e,2,2025-11-06,2025-11-15,9,2,-6.32,6.329109,0.004554499999999795,0.004554499999999795,0.00910899999999959,-4.582,4.905059475,0.1615297375,0.1615297375,0.323059475,0.0091089999999995,6.329109,0.0091089999999995,0.323059475,4.905059475,0.323059475,-6.32,6.329109,0.004554499999999795,0.00910899999999959,0.0091089999999995,0.0,0.0,0.0,0.0,0.0,-4.582,4.905059475,0.1615297375,0.323059475,0.323059475,0.0,0.0,0.0,0.0,0.0
0xfbb5177d01f98826c00a10b04b8f7e14d6504121,2,2024-10-31,2024-11-03,3,2,-0.35,0.35,0.0,0.0,0.0,-0.1137499999999999,0.1382499999999999,0.012249999999999997,0.012249999999999997,0.024499999999999994,0.0,0.35,0.0,0.0244999999999999,0.1382499999999999,0.0244999999999999,-0.35,0.35,0.0,0.0,0.0,0.0,0.0,0.0,0.0,0.0,-0.1137499999999999,0.1382499999999999,0.012249999999999997,0.024499999999999994,0.0244999999999999,0.0,0.0,0.0,0.0,0.0
0x71935232e9cef626aa634a0b9bc84bcf74c604cd,1,2024-10-31,2024-10-31,0,1,0.024389,0.024389,0.024389,0.024389,0.024389,0.009633655,0.009633655,0.009633655,0.009633655,0.009633655,0.024389,0.024389,0.024389,0.009633655,0.009633655,0.009633655,0.024389,0.024389,0.024389,0.024389,0.024389,0.0,0.0,0.0,0.0,0.0,0.009633655,0.009633655,0.009633655,0.009633655,0.009633655,0.0,0.0,0.0,0.0,0.0
0x81fcee1260524a6ac1826b5a794a256c0bdf9836,2,2025-11-05,2025-11-14,9,2,-21.85,21.859887,0.0049434999999995455,0.0049434999999995455,0.009886999999999091,-19.99275,19.89249717,-0.050126415000001145,-0.050126415000001145,-0.10025283000000229,0.009886999999999,21.859887,0.009886999999999,-0.1002528299999987,19.89249717,-0.1002528299999987,-21.85,21.859887,0.0049434999999995455,0.009886999999999091,0.009886999999999,0.0,0.0,0.0,0.0,0.0,-19.99275,19.89249717,-0.050126415000001145,-0.10025283000000229,-0.1002528299999987,0.0,0.0,0.0,0.0,0.0
0xe7803e3a40ffb500d7af1e902464e9440a5f28fb,1,2024-06-09,2024-06-09,0,1,305.0,305.0,305.0,305.0,305.0,0.4575,0.4575,0.4575,0.4575,0.4575,305.0,305.0,305.0,0.4575,0.4575,0.4575,305.0,305.0,305.0,305.0,305.0,0.0,0.0,0.0,0.0,0.0,0.4575,0.4575,0.4575,0.4575,0.4575,0.0,0.0,0.0,0.0,0.0
0x8e5a5d37a354f4e05badd0d9e91b519774e44ef5,1,2024-11-06,2024-11-06,0,1,664.0,664.0,664.0,664.0,664.0,630.8,630.8,630.8,630.8,630.8,664.0,664.0,664.0,630.8,630.8,630.8,664.0,664.0,664.0,664.0,664.0,0.0,0.0,0.0,0.0,0.0,630.8,630.8,630.8,630.8,630.8,0.0,0.0,0.0,0.0,0.0
0x2e57ceb35e715abaad107e368041642ca03a1605,1,2024-11-22,2024-11-22,0,1,-4.99,-4.99,-4.99,-4.99,-4.99,-4.458565,-4.458565,-4.458565,-4.458565,-4.458565,-4.99,-4.99,-4.99,-4.458565,-4.458565,-4.458565,0.0,0.0,0.0,0.0,0.0,-4.99,-4.99,-4.99,-4.99,-4.99,0.0,0.0,0.0,0.0,0.0,-4.458565,-4.458565,-4.458565,-4.458565,-4.458565
0xd57752a69808e50571bb069146471b3d120bef1a,1,2025-10-31,2025-10-31,0,1,1.0989,1.0989,1.0989,1.0989,1.0989,0.9945045,0.9945045,0.9945045,0.9945045,0.9945045,1.0989,1.0989,1.0989,0.9945045,0.9945045,0.9945045,1.0989,1.0989,1.0989,1.0989,1.0989,0.0,0.0,0.0,0.0,0.0,0.9945045,0.9945045,0.9945045,0.9945045,0.9945045,0.0,0.0,0.0,0.0,0.0
0x6356fb47642a028bc09df92023c35a21a0b41885,2,2024-06-18,2024-11-01,136,3,-401.28,-111.0,-256.14,-256.14,-512.28,-1.41948,-0.1665,-0.7929900000000001,-0.7929900000000001,-1.5859800000000002,-512.28,-401.28,-512.28,-1.5859800000000002,-1.41948,-1.5859800000000002,-401.28,-111.0,-256.14,-512.28,-512.28,0.0,0.0,0.0,0.0,0.0,-1.41948,-0.1665,-0.7929900000000001,-1.5859800000000002,-1.5859800000000002,0.0,0.0,0.0,0.0,0.0
0xd5369ca6cdcd23bc6286a747123c26fc50420262,1,2024-11-01,2024-11-01,0,1,9.114752,9.114752,9.114752,9.114752,9.114752,5.4688512,5.4688512,5.4688512,5.4688512,5.4688512,9.114752,9.114752,9.114752,5.4688512,5.4688512,5.4688512,0.0,0.0,0.0,0.0,0.0,9.114752,9.114752,9.114752,9.114752,9.114752,0.0,0.0,0.0,0.0,0.0,5.4688512,5.4688512,5.4688512,5.4688512,5.4688512
0x152038a16c15824fbc33c80122cb332c11ca0ddf,2,2025-10-27,2025-11-15,19,2,-42.9,42.9,0.0,0.0,0.0,-39.2535,38.3955,-0.42900000000000205,-0.42900000000000205,-0.8580000000000041,0.0,42.9,0.0,-0.8580000000000041,38.3955,-0.8580000000000041,-42.9,42.9,0.0,0.0,0.0,0.0,0.0,0.0,0.0,0.0,-39.2535,38.3955,-0.42900000000000205,-0.8580000000000041,-0.8580000000000041,0.0,0.0,0.0,0.0,0.0
0xfd06d221eae88def8984d4c201d601ba431364e0,1,2024-12-02,2024-12-02,0,1,12.012011,12.012011,12.012011,12.012011,12.012011,12.0060049945,12.0060049945,12.0060049945,12.0060049945,12.0060049945,12.012011,12.012011,12.012011,12.0060049945,12.0060049945,12.0060049945,0.0,0.0,0.0,0.0,0.0,12.012011,12.012011,12.012011,12.012011,12.012011,0.0,0.0,0.0,0.0,0.0,12.0060049945,12.0060049945,12.0060049945,12.0060049945,12.0060049945
0x143077fc0930b3630d75a9301788c4d801536fba,1,2024-10-30,2024-10-30,0,1,0.002259,0.002259,0.002259,0.002259,0.002259,0.002229633,0.002229633,0.002229633,0.002229633,0.002229633,0.002259,0.002259,0.002259,0.002229633,0.002229633,0.002229633,0.0,0.0,0.0,0.0,0.0,0.002259,0.002259,0.002259,0.002259,0.002259,0.0,0.0,0.0,0.0,0.0,0.002229633,0.002229633,0.002229633,0.002229633,0.002229633
0x1d5121b2a213fe16924815cecc0d6be65fe8a0a8,1,2024-11-16,2024-11-16,0,1,0.2258,0.2258,0.2258,0.2258,0.2258,0.1298349999999999,0.1298349999999999,0.1298349999999999,0.1298349999999999,0.1298349999999999,0.2258,0.2258,0.2258,0.1298349999999999,0.1298349999999999,0.1298349999999999,0.2258,0.2258,0.2258,0.2258,0.2258,0.0,0.0,0.0,0.0,0.0,0.1298349999999999,0.1298349999999999,0.1298349999999999,0.1298349999999999,0.1298349999999999,0.0,0.0,0.0,0.0,0.0
0xefa8f66d4e3624d887fbbdf7d0263797469ad453,1,2024-11-24,2024-11-24,0,1,10.204078,10.204078,10.204078,10.204078,10.204078,8.438772506000001,8.438772506000001,8.438772506000001,8.438772506000001,8.438772506000001,10.204078,10.204078,10.204078,8.438772506000001,8.438772506000001,8.438772506000001,0.0,0.0,0.0,0.0,0.0,10.204078,10.204078,10.204078,10.204078,10.204078,0.0,0.0,0.0,0.0,0.0,8.438772506000001,8.438772506000001,8.438772506000001,8.438772506000001,8.438772506000001
0xd73a56931c7d763ef741ccf14e6c9f60666d6ec1,1,2024-10-30,2024-10-30,0,1,3.61111,3.61111,3.61111,3.61111,3.61111,1.3722218,1.3722218,1.3722218,1.3722218,1.3722218,3.61111,3.61111,3.61111,1.3722218,1.3722218,1.3722218,3.61111,3.61111,3.61111,3.61111,3.61111,0.0,0.0,0.0,0.0,0.0,1.3722218,1.3722218,1.3722218,1.3722218,1.3722218,0.0,0.0,0.0,0.0,0.0
0x7795369ff097e48135189da2e17ce68b8b3a1db8,2,2025-11-04,2025-11-05,1,2,-20.0,20.0,0.0,0.0,0.0,-18.2,18.1,-0.049999999999998934,-0.049999999999998934,-0.09999999999999787,0.0,20.0,0.0,-0.0999999999999978,18.1,-0.0999999999999978,-20.0,20.0,0.0,0.0,0.0,0.0,0.0,0.0,0.0,0.0,-18.2,18.1,-0.049999999999998934,-0.09999999999999787,-0.0999999999999978,0.0,0.0,0.0,0.0,0.0
0x27431e7aafd4833b9f8502621d4d1ca18605abb2,1,2024-11-21,2024-11-21,0,1,1.0152,1.0152,1.0152,1.0152,1.0152,0.5446548,0.5446548,0.5446548,0.5446548,0.5446548,1.0152,1.0152,1.0152,0.5446548,0.5446548,0.5446548,0.0,0.0,0.0,0.0,0.0,1.0152,1.0152,1.0152,1.0152,1.0152,0.0,0.0,0.0,0.0,0.0,0.5446548,0.5446548,0.5446548,0.5446548,0.5446548
0x4ffe49ba2a4cae123536a8af4fda48faeb609f71,1,2025-10-29,2025-10-29,0,1,-31.0,-31.0,-31.0,-31.0,-31.0,-13.33,-13.33,-13.33,-13.33,-13.33,-31.0,-31.0,-31.0,-13.33,-13.33,-13.33,0.0,0.0,0.0,0.0,0.0,-31.0,-31.0,-31.0,-31.0,-31.0,0.0,0.0,0.0,0.0,0.0,-13.33,-13.33,-13.33,-13.33,-13.33
0x6961ee867aed3741441e9017f6d6ba1da6be0038,1,2024-10-20,2024-10-20,0,1,0.002333,0.002333,0.002333,0.002333,0.002333,0.0023225015,0.0023225015,0.0023225015,0.0023225015,0.0023225015,0.002333,0.002333,0.002333,0.0023225015,0.0023225015,0.0023225015,0.0,0.0,0.0,0.0,0.0,0.002333,0.002333,0.002333,0.002333,0.002333,0.0,0.0,0.0,0.0,0.0,0.0023225015,0.0023225015,0.0023225015,0.0023225015,0.0023225015
0xea162b9de0ed91a97fe86f46f8fffc0d515a51a9,1,2024-10-31,2024-10-31,0,1,0.0049999999999998,0.0049999999999998,0.0049999999999998,0.0049999999999998,0.0049999999999998,0.0019749999999999,0.0019749999999999,0.0019749999999999,0.0019749999999999,0.0019749999999999,0.0049999999999998,0.0049999999999998,0.0049999999999998,0.0019749999999999,0.0019749999999999,0.0019749999999999,0.0049999999999998,0.0049999999999998,0.0049999999999998,0.0049999999999998,0.0049999999999998,0.0,0.0,0.0,0.0,0.0,0.0019749999999999,0.0019749999999999,0.0019749999999999,0.0019749999999999,0.0019749999999999,0.0,0.0,0.0,0.0,0.0
0xa98d63bbc81470f3a80bed5e748c3bc7114ad0a8,1,2024-10-20,2024-10-20,0,1,0.00975,0.00975,0.00975,0.00975,0.00975,0.009540375,0.009540375,0.009540375,0.009540375,0.009540375,0.00975,0.00975,0.00975,0.009540375,0.009540375,0.009540375,0.0,0.0,0.0,0.0,0.0,0.00975,0.00975,0.00975,0.00975,0.00975,0.0,0.0,0.0,0.0,0.0,0.009540375,0.009540375,0.009540375,0.009540375,0.009540375
0x27fca8995718eaa4a3e72960147c7b6673cf346e,1,2024-12-02,2024-12-02,0,1,3.003,3.003,3.003,3.003,3.003,3.0014985000000003,3.0014985000000003,3.0014985000000003,3.0014985000000003,3.0014985000000003,3.003,3.003,3.003,3.0014985000000003,3.0014985000000003,3.0014985000000003,0.0,0.0,0.0,0.0,0.0,3.003,3.003,3.003,3.003,3.003,0.0,0.0,0.0,0.0,0.0,3.0014985000000003,3.0014985000000003,3.0014985000000003,3.0014985000000003,3.0014985000000003
0x619ec8253b6d7976a248b17ad0e66444473acf59,2,2024-09-25,2024-11-06,42,2,-0.63,0.637583,0.003791500000000003,0.003791500000000003,0.007583000000000006,-0.624015,0.629932004,0.0029585020000000295,0.0029585020000000295,0.005917004000000059,0.007583,0.637583,0.007583,0.005917004,0.629932004,0.005917004,0.0,0.0,0.0,0.0,0.0,-0.63,0.637583,0.003791500000000003,0.007583000000000006,0.007583,0.0,0.0,0.0,0.0,0.0,-0.624015,0.629932004,0.0029585020000000295,0.005917004000000059,0.005917004
0xcacef912c683c13f8d9ec09b2ab4006a5cea1807,1,2025-11-06,2025-11-06,0,1,1.449274,1.449274,1.449274,1.449274,1.449274,0.97825995,0.97825995,0.97825995,0.97825995,0.97825995,1.449274,1.449274,1.449274,0.97825995,0.97825995,0.97825995,1.449274,1.449274,1.449274,1.449274,1.449274,0.0,0.0,0.0,0.0,0.0,0.97825995,0.97825995,0.97825995,0.97825995,0.97825995,0.0,0.0,0.0,0.0,0.0
0x881a8c48058771dee8464a1a6e57b578136e9187,1,2025-11-19,2025-11-19,0,1,5.0,5.0,5.0,5.0,5.0,4.074999999999999,4.074999999999999,4.074999999999999,4.074999999999999,4.074999999999999,5.0,5.0,5.0,4.074999999999999,4.074999999999999,4.074999999999999,5.0,5.0,5.0,5.0,5.0,0.0,0.0,0.0,0.0,0.0,4.074999999999999,4.074999999999999,4.074999999999999,4.074999999999999,4.074999999999999,0.0,0.0,0.0,0.0,0.0
0xdf933b45bf02e6f10002da22ea32a7cff08fbdc8,1,2025-11-13,2025-11-13,0,1,100.0,100.0,100.0,100.0,100.0,81.5,81.5,81.5,81.5,81.5,100.0,100.0,100.0,81.5,81.5,81.5,100.0,100.0,100.0,100.0,100.0,0.0,0.0,0.0,0.0,0.0,81.5,81.5,81.5,81.5,81.5,0.0,0.0,0.0,0.0,0.0
0xd8a9a87957d259793f32b58a1aeef0ece2f4a330,1,2024-11-23,2024-11-23,0,1,7.142856,7.142856,7.142856,7.142856,7.142856,6.996427452000001,6.996427452000001,6.996427452000001,6.996427452000001,6.996427452000001,7.142856,7.142856,7.142856,6.996427452000001,6.996427452000001,6.996427452000001,0.0,0.0,0.0,0.0,0.0,7.142856,7.142856,7.142856,7.142856,7.142856,0.0,0.0,0.0,0.0,0.0,6.996427452000001,6.996427452000001,6.996427452000001,6.996427452000001,6.996427452000001
0xe5f841d29ee7604aa0af665800cde0e879212675,2,2024-10-30,2024-11-24,25,2,-0.42,0.42857,0.004285000000000011,0.004285000000000011,0.008570000000000022,-0.34734,0.2657134,-0.0408133,-0.0408133,-0.0816266,0.00857,0.42857,0.00857,-0.0816266,0.2657134,-0.0816266,0.0,0.0,0.0,0.0,0.0,-0.42,0.42857,0.004285000000000011,0.008570000000000022,0.00857,0.0,0.0,0.0,0.0,0.0,-0.34734,0.2657134,-0.0408133,-0.0816266,-0.0816266
0x9cd46a8e5630ac8bdb9ee091c72135427ec9d4d5,1,2024-11-03,2024-11-03,0,1,0.0088220000000003,0.0088220000000003,0.0088220000000003,0.0088220000000003,0.0088220000000003,0.00286715,0.00286715,0.00286715,0.00286715,0.00286715,0.0088220000000003,0.0088220000000003,0.0088220000000003,0.00286715,0.00286715,0.00286715,0.0088220000000003,0.0088220000000003,0.0088220000000003,0.0088220000000003,0.0088220000000003,0.0,0.0,0.0,0.0,0.0,0.00286715,0.00286715,0.00286715,0.00286715,0.00286715,0.0,0.0,0.0,0.0,0.0
0x544ba7cc2e63726f11ebc6e74ba61f4ea869ade6,1,2024-11-02,2024-11-02,0,1,0.0,0.0,0.0,0.0,0.0,0.0,0.0,0.0,0.0,0.0,0.0,0.0,0.0,0.0,0.0,0.0,0.0,0.0,0.0,0.0,0.0,0.0,0.0,0.0,0.0,0.0,0.0,0.0,0.0,0.0,0.0,0.0,0.0,0.0,0.0,0.0
0xabac536449439bb713d80d4dd41f3694c9386c97,2,2025-10-14,2025-10-30,16,9,-63.93,122.746162,29.408081,29.408081,58.816162,-13.10565,62.233474035,24.5639120175,24.5639120175,49.127824035,58.816162,122.746162,58.816162,49.127824035,62.233474035,49.127824035,0.0,32.210565,16.1052825,32.210565,32.210565,-63.93,90.535597,13.302798499999998,26.605596999999996,26.605596999999996,0.0,29.00145105,14.500725525,29.00145105,29.00145105,-13.10565,33.232022985,10.0631864925,20.126372985,20.126372985000003
0xc684828f6b03487759ced2ebdd975f91f3532228,2,2025-10-27,2025-11-06,10,2,99.0,1053.0,576.0,576.0,1152.0,32.175000000000004,540.325,286.25,286.25,572.5,1152.0,1152.0,1053.0,572.5,572.5,540.325,0.0,509.0,254.5,509.0,509.0,99.0,544.0,321.5,643.0,643.0,0.0,53.445,26.7225,53.445,53.445,32.175000000000004,486.88,259.5275,519.055,519.055
0x67528786f155d8bd6e743a95f38c0fdced2ee971,1,2024-10-30,2024-10-30,0,1,0.512819,0.512819,0.512819,0.512819,0.512819,0.19487122,0.19487122,0.19487122,0.19487122,0.19487122,0.512819,0.512819,0.512819,0.19487122,0.19487122,0.19487122,0.512819,0.512819,0.512819,0.512819,0.512819,0.0,0.0,0.0,0.0,0.0,0.19487122,0.19487122,0.19487122,0.19487122,0.19487122,0.0,0.0,0.0,0.0,0.0
0x26ce529d6cf89f78eafc41bc0c41cbb06e69c3db,1,2024-10-28,2024-10-28,0,1,0.008342,0.008342,0.008342,0.008342,0.008342,0.008104253,0.008104253,0.008104253,0.008104253,0.008104253,0.008342,0.008342,0.008342,0.008104253,0.008104253,0.008104253,0.008342,0.008342,0.008342,0.008342,0.008342,0.0,0.0,0.0,0.0,0.0,0.008104253,0.008104253,0.008104253,0.008104253,0.008104253,0.0,0.0,0.0,0.0,0.0
0x81da9b75233e966958f141bae0df930bffcb9367,1,2024-06-10,2024-06-10,0,1,250.0,250.0,250.0,250.0,250.0,0.375,0.375,0.375,0.375,0.375,250.0,250.0,250.0,0.375,0.375,0.375,250.0,250.0,250.0,250.0,250.0,0.0,0.0,0.0,0.0,0.0,0.375,0.375,0.375,0.375,0.375,0.0,0.0,0.0,0.0,0.0
0x8a44e8e2a20c578ff6b261500675b2870dfbecc1,1,2024-10-06,2024-10-06,0,1,0.0048,0.0048,0.0048,0.0048,0.0048,0.0047712,0.0047712,0.0047712,0.0047712,0.0047712,0.0048,0.0048,0.0048,0.0047712,0.0047712,0.0047712,0.0,0.0,0.0,0.0,0.0,0.0048,0.0048,0.0048,0.0048,0.0048,0.0,0.0,0.0,0.0,0.0,0.0047712,0.0047712,0.0047712,0.0047712,0.0047712
0xaf782a3f9e5e1d21c4552570a17338fc722cc877,1,2024-11-25,2024-11-25,0,1,0.030968,0.030968,0.030968,0.030968,0.030968,0.027499584,0.027499584,0.027499584,0.027499584,0.027499584,0.030968,0.030968,0.030968,0.027499584,0.027499584,0.027499584,0.0,0.0,0.0,0.0,0.0,0.030968,0.030968,0.030968,0.030968,0.030968,0.0,0.0,0.0,0.0,0.0,0.027499584,0.027499584,0.027499584,0.027499584,0.027499584
0x81dd000efee26fb5c5761d0e9606cc95267439d3,1,2024-11-30,2024-11-30,0,1,5.035245,5.035245,5.035245,5.035245,5.035245,4.9521634575,4.9521634575,4.9521634575,4.9521634575,4.9521634575,5.035245,5.035245,5.035245,4.9521634575,4.9521634575,4.9521634575,0.0,0.0,0.0,0.0,0.0,5.035245,5.035245,5.035245,5.035245,5.035245,0.0,0.0,0.0,0.0,0.0,4.9521634575,4.9521634575,4.9521634575,4.9521634575,4.9521634575
0xbced0dd8caac17ee3e280e1f7550a0afccf83e15,1,2024-06-18,2024-06-18,0,1,0.0274,0.0274,0.0274,0.0274,0.0274,0.0270712,0.0270712,0.0270712,0.0270712,0.0270712,0.0274,0.0274,0.0274,0.0270712,0.0270712,0.0270712,0.0274,0.0274,0.0274,0.0274,0.0274,0.0,0.0,0.0,0.0,0.0,0.0270712,0.0270712,0.0270712,0.0270712,0.0270712,0.0,0.0,0.0,0.0,0.0
0x79d1eff36b7586d07ccf6768f25f67b67027ed0f,4,2025-10-27,2025-11-14,18,4,5.0,20.0,9.583333,6.666666,38.333332,0.87499986,4.074999999999999,2.7062499649999996,2.9374999999999996,10.824999859999998,38.333332,38.333332,8.333332,10.824999859999998,10.824999859999998,0.87499986,5.0,20.0,9.583333,38.333332,38.333332,0.0,0.0,0.0,0.0,0.0,0.87499986,4.074999999999999,2.7062499649999996,10.824999859999998,10.824999859999998,0.0,0.0,0.0,0.0,0.0
0x88760bce5a0335e92bad8d4280a49e70a0e8bbc0,1,2025-11-08,2025-11-08,0,1,0.0035109999999995,0.0035109999999995,0.0035109999999995,0.0035109999999995,0.0035109999999995,0.0025805849999996,0.0025805849999996,0.0025805849999996,0.0025805849999996,0.0025805849999996,0.0035109999999995,0.0035109999999995,0.0035109999999995,0.0025805849999996,0.0025805849999996,0.0025805849999996,0.0,0.0,0.0,0.0,0.0,0.0035109999999995,0.0035109999999995,0.0035109999999995,0.0035109999999995,0.0035109999999995,0.0,0.0,0.0,0.0,0.0,0.0025805849999996,0.0025805849999996,0.0025805849999996,0.0025805849999996,0.0025805849999996
0x268b5dd72c80e14dc6a226e40ee08eeea0b78754,1,2024-11-10,2024-11-10,0,1,0.128204,0.128204,0.128204,0.128204,0.128204,0.09358892,0.09358892,0.09358892,0.09358892,0.09358892,0.128204,0.128204,0.128204,0.09358892,0.09358892,0.09358892,0.128204,0.128204,0.128204,0.128204,0.128204,0.0,0.0,0.0,0.0,0.0,0.09358892,0.09358892,0.09358892,0.09358892,0.09358892,0.0,0.0,0.0,0.0,0.0
0x22ae1ab5e78ffcd7abbf4871949e705ac91ce931,3,2024-11-03,2024-11-06,3,3,-761.43,730.952378,0.0009516666666513629,30.480477,0.0028549999999540887,-723.3584999999999,193.70238017,-173.24998826833334,9.906155025,-519.749964805,0.002854999999954,761.4328549999999,0.002854999999954,-519.749964805,203.608535195,-519.749964805,-761.43,730.952378,0.0009516666666513629,0.0028549999999540887,0.002854999999954,0.0,0.0,0.0,0.0,0.0,-723.3584999999999,193.70238017,-173.24998826833334,-519.749964805,-519.749964805,0.0,0.0,0.0,0.0,0.0
0xeebb89dcb4cc776a19a248f2237a42ba7f74deff,2,2025-10-15,2025-10-16,1,2,-5.61,5.617976,0.0039879999999996585,0.0039879999999996585,0.007975999999999317,-4.96485,4.97190876,0.0035293799999998043,0.0035293799999998043,0.007058759999999609,0.0079759999999993,5.617976,0.0079759999999993,0.0070587599999996,4.97190876,0.0070587599999996,-5.61,5.617976,0.0039879999999996585,0.007975999999999317,0.0079759999999993,0.0,0.0,0.0,0.0,0.0,-4.96485,4.97190876,0.0035293799999998043,0.007058759999999609,0.0070587599999996,0.0,0.0,0.0,0.0,0.0
0xd37a29aac382c02f0c82fc2677cd104ff2469a78,1,2024-10-29,2024-10-29,0,1,0.0053909999999994,0.0053909999999994,0.0053909999999994,0.0053909999999994,0.0053909999999994,0.0052157924999994,0.0052157924999994,0.0052157924999994,0.0052157924999994,0.0052157924999994,0.0053909999999994,0.0053909999999994,0.0053909999999994,0.0052157924999994,0.0052157924999994,0.0052157924999994,0.0053909999999994,0.0053909999999994,0.0053909999999994,0.0053909999999994,0.0053909999999994,0.0,0.0,0.0,0.0,0.0,0.0052157924999994,0.0052157924999994,0.0052157924999994,0.0052157924999994,0.0052157924999994,0.0,0.0,0.0,0.0,0.0
0xb33676d3c9f2ba9d9e5f111427f6c89ede8c4e71,1,2024-10-30,2024-10-30,0,1,2.039999999999999,2.039999999999999,2.039999999999999,2.039999999999999,2.039999999999999,1.2647999999999997,1.2647999999999997,1.2647999999999997,1.2647999999999997,1.2647999999999997,2.039999999999999,2.039999999999999,2.039999999999999,1.2647999999999997,1.2647999999999997,1.2647999999999997,0.0,0.0,0.0,0.0,0.0,2.039999999999999,2.039999999999999,2.039999999999999,2.039999999999999,2.039999999999999,0.0,0.0,0.0,0.0,0.0,1.2647999999999997,1.2647999999999997,1.2647999999999997,1.2647999999999997,1.2647999999999997
0x75bacd2b8a20a3a4269993ce4697dcfeffc35c1f,1,2024-12-02,2024-12-02,0,1,29.23375,29.23375,29.23375,29.23375,29.23375,29.219133125000003,29.219133125000003,29.219133125000003,29.219133125000003,29.219133125000003,29.23375,29.23375,29.23375,29.219133125000003,29.219133125000003,29.219133125000003,0.0,0.0,0.0,0.0,0.0,29.23375,29.23375,29.23375,29.23375,29.23375,0.0,0.0,0.0,0.0,0.0,29.219133125000003,29.219133125000003,29.219133125000003,29.219133125000003,29.219133125000003
0x29228807cfcd1185a7809a2e5a18634ca8e5f2b7,1,2025-11-05,2025-11-05,0,1,15.625,15.625,15.625,15.625,15.625,10.546875,10.546875,10.546875,10.546875,10.546875,15.625,15.625,15.625,10.546875,10.546875,10.546875,15.625,15.625,15.625,15.625,15.625,0.0,0.0,0.0,0.0,0.0,10.546875,10.546875,10.546875,10.546875,10.546875,0.0,0.0,0.0,0.0,0.0
0x1672765d3b244898535d133b8c555824f5f2d232,1,2024-11-28,2024-11-28,0,1,1.020407,1.020407,1.020407,1.020407,1.020407,0.991835604,0.991835604,0.991835604,0.991835604,0.991835604,1.020407,1.020407,1.020407,0.991835604,0.991835604,0.991835604,0.0,0.0,0.0,0.0,0.0,1.020407,1.020407,1.020407,1.020407,1.020407,0.0,0.0,0.0,0.0,0.0,0.991835604,0.991835604,0.991835604,0.991835604,0.991835604
0x3291668370e57ae696ec0df48583d2c91e68660c,1,2024-11-30,2024-11-30,0,1,10.070492,10.070492,10.070492,10.070492,10.070492,9.904328882,9.904328882,9.904328882,9.904328882,9.904328882,10.070492,10.070492,10.070492,9.904328882,9.904328882,9.904328882,0.0,0.0,0.0,0.0,0.0,10.070492,10.070492,10.070492,10.070492,10.070492,0.0,0.0,0.0,0.0,0.0,9.904328882,9.904328882,9.904328882,9.904328882,9.904328882
0xd51eecde5eb93ba9ddb82c726fa17ba5f9373fcf,1,2025-11-12,2025-11-12,0,1,1.388885,1.388885,1.388885,1.388885,1.388885,0.8888864,0.8888864,0.8888864,0.8888864,0.8888864,1.388885,1.388885,1.388885,0.8888864,0.8888864,0.8888864,1.388885,1.388885,1.388885,1.388885,1.388885,0.0,0.0,0.0,0.0,0.0,0.8888864,0.8888864,0.8888864,0.8888864,0.8888864,0.0,0.0,0.0,0.0,0.0
0xf5f64a728afcb2a4cd943622a218e6b2febf4498,1,2025-11-06,2025-11-06,0,1,0.0073869999999942,0.0073869999999942,0.0073869999999942,0.0073869999999942,0.0073869999999942,0.0067221699999947,0.0067221699999947,0.0067221699999947,0.0067221699999947,0.0067221699999947,0.0073869999999942,0.0073869999999942,0.0073869999999942,0.0067221699999947,0.0067221699999947,0.0067221699999947,0.0073869999999942,0.0073869999999942,0.0073869999999942,0.0073869999999942,0.0073869999999942,0.0,0.0,0.0,0.0,0.0,0.0067221699999947,0.0067221699999947,0.0067221699999947,0.0067221699999947,0.0067221699999947,0.0,0.0,0.0,0.0,0.0
0xb49f468c15c49783f2664c7198a4949ade1b12e6,1,2024-09-22,2024-09-22,0,2,1100.0,1100.0,1100.0,1100.0,1100.0,565.6750000000001,565.6750000000001,565.6750000000001,565.6750000000001,565.6750000000001,1100.0,1100.0,1100.0,565.6750000000001,565.6750000000001,565.6750000000001,0.0,0.0,0.0,0.0,0.0,1100.0,1100.0,1100.0,1100.0,1100.0,0.0,0.0,0.0,0.0,0.0,565.6750000000001,565.6750000000001,565.6750000000001,565.6750000000001,565.6750000000001
0x5c602835e727c15c3fbcb03039a45dcc55b767c1,2,2024-11-14,2024-11-19,5,2,-150.0,150.0,0.0,0.0,0.0,-18.6,125.25,53.325,53.325,106.65,0.0,150.0,0.0,106.65,125.25,106.65,-150.0,150.0,0.0,0.0,0.0,0.0,0.0,0.0,0.0,0.0,-18.6,125.25,53.325,106.65,106.65,0.0,0.0,0.0,0.0,0.0
0x2d5be6534b60224c93fbb11ec17e0db982396be4,1,2024-11-23,2024-11-23,0,1,51.02956,51.02956,51.02956,51.02956,51.02956,49.98345402,49.98345402,49.98345402,49.98345402,49.98345402,51.02956,51.02956,51.02956,49.98345402,49.98345402,49.98345402,0.0,0.0,0.0,0.0,0.0,51.02956,51.02956,51.02956,51.02956,51.02956,0.0,0.0,0.0,0.0,0.0,49.98345402,49.98345402,49.98345402,49.98345402,49.98345402
0x4efff6833da14ee1f43ae61bc687123204622f35,1,2024-11-21,2024-11-21,0,1,1.017235,1.017235,1.017235,1.017235,1.017235,0.5457465774999999,0.5457465774999999,0.5457465774999999,0.5457465774999999,0.5457465774999999,1.017235,1.017235,1.017235,0.5457465774999999,0.5457465774999999,0.5457465774999999,0.0,0.0,0.0,0.0,0.0,1.017235,1.017235,1.017235,1.017235,1.017235,0.0,0.0,0.0,0.0,0.0,0.5457465774999999,0.5457465774999999,0.5457465774999999,0.5457465774999999,0.5457465774999999
0x668a503874deff74a0e5663966e51fdefb82e8e1,2,2025-11-06,2025-11-08,2,2,-2.08,2.086954,0.0034769999999999524,0.0034769999999999524,0.006953999999999905,-1.4664,1.40869395,-0.028853024999999977,-0.028853024999999977,-0.05770604999999995,0.0069539999999999,2.086954,0.0069539999999999,-0.0577060499999999,1.40869395,-0.0577060499999999,-2.08,2.086954,0.0034769999999999524,0.006953999999999905,0.0069539999999999,0.0,0.0,0.0,0.0,0.0,-1.4664,1.40869395,-0.028853024999999977,-0.05770604999999995,-0.0577060499999999,0.0,0.0,0.0,0.0,0.0
0xe18224788525f3f12bf73b767fcae20d5f64e767,4,2024-11-09,2024-11-14,5,4,-789.62,1180.0,0.0,-195.19,0.0,-181.6126,383.5,31.743675000000003,-37.45635,126.97470000000001,0.0,1180.0,0.0,126.97469999999998,383.5,126.97469999999998,0.0,0.0,0.0,0.0,0.0,-789.62,1180.0,0.0,0.0,0.0,0.0,0.0,0.0,0.0,0.0,-181.6126,383.5,31.743675000000003,126.97470000000001,126.97469999999998
0xc4963968b8cbeb09d521a2bd029211a5fde10f44,1,2024-11-22,2024-11-22,0,1,2.085487,2.085487,2.085487,2.085487,2.085487,1.8633826345,1.8633826345,1.8633826345,1.8633826345,1.8633826345,2.085487,2.085487,2.085487,1.8633826345,1.8633826345,1.8633826345,0.0,0.0,0.0,0.0,0.0,2.085487,2.085487,2.085487,2.085487,2.085487,0.0,0.0,0.0,0.0,0.0,1.8633826345,1.8633826345,1.8633826345,1.8633826345,1.8633826345
0xc1c5e56e302334473926a6da1fc3ddee2dac5d19,1,2025-11-05,2025-11-05,0,1,2.898548,2.898548,2.898548,2.898548,2.898548,1.9565199,1.9565199,1.9565199,1.9565199,1.9565199,2.898548,2.898548,2.898548,1.9565199,1.9565199,1.9565199,2.898548,2.898548,2.898548,2.898548,2.898548,0.0,0.0,0.0,0.0,0.0,1.9565199,1.9565199,1.9565199,1.9565199,1.9565199,0.0,0.0,0.0,0.0,0.0
0x84e0bad8192c0054aef4bddcdb7a73a09749bb35,1,2024-11-15,2024-11-15,0,1,0.045453,0.045453,0.045453,0.045453,0.045453,0.00772701,0.00772701,0.00772701,0.00772701,0.00772701,0.045453,0.045453,0.045453,0.00772701,0.00772701,0.00772701,0.0,0.0,0.0,0.0,0.0,0.045453,0.045453,0.045453,0.045453,0.045453,0.0,0.0,0.0,0.0,0.0,0.00772701,0.00772701,0.00772701,0.00772701,0.00772701
0x60e5f37f683b761110cb0c9d3b488cc5cc60b313,1,2024-12-02,2024-12-02,0,1,55.555554,55.555554,55.555554,55.555554,55.555554,0.027777777,0.027777777,0.027777777,0.027777777,0.027777777,55.555554,55.555554,55.555554,0.027777777,0.027777777,0.027777777,55.555554,55.555554,55.555554,55.555554,55.555554,0.0,0.0,0.0,0.0,0.0,0.027777777,0.027777777,0.027777777,0.027777777,0.027777777,0.0,0.0,0.0,0.0,0.0
0x466058c5b9bbe9812f3eb43ecab41f412fec25eb,1,2024-11-14,2024-11-14,0,1,13.483134,13.483134,13.483134,13.483134,13.483134,11.25841689,11.25841689,11.25841689,11.25841689,11.25841689,13.483134,13.483134,13.483134,11.25841689,11.25841689,11.25841689,13.483134,13.483134,13.483134,13.483134,13.483134,0.0,0.0,0.0,0.0,0.0,11.25841689,11.25841689,11.25841689,11.25841689,11.25841689,0.0,0.0,0.0,0.0,0.0
0xbdbd9dd379c2f356cb5348969bdc737128268d71,1,2025-11-04,2025-11-04,0,1,828.014055,828.014055,828.014055,828.014055,828.014055,749.352719775,749.352719775,749.352719775,749.352719775,749.352719775,828.014055,828.014055,828.014055,749.352719775,749.352719775,749.352719775,828.014055,828.014055,828.014055,828.014055,828.014055,0.0,0.0,0.0,0.0,0.0,749.352719775,749.352719775,749.352719775,749.352719775,749.352719775,0.0,0.0,0.0,0.0,0.0
0xd2064f0f610662716dc0c0ee9b6a07a6fb2bedc9,1,2024-10-30,2024-10-30,0,1,0.027776,0.027776,0.027776,0.027776,0.027776,0.0105548799999999,0.0105548799999999,0.0105548799999999,0.0105548799999999,0.0105548799999999,0.027776,0.027776,0.027776,0.0105548799999999,0.0105548799999999,0.0105548799999999,0.027776,0.027776,0.027776,0.027776,0.027776,0.0,0.0,0.0,0.0,0.0,0.0105548799999999,0.0105548799999999,0.0105548799999999,0.0105548799999999,0.0105548799999999,0.0,0.0,0.0,0.0,0.0
0xcd3589101b7b31810788a026cef41a0b83fc113e,1,2024-11-09,2024-11-09,0,1,85.714283,85.714283,85.714283,85.714283,85.714283,57.857141025,57.857141025,57.857141025,57.857141025,57.857141025,85.714283,85.714283,85.714283,57.857141025,57.857141025,57.857141025,85.714283,85.714283,85.714283,85.714283,85.714283,0.0,0.0,0.0,0.0,0.0,57.857141025,57.857141025,57.857141025,57.857141025,57.857141025,0.0,0.0,0.0,0.0,0.0
0x3bde9dbf9c5665799b52ca8f855d233076e4a6a5,2,2024-09-23,2024-09-27,4,2,-0.12,0.122447,0.0012235000000000024,0.0012235000000000024,0.0024470000000000047,-0.11628,0.11877359,0.001246795000000002,0.001246795000000002,0.002493590000000004,0.002447,0.122447,0.002447,0.00249359,0.11877359,0.00249359,-0.12,0.122447,0.0012235000000000024,0.0024470000000000047,0.002447,0.0,0.0,0.0,0.0,0.0,-0.11628,0.11877359,0.001246795000000002,0.002493590000000004,0.00249359,0.0,0.0,0.0,0.0,0.0
0xdc5e7ebf28f5695c6fdf2ec46351d2178e8a6c9f,1,2024-06-11,2024-06-11,0,1,0.007400000000004,0.007400000000004,0.007400000000004,0.007400000000004,0.007400000000004,0.0073556000000039,0.0073556000000039,0.0073556000000039,0.0073556000000039,0.0073556000000039,0.007400000000004,0.007400000000004,0.007400000000004,0.0073556000000039,0.0073556000000039,0.0073556000000039,0.007400000000004,0.007400000000004,0.007400000000004,0.007400000000004,0.007400000000004,0.0,0.0,0.0,0.0,0.0,0.0073556000000039,0.0073556000000039,0.0073556000000039,0.0073556000000039,0.0073556000000039,0.0,0.0,0.0,0.0,0.0
0xe7aff73b9868e39b10a8566f3fb07315f3933d55,1,2024-11-23,2024-11-23,0,1,7.142856,7.142856,7.142856,7.142856,7.142856,6.996427452000001,6.996427452000001,6.996427452000001,6.996427452000001,6.996427452000001,7.142856,7.142856,7.142856,6.996427452000001,6.996427452000001,6.996427452000001,0.0,0.0,0.0,0.0,0.0,7.142856,7.142856,7.142856,7.142856,7.142856,0.0,0.0,0.0,0.0,0.0,6.996427452000001,6.996427452000001,6.996427452000001,6.996427452000001,6.996427452000001
0xdf318c536ef818dbe5c59996550f382b149afef0,1,2024-11-16,2024-11-16,0,1,790.42,790.42,790.42,790.42,790.42,335.9285,335.9285,335.9285,335.9285,335.9285,790.42,790.42,790.42,335.9285,335.9285,335.9285,0.0,0.0,0.0,0.0,0.0,790.42,790.42,790.42,790.42,790.42,0.0,0.0,0.0,0.0,0.0,335.9285,335.9285,335.9285,335.9285,335.9285
0x97f745958f88a9e0f853cd30241431eb172e0c0d,1,2024-11-23,2024-11-23,0,1,6.122447,6.122447,6.122447,6.122447,6.122447,5.996936836500001,5.996936836500001,5.996936836500001,5.996936836500001,5.996936836500001,6.122447,6.122447,6.122447,5.996936836500001,5.996936836500001,5.996936836500001,0.0,0.0,0.0,0.0,0.0,6.122447,6.122447,6.122447,6.122447,6.122447,0.0,0.0,0.0,0.0,0.0,5.996936836500001,5.996936836500001,5.996936836500001,5.996936836500001,5.996936836500001
0x7a146c5e70c092d06be27097a5c770b49d0bd748,1,2024-11-09,2024-11-09,0,1,69.0,69.0,69.0,69.0,69.0,22.425,22.425,22.425,22.425,22.425,69.0,69.0,69.0,22.425,22.425,22.425,0.0,0.0,0.0,0.0,0.0,69.0,69.0,69.0,69.0,69.0,0.0,0.0,0.0,0.0,0.0,22.425,22.425,22.425,22.425,22.425
0x084a73f1e5326a9c26a8d35d1bbc63441fea3d77,1,2024-12-01,2024-12-01,0,1,5.035245,5.035245,5.035245,5.035245,5.035245,4.9571987025,4.9571987025,4.9571987025,4.9571987025,4.9571987025,5.035245,5.035245,5.035245,4.9571987025,4.9571987025,4.9571987025,0.0,0.0,0.0,0.0,0.0,5.035245,5.035245,5.035245,5.035245,5.035245,0.0,0.0,0.0,0.0,0.0,4.9571987025,4.9571987025,4.9571987025,4.9571987025,4.9571987025
0x6245ca7bf56ada6f327785c7771e893efbe9d3c0,2,2024-10-30,2024-10-31,1,2,5.0,10.0,7.5,7.5,15.0,3.025,6.2,4.6125,4.6125,9.225,15.0,15.0,10.0,9.225,9.225,6.2,0.0,0.0,0.0,0.0,0.0,5.0,10.0,7.5,15.0,15.0,0.0,0.0,0.0,0.0,0.0,3.025,6.2,4.6125,9.225,9.225
0x6b27ecd1725e3446420080218ca1265b4f2bf8be,1,2024-11-24,2024-11-24,0,1,1.020407,1.020407,1.020407,1.020407,1.020407,0.843876589,0.843876589,0.843876589,0.843876589,0.843876589,1.020407,1.020407,1.020407,0.843876589,0.843876589,0.843876589,0.0,0.0,0.0,0.0,0.0,1.020407,1.020407,1.020407,1.020407,1.020407,0.0,0.0,0.0,0.0,0.0,0.843876589,0.843876589,0.843876589,0.843876589,0.843876589
0x7d9bcf2743b2ec5d2ad269641dcd2e8054c21dad,1,2025-11-06,2025-11-06,0,1,10.869562,10.869562,10.869562,10.869562,10.869562,9.89130142,9.89130142,9.89130142,9.89130142,9.89130142,10.869562,10.869562,10.869562,9.89130142,9.89130142,9.89130142,10.869562,10.869562,10.869562,10.869562,10.869562,0.0,0.0,0.0,0.0,0.0,9.89130142,9.89130142,9.89130142,9.89130142,9.89130142,0.0,0.0,0.0,0.0,0.0
0x8fe8dd1f989bd373c6462bc16e40f74c38e0f83c,1,2024-10-29,2024-10-29,0,3,1.287543,1.287543,1.287543,1.287543,1.287543,0.042348375,0.042348375,0.042348375,0.042348375,0.042348375,1.287543,1.287543,1.287543,0.042348375,0.042348375,0.042348375,1.287543,1.287543,1.287543,1.287543,1.287543,0.0,0.0,0.0,0.0,0.0,0.042348375,0.042348375,0.042348375,0.042348375,0.042348375,0.0,0.0,0.0,0.0,0.0
0xc68be3dbcfca829bb29adcf89a89f62da6f9db1b,1,2024-10-31,2024-10-31,0,1,0.005,0.005,0.005,0.005,0.005,0.001975,0.001975,0.001975,0.001975,0.001975,0.005,0.005,0.005,0.001975,0.001975,0.001975,0.005,0.005,0.005,0.005,0.005,0.0,0.0,0.0,0.0,0.0,0.001975,0.001975,0.001975,0.001975,0.001975,0.0,0.0,0.0,0.0,0.0
0x06ac57c4ccf056d700d5861e9fcd18fb65e8589f,1,2024-11-02,2024-11-02,0,1,0.0058049999999996,0.0058049999999996,0.0058049999999996,0.0058049999999996,0.0058049999999996,0.0034829999999997,0.0034829999999997,0.0034829999999997,0.0034829999999997,0.0034829999999997,0.0058049999999996,0.0058049999999996,0.0058049999999996,0.0034829999999997,0.0034829999999997,0.0034829999999997,0.0,0.0,0.0,0.0,0.0,0.0058049999999996,0.0058049999999996,0.0058049999999996,0.0058049999999996,0.0058049999999996,0.0,0.0,0.0,0.0,0.0,0.0034829999999997,0.0034829999999997,0.0034829999999997,0.0034829999999997,0.0034829999999997
0xe2459bdb7f6931ddbc7b0db1b9f60b1ab3451411,1,2024-11-25,2024-11-25,0,1,1.028785,1.028785,1.028785,1.028785,1.028785,0.91356108,0.91356108,0.91356108,0.91356108,0.91356108,1.028785,1.028785,1.028785,0.91356108,0.91356108,0.91356108,0.0,0.0,0.0,0.0,0.0,1.028785,1.028785,1.028785,1.028785,1.028785,0.0,0.0,0.0,0.0,0.0,0.91356108,0.91356108,0.91356108,0.91356108,0.91356108
0xc16cf18391134c57ebc2ce3c2e7600baf0475c53,1,2024-11-25,2024-11-25,0,1,1.028785,1.028785,1.028785,1.028785,1.028785,0.91356108,0.91356108,0.91356108,0.91356108,0.91356108,1.028785,1.028785,1.028785,0.91356108,0.91356108,0.91356108,0.0,0.0,0.0,0.0,0.0,1.028785,1.028785,1.028785,1.028785,1.028785,0.0,0.0,0.0,0.0,0.0,0.91356108,0.91356108,0.91356108,0.91356108,0.91356108
0xe29e13c5d2a1d54cb2a44eff356203d1f5e81ff0,1,2024-06-07,2024-06-07,0,1,7.899999999949614e-05,7.899999999949614e-05,7.899999999949614e-05,7.899999999949614e-05,7.899999999949614e-05,7.852599999949917e-05,7.852599999949917e-05,7.852599999949917e-05,7.852599999949917e-05,7.852599999949917e-05,7.899999999949614e-05,7.899999999949614e-05,7.899999999949614e-05,7.852599999949917e-05,7.852599999949917e-05,7.852599999949917e-05,7.899999999949614e-05,7.899999999949614e-05,7.899999999949614e-05,7.899999999949614e-05,7.899999999949614e-05,0.0,0.0,0.0,0.0,0.0,7.852599999949917e-05,7.852599999949917e-05,7.852599999949917e-05,7.852599999949917e-05,7.852599999949917e-05,0.0,0.0,0.0,0.0,0.0
0xeef8a5b501e28b34fca0a90d0464ae0a97e2b4a7,1,2024-10-01,2024-10-01,0,1,0.0054579999999999,0.0054579999999999,0.0054579999999999,0.0054579999999999,0.0054579999999999,0.0052997179999999,0.0052997179999999,0.0052997179999999,0.0052997179999999,0.0052997179999999,0.0054579999999999,0.0054579999999999,0.0054579999999999,0.0052997179999999,0.0052997179999999,0.0052997179999999,0.0054579999999999,0.0054579999999999,0.0054579999999999,0.0054579999999999,0.0054579999999999,0.0,0.0,0.0,0.0,0.0,0.0052997179999999,0.0052997179999999,0.0052997179999999,0.0052997179999999,0.0052997179999999,0.0,0.0,0.0,0.0,0.0
0xed340483eb8abed37a523dce238e2429c8779dfa,1,2024-10-03,2024-10-03,0,1,0.0013999999999999,0.0013999999999999,0.0013999999999999,0.0013999999999999,0.0013999999999999,0.0013915999999999,0.0013915999999999,0.0013915999999999,0.0013915999999999,0.0013915999999999,0.0013999999999999,0.0013999999999999,0.0013999999999999,0.0013915999999999,0.0013915999999999,0.0013915999999999,0.0,0.0,0.0,0.0,0.0,0.0013999999999999,0.0013999999999999,0.0013999999999999,0.0013999999999999,0.0013999999999999,0.0,0.0,0.0,0.0,0.0,0.0013915999999999,0.0013915999999999,0.0013915999999999,0.0013915999999999,0.0013915999999999
0xc7aa7350955ddaa7490173a0302eeb7c177f6a05,2,2024-11-10,2024-11-17,7,2,-1.03,1.037973,0.003986500000000004,0.003986500000000004,0.007973000000000008,-0.58195,0.75772029,0.087885145,0.087885145,0.17577029,0.007973,1.037973,0.007973,0.17577029,0.75772029,0.17577029,-1.03,1.037973,0.003986500000000004,0.007973000000000008,0.007973,0.0,0.0,0.0,0.0,0.0,-0.58195,0.75772029,0.087885145,0.17577029,0.17577029,0.0,0.0,0.0,0.0,0.0
0xe4895ace50c8e1de38e88fc038667c0333f3e510,1,2024-11-03,2024-11-03,0,1,0.0032810000000003,0.0032810000000003,0.0032810000000003,0.0032810000000003,0.0032810000000003,0.0022146750000002,0.0022146750000002,0.0022146750000002,0.0022146750000002,0.0022146750000002,0.0032810000000003,0.0032810000000003,0.0032810000000003,0.0022146750000002,0.0022146750000002,0.0022146750000002,0.0,0.0,0.0,0.0,0.0,0.0032810000000003,0.0032810000000003,0.0032810000000003,0.0032810000000003,0.0032810000000003,0.0,0.0,0.0,0.0,0.0,0.0022146750000002,0.0022146750000002,0.0022146750000002,0.0022146750000002,0.0022146750000002
0x4ad6cadefae3c28f5b2caa32a99ebba3a614464c,1,2024-12-02,2024-12-02,0,1,769.43,769.43,769.43,769.43,769.43,769.045285,769.045285,769.045285,769.045285,769.045285,769.43,769.43,769.43,769.045285,769.045285,769.045285,0.0,0.0,0.0,0.0,0.0,769.43,769.43,769.43,769.43,769.43,0.0,0.0,0.0,0.0,0.0,769.045285,769.045285,769.045285,769.045285,769.045285
0xd5351a2142c265e39ba8bc0d1101f26d6eb5fa67,2,2025-11-07,2025-11-17,10,10,1298.8,2784.93,2041.8649999999998,2041.8649999999998,4083.7299999999996,1197.073,2595.7352499999997,1896.404125,1896.404125,3792.80825,4083.73,4083.73,1298.8,3792.80825,3792.80825,1197.073,1043.9299999999998,1298.8,1171.3649999999998,2342.7299999999996,2342.7299999999996,0.0,1741.0,870.5,1741.0,1741.0,979.90525,1197.073,1088.489125,2176.97825,2176.97825,0.0,1615.83,807.915,1615.83,1615.83
0xe89a7dd0d36c20b451f5379b3936231f70293ede,1,2024-11-19,2024-11-19,0,1,0.467387,0.467387,0.467387,0.467387,0.467387,0.409431012,0.409431012,0.409431012,0.409431012,0.409431012,0.467387,0.467387,0.467387,0.409431012,0.409431012,0.409431012,0.0,0.0,0.0,0.0,0.0,0.467387,0.467387,0.467387,0.467387,0.467387,0.0,0.0,0.0,0.0,0.0,0.409431012,0.409431012,0.409431012,0.409431012,0.409431012
0x94b9ccc29835be306a8de6c9bedce47cd0c661e0,2,2024-10-30,2024-11-10,11,2,-10.0,10.0,0.0,0.0,0.0,-2.7,6.2,1.75,1.75,3.5,0.0,10.0,0.0,3.5,6.2,3.5,0.0,0.0,0.0,0.0,0.0,-10.0,10.0,0.0,0.0,0.0,0.0,0.0,0.0,0.0,0.0,-2.7,6.2,1.75,3.5,3.5
0x804cea4ad56e4032dbc5f45356a366aea86dc740,1,2024-11-05,2024-11-05,0,1,6.141217,6.141217,6.141217,6.141217,6.141217,5.950839273,5.950839273,5.950839273,5.950839273,5.950839273,6.141217,6.141217,6.141217,5.950839273,5.950839273,5.950839273,0.0,0.0,0.0,0.0,0.0,6.141217,6.141217,6.141217,6.141217,6.141217,0.0,0.0,0.0,0.0,0.0,5.950839273,5.950839273,5.950839273,5.950839273,5.950839273
0xd2fc5b02408edd6154f28b19bd439459e18eef9b,1,2024-11-05,2024-11-05,0,1,6.944442,6.944442,6.944442,6.944442,6.944442,5.10416487,5.10416487,5.10416487,5.10416487,5.10416487,6.944442,6.944442,6.944442,5.10416487,5.10416487,5.10416487,0.0,0.0,0.0,0.0,0.0,6.944442,6.944442,6.944442,6.944442,6.944442,0.0,0.0,0.0,0.0,0.0,5.10416487,5.10416487,5.10416487,5.10416487,5.10416487
0x63d43bbb87f85af03b8f2f9e2fad7b54334fa2f1,6,2024-10-29,2025-11-12,379,10,2.68,7987.099999999999,1818.7416666666668,225.75,10912.45,1.5276,6147.14325,1373.9664000000002,197.44545000000005,8243.798400000001,10912.45,10912.45,2455.17,8243.798400000001,8243.798400000001,1689.61305,0.0,0.0,0.0,0.0,0.0,2.68,7987.099999999999,1818.7416666666668,10912.45,10912.45,0.0,0.0,0.0,0.0,0.0,1.5276,6147.14325,1373.9664000000002,8243.798400000001,8243.798400000001
0xae1c20c0e36fb36061491bf62750fc09dc68c8f4,1,2024-10-29,2024-10-29,0,1,0.010217,0.010217,0.010217,0.010217,0.010217,0.0098849475,0.0098849475,0.0098849475,0.0098849475,0.0098849475,0.010217,0.010217,0.010217,0.0098849475,0.0098849475,0.0098849475,0.010217,0.010217,0.010217,0.010217,0.010217,0.0,0.0,0.0,0.0,0.0,0.0098849475,0.0098849475,0.0098849475,0.0098849475,0.0098849475,0.0,0.0,0.0,0.0,0.0
0xecaa8806a9a05049d7d5260a33dc924220e377a9,6,2024-11-01,2024-11-12,11,6,-394.9,1362.93,341.82890683333335,140.9367205,2050.973441,-327.76699999999994,1001.75355,230.73368576666667,84.5620323,1384.4021146,2050.973441,2445.873441,16.393441,1384.4021146,1712.1691146,9.836064599999998,-394.9,2.07,-65.47166666666666,-392.83,-392.83,0.0,1362.93,407.3005735,2443.803441,2443.803441,-327.76699999999994,1.9664999999999997,-54.300083333333326,-325.80049999999994,-325.80049999999994,0.0,1001.75355,285.03376910000003,1710.2026146,1710.2026146
0x6d5fdc5d69183fdeed282b17e3caa74f97d39878,2,2024-11-24,2024-11-25,1,2,1.028785,5.102039,3.0654120000000002,3.0654120000000002,6.1308240000000005,0.91356108,4.219386253000001,2.5664736665000003,2.5664736665000003,5.132947333000001,6.1308240000000005,6.1308240000000005,5.102039,5.132947333000001,5.132947333000001,4.219386253000001,0.0,0.0,0.0,0.0,0.0,1.028785,5.102039,3.0654120000000002,6.1308240000000005,6.1308240000000005,0.0,0.0,0.0,0.0,0.0,0.91356108,4.219386253000001,2.5664736665000003,5.132947333000001,5.132947333000001
0x19c15388a118004c7bc2375b9cd53eab3d571c5f,2,2024-11-29,2024-12-01,2,2,5.035245,8.080807,6.558026,6.558026,13.116052,4.9571987025,7.9151504565,6.4361745795,6.4361745795,12.872349159,13.116052,13.116052,8.080807,12.872349159,12.872349159,7.9151504565,0.0,0.0,0.0,0.0,0.0,5.035245,8.080807,6.558026,13.116052,13.116052,0.0,0.0,0.0,0.0,0.0,4.9571987025,7.9151504565,6.4361745795,12.872349159,12.872349159
0xd3eb258eca2d499983934364c82512c79c410829,2,2024-11-17,2024-11-24,7,2,-103.04,103.041092,0.0005459999999999354,0.0005459999999999354,0.0010919999999998709,-85.21408,44.822875020000005,-20.195602489999995,-20.195602489999995,-40.39120497999999,0.0010919999999998,103.041092,0.0010919999999998,-40.39120497999999,44.822875020000005,-40.39120497999999,0.0,0.0,0.0,0.0,0.0,-103.04,103.041092,0.0005459999999999354,0.0010919999999998709,0.0010919999999998,0.0,0.0,0.0,0.0,0.0,-85.21408,44.822875020000005,-20.195602489999995,-40.39120497999999,-40.39120497999999
0x140e6a7f576681a050e458e4a1801b25be37bdc8,2,2025-11-04,2025-11-06,2,2,-11.82,11.827942,0.003970999999999947,0.003970999999999947,0.007941999999999894,-10.8744,10.88170664,0.003653320000000626,0.003653320000000626,0.007306640000001252,0.0079419999999998,11.827942,0.0079419999999998,0.0073066399999994,10.88170664,0.0073066399999994,-11.82,11.827942,0.003970999999999947,0.007941999999999894,0.0079419999999998,0.0,0.0,0.0,0.0,0.0,-10.8744,10.88170664,0.003653320000000626,0.007306640000001252,0.0073066399999994,0.0,0.0,0.0,0.0,0.0
0x6b45b77f06919aa6cbaca32b76156f24166f784e,2,2024-10-30,2024-11-06,7,2,-7.93,7.936506,0.0032529999999999504,0.0032529999999999504,0.006505999999999901,-0.3965,4.92063372,2.26206686,2.26206686,4.52413372,0.0065059999999999,7.936506,0.0065059999999999,4.52413372,4.92063372,4.52413372,0.0,0.0,0.0,0.0,0.0,-7.93,7.936506,0.0032529999999999504,0.006505999999999901,0.0065059999999999,0.0,0.0,0.0,0.0,0.0,-0.3965,4.92063372,2.26206686,4.52413372,4.52413372
0x643574f1a7c63c73b8478bc0baa1f330966362dc,1,2024-11-24,2024-11-24,0,1,10.204078,10.204078,10.204078,10.204078,10.204078,8.438772506000001,8.438772506000001,8.438772506000001,8.438772506000001,8.438772506000001,10.204078,10.204078,10.204078,8.438772506000001,8.438772506000001,8.438772506000001,0.0,0.0,0.0,0.0,0.0,10.204078,10.204078,10.204078,10.204078,10.204078,0.0,0.0,0.0,0.0,0.0,8.438772506000001,8.438772506000001,8.438772506000001,8.438772506000001,8.438772506000001
0x0e52c16e9ddac8989e1ae886e9c00267e7c32b3d,2,2024-11-24,2024-11-29,5,2,-43.56,43.561223,0.0006114999999979887,0.0006114999999979887,0.0012229999999959773,-42.66702,36.025131421,-3.3209442895000016,-3.3209442895000016,-6.641888579000003,0.0012229999999959,43.561223,0.0012229999999959,-6.641888579000003,36.025131421,-6.641888579000003,0.0,0.0,0.0,0.0,0.0,-43.56,43.561223,0.0006114999999979887,0.0012229999999959773,0.0012229999999959,0.0,0.0,0.0,0.0,0.0,-42.66702,36.025131421,-3.3209442895000016,-6.641888579000003,-6.641888579000003
0x63dff1015e2243fcca196f6eff1746a0d94c8d0c,2,2024-09-21,2024-09-26,5,2,-0.4,0.404363,0.002181499999999975,0.002181499999999975,0.00436299999999995,-0.391,0.3940517435,0.0015258717499999908,0.0015258717499999908,0.0030517434999999815,0.0043629999999999,0.404363,0.0043629999999999,0.0030517434999999,0.3940517435,0.0030517434999999,0.0,0.0,0.0,0.0,0.0,-0.4,0.404363,0.002181499999999975,0.00436299999999995,0.0043629999999999,0.0,0.0,0.0,0.0,0.0,-0.391,0.3940517435,0.0015258717499999908,0.0030517434999999815,0.0030517434999999
0xa9f7383458287a97529ad8b5bba2bcae561f3041,2,2024-06-10,2024-06-13,3,2,5.0505,301.5074,153.27895,153.27895,306.5579,4.9747425000000005,298.79383340000004,151.88428795000002,151.88428795000002,303.76857590000003,306.5579,306.5579,301.5074,303.76857590000003,303.76857590000003,298.79383340000004,5.0505,301.5074,153.27895,306.5579,306.5579,0.0,0.0,0.0,0.0,0.0,4.9747425000000005,298.79383340000004,151.88428795000002,303.76857590000003,303.76857590000003,0.0,0.0,0.0,0.0,0.0
0x520044affc2debe5b127cbab368671d69b169677,2,2025-10-15,2025-11-19,35,2,5.0,6.0,5.5,5.5,11.0,3.2750000000000004,3.33,3.3025,3.3025,6.605,11.0,11.0,6.0,6.605,6.605,3.33,5.0,6.0,5.5,11.0,11.0,0.0,0.0,0.0,0.0,0.0,3.2750000000000004,3.33,3.3025,6.605,6.605,0.0,0.0,0.0,0.0,0.0
0x717248df1790ca3379b730a55213faafff71d52b,1,2024-10-05,2024-10-05,0,1,0.0011999999999999,0.0011999999999999,0.0011999999999999,0.0011999999999999,0.0011999999999999,0.0011927999999999,0.0011927999999999,0.0011927999999999,0.0011927999999999,0.0011927999999999,0.0011999999999999,0.0011999999999999,0.0011999999999999,0.0011927999999999,0.0011927999999999,0.0011927999999999,0.0,0.0,0.0,0.0,0.0,0.0011999999999999,0.0011999999999999,0.0011999999999999,0.0011999999999999,0.0011999999999999,0.0,0.0,0.0,0.0,0.0,0.0011927999999999,0.0011927999999999,0.0011927999999999,0.0011927999999999,0.0011927999999999
0x94585d7dab2f382b2f309ff9b6b7d09bb0583742,2,2024-11-08,2024-11-13,5,2,-6.25,6.25,0.0,0.0,0.0,-5.09375,5.65625,0.28125,0.28125,0.5625,0.0,6.25,0.0,0.5625,5.65625,0.5625,-6.25,6.25,0.0,0.0,0.0,0.0,0.0,0.0,0.0,0.0,-5.09375,5.65625,0.28125,0.5625,0.5625,0.0,0.0,0.0,0.0,0.0
0x881453bd36c87c9422040150eb255f6b834d5cc0,3,2025-11-14,2025-11-17,3,18,-90.0,227.0,90.33333333333333,134.0,271.0,-83.65,88.54500000000002,8.088333333333338,19.37,24.265000000000015,271.0,361.0,134.0,24.265000000000015,107.91500000000002,19.37,-10.0,75.0,39.0,117.0,117.0,-80.0,152.0,51.333333333333336,154.0,154.0,-9.35,14.225,2.9250000000000003,8.775,8.774999999999999,-74.30000000000001,74.32000000000001,5.163333333333331,15.489999999999995,15.489999999999997
0x250ea552ab599ae10c88b41270c559725759e864,1,2025-11-19,2025-11-19,0,2,1632.61111,1632.61111,1632.61111,1632.61111,1632.61111,1065.9792270500002,1065.9792270500002,1065.9792270500002,1065.9792270500002,1065.9792270500002,1632.61111,1632.61111,1632.61111,1065.9792270500002,1065.9792270500002,1065.9792270500002,956.40111,956.40111,956.40111,956.40111,956.40111,676.21,676.21,676.21,676.21,676.21,626.44272705,626.44272705,626.44272705,626.44272705,626.44272705,439.5365000000001,439.5365000000001,439.5365000000001,439.5365000000001,439.5365000000001
0x9b51a136eb9bab53487c612e03f3d67778ed56fc,1,2024-10-30,2024-10-30,0,1,0.194027,0.194027,0.194027,0.194027,0.194027,0.12029674,0.12029674,0.12029674,0.12029674,0.12029674,0.194027,0.194027,0.194027,0.12029674,0.12029674,0.12029674,0.0,0.0,0.0,0.0,0.0,0.194027,0.194027,0.194027,0.194027,0.194027,0.0,0.0,0.0,0.0,0.0,0.12029674,0.12029674,0.12029674,0.12029674,0.12029674
0x70950b9a2f8cc612024f3d2e070c2b6076b7efbc,1,2024-10-29,2024-10-29,0,1,0.0015999999999999,0.0015999999999999,0.0015999999999999,0.0015999999999999,0.0015999999999999,0.0015791999999999,0.0015791999999999,0.0015791999999999,0.0015791999999999,0.0015791999999999,0.0015999999999999,0.0015999999999999,0.0015999999999999,0.0015791999999999,0.0015791999999999,0.0015791999999999,0.0,0.0,0.0,0.0,0.0,0.0015999999999999,0.0015999999999999,0.0015999999999999,0.0015999999999999,0.0015999999999999,0.0,0.0,0.0,0.0,0.0,0.0015791999999999,0.0015791999999999,0.0015791999999999,0.0015791999999999,0.0015791999999999
0xef4e132daa46e31b19774ccfff78d7d9c7db0772,1,2024-10-31,2024-10-31,0,1,0.0,0.0,0.0,0.0,0.0,0.0,0.0,0.0,0.0,0.0,0.0,0.0,0.0,0.0,0.0,0.0,0.0,0.0,0.0,0.0,0.0,0.0,0.0,0.0,0.0,0.0,0.0,0.0,0.0,0.0,0.0,0.0,0.0,0.0,0.0,0.0
0xce6c07fb94d7d514194c199f268492fa76964b85,1,2024-11-07,2024-11-07,0,1,3.614452,3.614452,3.614452,3.614452,3.614452,3.36144036,3.36144036,3.36144036,3.36144036,3.36144036,3.614452,3.614452,3.614452,3.36144036,3.36144036,3.36144036,3.614452,3.614452,3.614452,3.614452,3.614452,0.0,0.0,0.0,0.0,0.0,3.36144036,3.36144036,3.36144036,3.36144036,3.36144036,0.0,0.0,0.0,0.0,0.0
0x9a530c068a082a501b3a957707c73a4a7491290f,1,2025-10-16,2025-10-16,0,1,1.22222,1.22222,1.22222,1.22222,1.22222,1.0938869,1.0938869,1.0938869,1.0938869,1.0938869,1.22222,1.22222,1.22222,1.0938869,1.0938869,1.0938869,1.22222,1.22222,1.22222,1.22222,1.22222,0.0,0.0,0.0,0.0,0.0,1.0938869,1.0938869,1.0938869,1.0938869,1.0938869,0.0,0.0,0.0,0.0,0.0
0xf9eacc28204c2b11ee047c3a260a1c8c96c30701,1,2024-11-30,2024-11-30,0,1,7.049344,7.049344,7.049344,7.049344,7.049344,6.933029824,6.933029824,6.933029824,6.933029824,6.933029824,7.049344,7.049344,7.049344,6.933029824,6.933029824,6.933029824,0.0,0.0,0.0,0.0,0.0,7.049344,7.049344,7.049344,7.049344,7.049344,0.0,0.0,0.0,0.0,0.0,6.933029824,6.933029824,6.933029824,6.933029824,6.933029824
0xf56f22b32155a37020da4e72296e6e307cc665ad,1,2024-11-13,2024-11-13,0,1,1.162789,1.162789,1.162789,1.162789,1.162789,0.947673035,0.947673035,0.947673035,0.947673035,0.947673035,1.162789,1.162789,1.162789,0.947673035,0.947673035,0.947673035,1.162789,1.162789,1.162789,1.162789,1.162789,0.0,0.0,0.0,0.0,0.0,0.947673035,0.947673035,0.947673035,0.947673035,0.947673035,0.0,0.0,0.0,0.0,0.0
0x02fe323488dea3ed1f400482ace7dff27c66d87a,1,2024-11-23,2024-11-23,0,1,5.102039,5.102039,5.102039,5.102039,5.102039,4.997447200500001,4.997447200500001,4.997447200500001,4.997447200500001,4.997447200500001,5.102039,5.102039,5.102039,4.997447200500001,4.997447200500001,4.997447200500001,0.0,0.0,0.0,0.0,0.0,5.102039,5.102039,5.102039,5.102039,5.102039,0.0,0.0,0.0,0.0,0.0,4.997447200500001,4.997447200500001,4.997447200500001,4.997447200500001,4.997447200500001
0xcbe29caa7d41e2ce130046960b986b7412460efd,1,2025-10-31,2025-10-31,0,1,1.11111,1.11111,1.11111,1.11111,1.11111,0.99444345,0.99444345,0.99444345,0.99444345,0.99444345,1.11111,1.11111,1.11111,0.99444345,0.99444345,0.99444345,1.11111,1.11111,1.11111,1.11111,1.11111,0.0,0.0,0.0,0.0,0.0,0.99444345,0.99444345,0.99444345,0.99444345,0.99444345,0.0,0.0,0.0,0.0,0.0
0x41be0a595759d157f661158048cd5d53218cfac9,2,2024-10-31,2024-11-03,3,2,-0.0019419999999996,0.0095069999999999,0.0037825000000001495,0.0037825000000001495,0.007565000000000299,-0.0013108499999997,0.0057517349999999,0.0022204425000001,0.0022204425000001,0.0044408850000002,0.0075650000000003,0.0095069999999999,0.0075650000000003,0.0044408850000002,0.0057517349999999,0.0044408850000002,0.0,0.0,0.0,0.0,0.0,-0.0019419999999996,0.0095069999999999,0.0037825000000001495,0.007565000000000299,0.0075650000000003,0.0,0.0,0.0,0.0,0.0,-0.0013108499999997,0.0057517349999999,0.0022204425000001,0.0044408850000002,0.0044408850000002
0xc9bf195b1252bf3b5e2202b49d8f6df577913e81,1,2024-11-03,2024-11-03,0,1,0.0058810000000004,0.0058810000000004,0.0058810000000004,0.0058810000000004,0.0058810000000004,0.0019113250000001,0.0019113250000001,0.0019113250000001,0.0019113250000001,0.0019113250000001,0.0058810000000004,0.0058810000000004,0.0058810000000004,0.0019113250000001,0.0019113250000001,0.0019113250000001,0.0058810000000004,0.0058810000000004,0.0058810000000004,0.0058810000000004,0.0058810000000004,0.0,0.0,0.0,0.0,0.0,0.0019113250000001,0.0019113250000001,0.0019113250000001,0.0019113250000001,0.0019113250000001,0.0,0.0,0.0,0.0,0.0
0x8486c92eede60dd7e2ea7e46cb63b875e05a41ee,1,2024-06-10,2024-06-10,0,3,15.0,15.0,15.0,15.0,15.0,0.0225,0.0225,0.0225,0.0225,0.0225,15.0,15.0,15.0,0.0225,0.0225,0.0225,15.0,15.0,15.0,15.0,15.0,0.0,0.0,0.0,0.0,0.0,0.0225,0.0225,0.0225,0.0225,0.0225,0.0,0.0,0.0,0.0,0.0
0xc3004bb7a1a9d6278933351e557c3a95e13ee5f0,1,2024-11-29,2024-11-29,0,1,1.21212,1.21212,1.21212,1.21212,1.21212,1.1872715400000002,1.1872715400000002,1.1872715400000002,1.1872715400000002,1.1872715400000002,1.21212,1.21212,1.21212,1.1872715400000002,1.1872715400000002,1.1872715400000002,0.0,0.0,0.0,0.0,0.0,1.21212,1.21212,1.21212,1.21212,1.21212,0.0,0.0,0.0,0.0,0.0,1.1872715400000002,1.1872715400000002,1.1872715400000002,1.1872715400000002,1.1872715400000002
0x5dd22bc770766fc65484fa3ea8f639eb1f56f5c0,4,2024-10-31,2024-11-19,19,4,-601.63,325.0,19.50142174999999,177.31784349999998,78.00568699999997,-74.60212,130.0,63.72564984249999,99.752359685,254.90259936999996,78.00568699999997,679.635687,78.00568699999997,254.90259936999996,329.50471937,97.78860792,-601.63,325.0,19.50142174999999,78.00568699999997,78.00568699999997,0.0,0.0,0.0,0.0,0.0,-74.60212,130.0,63.72564984249999,254.90259936999996,254.90259936999996,0.0,0.0,0.0,0.0,0.0
0x05aa56ddd62965840ff6aae6e5b00d003deaef03,1,2024-10-31,2024-10-31,0,1,0.0012179999999997,0.0012179999999997,0.0012179999999997,0.0012179999999997,0.0012179999999997,0.0004811099999998,0.0004811099999998,0.0004811099999998,0.0004811099999998,0.0004811099999998,0.0012179999999997,0.0012179999999997,0.0012179999999997,0.0004811099999998,0.0004811099999998,0.0004811099999998,0.0012179999999997,0.0012179999999997,0.0012179999999997,0.0012179999999997,0.0012179999999997,0.0,0.0,0.0,0.0,0.0,0.0004811099999998,0.0004811099999998,0.0004811099999998,0.0004811099999998,0.0004811099999998,0.0,0.0,0.0,0.0,0.0
0xc0e1e764aae164343d663c4ab65d15a3080701e4,1,2024-11-18,2024-11-18,0,1,0.298244,0.298244,0.298244,0.298244,0.298244,0.03429806,0.03429806,0.03429806,0.03429806,0.03429806,0.298244,0.298244,0.298244,0.03429806,0.03429806,0.03429806,0.298244,0.298244,0.298244,0.298244,0.298244,0.0,0.0,0.0,0.0,0.0,0.03429806,0.03429806,0.03429806,0.03429806,0.03429806,0.0,0.0,0.0,0.0,0.0
0x721c6e6378f8bab211ab91eb7d4abdc6a6d94b46,1,2024-11-15,2024-11-15,0,1,0.129028,0.129028,0.129028,0.129028,0.129028,0.1070932399999999,0.1070932399999999,0.1070932399999999,0.1070932399999999,0.1070932399999999,0.129028,0.129028,0.129028,0.1070932399999999,0.1070932399999999,0.1070932399999999,0.129028,0.129028,0.129028,0.129028,0.129028,0.0,0.0,0.0,0.0,0.0,0.1070932399999999,0.1070932399999999,0.1070932399999999,0.1070932399999999,0.1070932399999999,0.0,0.0,0.0,0.0,0.0
0x8874d1631eb0e998b866e85b090d580a8696c926,1,2024-06-09,2024-06-09,0,1,0.0094370000000054,0.0094370000000054,0.0094370000000054,0.0094370000000054,0.0094370000000054,0.0094039705000053,0.0094039705000053,0.0094039705000053,0.0094039705000053,0.0094039705000053,0.0094370000000054,0.0094370000000054,0.0094370000000054,0.0094039705000053,0.0094039705000053,0.0094039705000053,0.0094370000000054,0.0094370000000054,0.0094370000000054,0.0094370000000054,0.0094370000000054,0.0,0.0,0.0,0.0,0.0,0.0094039705000053,0.0094039705000053,0.0094039705000053,0.0094039705000053,0.0094039705000053,0.0,0.0,0.0,0.0,0.0
0x45580feac3b916a88b7513929e26f86b3adea2b3,2,2024-11-04,2024-11-06,2,2,1193.27,3492.0,2342.635,2342.635,4685.27,817.38995,3486.762,2152.075975,2152.075975,4304.15195,4685.27,4685.27,1193.27,4304.15195,4304.15195,817.38995,0.0,3492.0,1746.0,3492.0,3492.0,0.0,1193.27,596.635,1193.27,1193.27,0.0,3486.762,1743.381,3486.762,3486.762,0.0,817.38995,408.694975,817.38995,817.38995
0xcab1cda502a8bab4246173baf54b6be0460bc06f,2,2024-10-31,2024-11-01,1,2,-0.42,0.425,0.0025000000000000022,0.0025000000000000022,0.0050000000000000044,-0.168,0.167875,-6.2500000000007e-05,-6.2500000000007e-05,-0.000125000000000014,0.005,0.425,0.005,-0.000125,0.167875,-0.000125,-0.42,0.425,0.0025000000000000022,0.0050000000000000044,0.005,0.0,0.0,0.0,0.0,0.0,-0.168,0.167875,-6.2500000000007e-05,-0.000125000000000014,-0.000125,0.0,0.0,0.0,0.0,0.0
0x6392bbfaf47f08332a468530421db43e747b6cc3,2,2024-11-18,2024-11-19,1,2,-290.48,290.489794,0.004896999999999707,0.004896999999999707,0.009793999999999414,-254.46048,257.08346769,1.3114938450000153,1.3114938450000153,2.6229876900000306,0.0097939999999994,290.489794,0.0097939999999994,2.622987690000002,257.08346769,2.622987690000002,0.0,0.0,0.0,0.0,0.0,-290.48,290.489794,0.004896999999999707,0.009793999999999414,0.0097939999999994,0.0,0.0,0.0,0.0,0.0,-254.46048,257.08346769,1.3114938450000153,2.6229876900000306,2.622987690000002
0xc56542c004e19b40b3ea7034c93bbd50bda6307f,1,2024-11-30,2024-11-30,0,1,7.049344,7.049344,7.049344,7.049344,7.049344,6.933029824,6.933029824,6.933029824,6.933029824,6.933029824,7.049344,7.049344,7.049344,6.933029824,6.933029824,6.933029824,0.0,0.0,0.0,0.0,0.0,7.049344,7.049344,7.049344,7.049344,7.049344,0.0,0.0,0.0,0.0,0.0,6.933029824,6.933029824,6.933029824,6.933029824,6.933029824
0xb6a13cfb15f5417b0d97151e517b4a9e8c8e70ec,1,2024-11-22,2024-11-22,0,1,24.801979,24.801979,24.801979,24.801979,24.801979,2.6414107634999997,2.6414107634999997,2.6414107634999997,2.6414107634999997,2.6414107634999997,24.801979,24.801979,24.801979,2.6414107634999997,2.6414107634999997,2.6414107634999997,24.801979,24.801979,24.801979,24.801979,24.801979,0.0,0.0,0.0,0.0,0.0,2.6414107634999997,2.6414107634999997,2.6414107634999997,2.6414107634999997,2.6414107634999997,0.0,0.0,0.0,0.0,0.0
0xe0777f51257b9f8cbad9841af627de62b81b612e,1,2024-11-15,2024-11-15,0,1,0.4842,0.4842,0.4842,0.4842,0.4842,0.401886,0.401886,0.401886,0.401886,0.401886,0.4842,0.4842,0.4842,0.401886,0.401886,0.401886,0.4842,0.4842,0.4842,0.4842,0.4842,0.0,0.0,0.0,0.0,0.0,0.401886,0.401886,0.401886,0.401886,0.401886,0.0,0.0,0.0,0.0,0.0
0x34fc1c8bf3537657caca33904318509438c1545a,1,2024-11-27,2024-11-27,0,1,8.14954,8.14954,8.14954,8.14954,8.14954,7.46905341,7.46905341,7.46905341,7.46905341,7.46905341,8.14954,8.14954,8.14954,7.46905341,7.46905341,7.46905341,0.0,0.0,0.0,0.0,0.0,8.14954,8.14954,8.14954,8.14954,8.14954,0.0,0.0,0.0,0.0,0.0,7.46905341,7.46905341,7.46905341,7.46905341,7.46905341
0xd847396cf472f311ddc3d614f45d2921f58b09c1,1,2025-10-14,2025-10-14,0,1,1.136358,1.136358,1.136358,1.136358,1.136358,0.99431325,0.99431325,0.99431325,0.99431325,0.99431325,1.136358,1.136358,1.136358,0.99431325,0.99431325,0.99431325,1.136358,1.136358,1.136358,1.136358,1.136358,0.0,0.0,0.0,0.0,0.0,0.99431325,0.99431325,0.99431325,0.99431325,0.99431325,0.0,0.0,0.0,0.0,0.0
0xcdbfdac42aeac5837d105e255c1131e7bf751926,4,2024-11-08,2025-10-14,340,4,-142.20999999999998,300.0,91.9475,105.0,367.79,-69.3,261.0,45.450825,-4.948350000000001,181.8033,367.79,367.79,67.79000000000002,181.8033,181.8033,-79.19669999999999,-90.0,300.0,52.5,210.0,210.0,-142.20999999999998,300.0,39.447500000000005,157.79000000000002,157.79000000000002,-69.3,261.0,47.925,191.7,191.7,-38.3967,28.5,-2.4741750000000007,-9.896700000000003,-9.896699999999996
0xbacd00c9080a82ded56f504ee8810af732b0ab35,1,2025-10-18,2025-10-18,0,1,300.0,300.0,300.0,300.0,300.0,172.5,172.5,172.5,172.5,172.5,300.0,300.0,300.0,172.5,172.5,172.5,300.0,300.0,300.0,300.0,300.0,0.0,0.0,0.0,0.0,0.0,172.5,172.5,172.5,172.5,172.5,0.0,0.0,0.0,0.0,0.0
0xeb276de2b8c3ac04f0779cf7ac71e27c7d9c4d56,3,2024-11-05,2024-11-18,13,3,9.11111,27.80111,18.166073333333333,17.586,54.49822,5.71545,24.603982350000003,12.338699400000001,6.69666585,37.0160982,54.49822,54.49822,9.11111,37.0160982,37.0160982,6.69666585,0.0,0.0,0.0,0.0,0.0,9.11111,27.80111,18.166073333333333,54.49822,54.49822,0.0,0.0,0.0,0.0,0.0,5.71545,24.603982350000003,12.338699400000001,37.0160982,37.0160982
0xa8b7f8b34185e9cc62c471e1d353595148a3ee3c,7,2024-09-20,2025-11-16,422,8,-100.0,769.7,351.00142857142856,448.86,2457.0099999999998,-0.8500000000000001,222.8661,44.02615000000001,14.1525,308.18305000000004,2457.01,2457.01,555.0,308.18305000000004,308.18305000000004,14.1525,-100.0,769.7,271.8414285714286,1902.8900000000003,1902.8900000000003,-0.88,555.0,79.16,554.12,554.12,-0.8500000000000001,222.8661,42.00863857142857,294.06047,294.06047,-0.02992,14.1525,2.0175114285714284,14.12258,14.12258
0xf3ad4b73e76a03ebebcd7a1c27fe2cd1b864ac69,1,2025-10-28,2025-10-28,0,1,1.0989,1.0989,1.0989,1.0989,1.0989,0.9835155,0.9835155,0.9835155,0.9835155,0.9835155,1.0989,1.0989,1.0989,0.9835155,0.9835155,0.9835155,1.0989,1.0989,1.0989,1.0989,1.0989,0.0,0.0,0.0,0.0,0.0,0.9835155,0.9835155,0.9835155,0.9835155,0.9835155,0.0,0.0,0.0,0.0,0.0
0x17c5744c243791d0b4bedd08665eb1844563e7ee,1,2025-10-15,2025-10-15,0,1,1.08695,1.08695,1.08695,1.08695,1.08695,0.99455925,0.99455925,0.99455925,0.99455925,0.99455925,1.08695,1.08695,1.08695,0.99455925,0.99455925,0.99455925,1.08695,1.08695,1.08695,1.08695,1.08695,0.0,0.0,0.0,0.0,0.0,0.99455925,0.99455925,0.99455925,0.99455925,0.99455925,0.0,0.0,0.0,0.0,0.0
0xdfbc385c02eba0c19eb10c3f21a83e596544b22f,1,2024-10-06,2024-10-06,0,1,0.0031999999999999,0.0031999999999999,0.0031999999999999,0.0031999999999999,0.0031999999999999,0.0031807999999999,0.0031807999999999,0.0031807999999999,0.0031807999999999,0.0031807999999999,0.0031999999999999,0.0031999999999999,0.0031999999999999,0.0031807999999999,0.0031807999999999,0.0031807999999999,0.0,0.0,0.0,0.0,0.0,0.0031999999999999,0.0031999999999999,0.0031999999999999,0.0031999999999999,0.0031999999999999,0.0,0.0,0.0,0.0,0.0,0.0031807999999999,0.0031807999999999,0.0031807999999999,0.0031807999999999,0.0031807999999999
0xdd1b90f903434ba42c0fd3e56b54209449a175d8,2,2024-11-26,2024-11-28,2,2,-58.07,58.072008,0.0010039999999982285,0.0010039999999982285,0.002007999999996457,-56.44404,52.613239248,-1.915400376000001,-1.915400376000001,-3.830800752000002,0.0020079999999964,58.072008,0.0020079999999964,-3.830800752000002,52.613239248,-3.830800752000002,0.0,0.0,0.0,0.0,0.0,-58.07,58.072008,0.0010039999999982285,0.002007999999996457,0.0020079999999964,0.0,0.0,0.0,0.0,0.0,-56.44404,52.613239248,-1.915400376000001,-3.830800752000002,-3.830800752000002
0x956fcf62e065a206e1ad1dcf0740905d4407f960,1,2024-11-29,2024-11-29,0,1,5.055545,5.055545,5.055545,5.055545,5.055545,4.951906327500001,4.951906327500001,4.951906327500001,4.951906327500001,4.951906327500001,5.055545,5.055545,5.055545,4.951906327500001,4.951906327500001,4.951906327500001,0.0,0.0,0.0,0.0,0.0,5.055545,5.055545,5.055545,5.055545,5.055545,0.0,0.0,0.0,0.0,0.0,4.951906327500001,4.951906327500001,4.951906327500001,4.951906327500001,4.951906327500001
0xf8c661c6ed709e86564a172a96be597b5e195b8b,1,2025-10-14,2025-10-14,0,2,0.006601,0.006601,0.006601,0.006601,0.006601,0.0060290699999999,0.0060290699999999,0.0060290699999999,0.0060290699999999,0.0060290699999999,0.006601,0.006601,0.006601,0.0060290699999999,0.0060290699999999,0.0060290699999999,0.002785,0.002785,0.002785,0.002785,0.002785,0.003816,0.003816,0.003816,0.003816,0.003816,0.00242295,0.00242295,0.00242295,0.00242295,0.00242295,0.0036061199999999,0.0036061199999999,0.0036061199999999,0.0036061199999999,0.0036061199999999
0x56ac4f06c203d9dcfb1bc23a0ab06995de35de67,1,2024-11-21,2024-11-21,0,1,0.11001,0.11001,0.11001,0.11001,0.11001,0.050989635,0.050989635,0.050989635,0.050989635,0.050989635,0.11001,0.11001,0.11001,0.050989635,0.050989635,0.050989635,0.11001,0.11001,0.11001,0.11001,0.11001,0.0,0.0,0.0,0.0,0.0,0.050989635,0.050989635,0.050989635,0.050989635,0.050989635,0.0,0.0,0.0,0.0,0.0
0x88a2be4f72306d9bb55ad85c0e448e8fba99e5a2,2,2024-10-30,2024-11-24,25,2,-0.18,0.181817,0.0009085000000000065,0.0009085000000000065,0.001817000000000013,-0.14886,0.11272654,-0.018066729999999996,-0.018066729999999996,-0.03613345999999999,0.001817,0.181817,0.001817,-0.0361334599999999,0.11272654,-0.0361334599999999,0.0,0.0,0.0,0.0,0.0,-0.18,0.181817,0.0009085000000000065,0.001817000000000013,0.001817,0.0,0.0,0.0,0.0,0.0,-0.14886,0.11272654,-0.018066729999999996,-0.03613345999999999,-0.0361334599999999
0x5059e6d6f58c7dd8199eb00d64922681fd85fc11,1,2024-10-03,2024-10-03,0,1,0.001,0.001,0.001,0.001,0.001,0.000994,0.000994,0.000994,0.000994,0.000994,0.001,0.001,0.001,0.000994,0.000994,0.000994,0.0,0.0,0.0,0.0,0.0,0.001,0.001,0.001,0.001,0.001,0.0,0.0,0.0,0.0,0.0,0.000994,0.000994,0.000994,0.000994,0.000994
0x3d90252aad66d7251991d635d70f76c9f23da6f4,1,2024-06-10,2024-06-10,0,1,0.714284,0.714284,0.714284,0.714284,0.714284,0.002499994,0.002499994,0.002499994,0.002499994,0.002499994,0.714284,0.714284,0.714284,0.002499994,0.002499994,0.002499994,0.714284,0.714284,0.714284,0.714284,0.714284,0.0,0.0,0.0,0.0,0.0,0.002499994,0.002499994,0.002499994,0.002499994,0.002499994,0.0,0.0,0.0,0.0,0.0
0x2f5f7eb8c1f441380d34d3c0fe2747fe7f07cf95,2,2024-11-03,2024-11-05,2,2,-77.67,77.671639,0.0008194999999986408,0.0008194999999986408,0.0016389999999972815,-57.08745,52.428356325,-2.329546837499997,-2.329546837499997,-4.659093674999994,0.0016389999999972,77.671639,0.0016389999999972,-4.659093674999994,52.428356325,-4.659093674999994,0.0,0.0,0.0,0.0,0.0,-77.67,77.671639,0.0008194999999986408,0.0016389999999972815,0.0016389999999972,0.0,0.0,0.0,0.0,0.0,-57.08745,52.428356325,-2.329546837499997,-4.659093674999994,-4.659093674999994
0x3a592bd7f16c41f38707e7243ff7803debdc7667,1,2024-06-10,2024-06-10,0,4,15.020118,15.020118,15.020118,15.020118,15.020118,0.042557646,0.042557646,0.042557646,0.042557646,0.042557646,15.020118,15.020118,15.020118,0.042557646,0.042557646,0.042557646,15.020118,15.020118,15.020118,15.020118,15.020118,0.0,0.0,0.0,0.0,0.0,0.042557646,0.042557646,0.042557646,0.042557646,0.042557646,0.0,0.0,0.0,0.0,0.0
0x5a4257a81f1bbc5ef622057f974642b608381510,2,2025-11-03,2025-11-08,5,2,-32.25,32.258057,0.0040285000000004345,0.0040285000000004345,0.008057000000000869,-29.67,29.67741244,0.0037062199999997603,0.0037062199999997603,0.0074124399999995205,0.0080570000000008,32.258057,0.0080570000000008,0.0074124399999995,29.67741244,0.0074124399999995,-32.25,32.258057,0.0040285000000004345,0.008057000000000869,0.0080570000000008,0.0,0.0,0.0,0.0,0.0,-29.67,29.67741244,0.0037062199999997603,0.0074124399999995205,0.0074124399999995,0.0,0.0,0.0,0.0,0.0
0x00cdd33575c5b03729df3df1742d963fd2bb9e15,1,2024-11-24,2024-11-24,0,1,2.040815,2.040815,2.040815,2.040815,2.040815,1.6877540049999995,1.6877540049999995,1.6877540049999995,1.6877540049999995,1.6877540049999995,2.040815,2.040815,2.040815,1.6877540049999995,1.6877540049999995,1.6877540049999995,0.0,0.0,0.0,0.0,0.0,2.040815,2.040815,2.040815,2.040815,2.040815,0.0,0.0,0.0,0.0,0.0,1.6877540049999995,1.6877540049999995,1.6877540049999995,1.6877540049999995,1.6877540049999995
0xdd89e43f24986ae322dcd3f967ef43856e315f53,1,2024-11-30,2024-11-30,0,1,8.056393,8.056393,8.056393,8.056393,8.056393,7.9234625155,7.9234625155,7.9234625155,7.9234625155,7.9234625155,8.056393,8.056393,8.056393,7.9234625155,7.9234625155,7.9234625155,0.0,0.0,0.0,0.0,0.0,8.056393,8.056393,8.056393,8.056393,8.056393,0.0,0.0,0.0,0.0,0.0,7.9234625155,7.9234625155,7.9234625155,7.9234625155,7.9234625155
0x108807360cccbe07e85047bda011b3187554b813,1,2024-06-08,2024-06-08,0,1,96.2,96.2,96.2,96.2,96.2,3.2708000000000004,3.2708000000000004,3.2708000000000004,3.2708000000000004,3.2708000000000004,96.2,96.2,96.2,3.2708000000000004,3.2708000000000004,3.2708000000000004,96.2,96.2,96.2,96.2,96.2,0.0,0.0,0.0,0.0,0.0,3.2708000000000004,3.2708000000000004,3.2708000000000004,3.2708000000000004,3.2708000000000004,0.0,0.0,0.0,0.0,0.0
0x6aea66fcfc849fe3a2a09272498e675bec1a6d28,1,2024-11-24,2024-11-24,0,1,5.102039,5.102039,5.102039,5.102039,5.102039,4.219386253000001,4.219386253000001,4.219386253000001,4.219386253000001,4.219386253000001,5.102039,5.102039,5.102039,4.219386253000001,4.219386253000001,4.219386253000001,0.0,0.0,0.0,0.0,0.0,5.102039,5.102039,5.102039,5.102039,5.102039,0.0,0.0,0.0,0.0,0.0,4.219386253000001,4.219386253000001,4.219386253000001,4.219386253000001,4.219386253000001
0xc0ced36f53cec04ec955f091ed3f8a41e6f5e3aa,1,2025-10-18,2025-10-18,0,3,250.0,250.0,250.0,250.0,250.0,141.1,141.1,141.1,141.1,141.1,250.0,250.0,250.0,141.1,141.1,141.1,250.0,250.0,250.0,250.0,250.0,0.0,0.0,0.0,0.0,0.0,141.1,141.1,141.1,141.1,141.1,0.0,0.0,0.0,0.0,0.0
0x7d0bcf8cd862cec640c38808ca72f613eccf58da,1,2024-11-23,2024-11-23,0,1,8.163264,8.163264,8.163264,8.163264,8.163264,7.995917088000001,7.995917088000001,7.995917088000001,7.995917088000001,7.995917088000001,8.163264,8.163264,8.163264,7.995917088000001,7.995917088000001,7.995917088000001,0.0,0.0,0.0,0.0,0.0,8.163264,8.163264,8.163264,8.163264,8.163264,0.0,0.0,0.0,0.0,0.0,7.995917088000001,7.995917088000001,7.995917088000001,7.995917088000001,7.995917088000001
0x5807b55cbfca2b22605bfa209f63eadc3e4c123c,1,2024-11-25,2024-11-25,0,1,1.028785,1.028785,1.028785,1.028785,1.028785,0.91356108,0.91356108,0.91356108,0.91356108,0.91356108,1.028785,1.028785,1.028785,0.91356108,0.91356108,0.91356108,0.0,0.0,0.0,0.0,0.0,1.028785,1.028785,1.028785,1.028785,1.028785,0.0,0.0,0.0,0.0,0.0,0.91356108,0.91356108,0.91356108,0.91356108,0.91356108
0xb09e6b3b1827c1b2744cb17e1ab0e36b67dd0e53,1,2025-11-02,2025-11-02,0,1,0.0097700000000031,0.0097700000000031,0.0097700000000031,0.0097700000000031,0.0097700000000031,0.0086953000000027,0.0086953000000027,0.0086953000000027,0.0086953000000027,0.0086953000000027,0.0097700000000031,0.0097700000000031,0.0097700000000031,0.0086953000000027,0.0086953000000027,0.0086953000000027,0.0097700000000031,0.0097700000000031,0.0097700000000031,0.0097700000000031,0.0097700000000031,0.0,0.0,0.0,0.0,0.0,0.0086953000000027,0.0086953000000027,0.0086953000000027,0.0086953000000027,0.0086953000000027,0.0,0.0,0.0,0.0,0.0
0xdd8e67a862bd81067891ad41e86e9673229ef023,1,2024-06-06,2024-06-06,0,1,175.222221,175.222221,175.222221,175.222221,175.222221,14.893888785,14.893888785,14.893888785,14.893888785,14.893888785,175.222221,175.222221,175.222221,14.893888785,14.893888785,14.893888785,175.222221,175.222221,175.222221,175.222221,175.222221,0.0,0.0,0.0,0.0,0.0,14.893888785,14.893888785,14.893888785,14.893888785,14.893888785,0.0,0.0,0.0,0.0,0.0
0x169ec69b2d0bc6fb5bd7ab414218092f849cde26,4,2024-11-18,2024-11-24,6,4,-167.677881,254.71000000000004,20.303029750000007,-2.91,81.21211900000003,-121.0854844395,225.41835000000003,16.774306390125005,-18.617820000000002,67.09722556050002,81.21211900000003,299.71000000000004,81.21211900000003,67.09722556050002,230.21085,67.09722556050002,-45.0,45.0,0.0,0.0,0.0,-122.677881,254.71000000000004,20.303029750000007,81.21211900000003,81.21211900000003,-0.9225,4.7924999999999995,0.9674999999999999,3.8699999999999997,3.87,-120.1629844395,225.41835000000003,15.80680639012501,63.22722556050004,63.227225560500024
0x0cddd96374f8ac1110b68a016206c7252c7e9b4f,2,2024-11-10,2024-11-20,10,2,-25.64,25.641024,0.000512000000000512,0.000512000000000512,0.001024000000001024,-2.84604,18.71794752,7.935953759999999,7.935953759999999,15.871907519999999,0.001024000000001,25.641024,0.001024000000001,15.87190752,18.71794752,15.87190752,-25.64,25.641024,0.000512000000000512,0.001024000000001024,0.001024000000001,0.0,0.0,0.0,0.0,0.0,-2.84604,18.71794752,7.935953759999999,15.871907519999999,15.87190752,0.0,0.0,0.0,0.0,0.0
0xa2f60b5403a69feacfb13c71aa06d602f54f41b1,1,2024-10-07,2024-10-07,0,1,0.0,0.0,0.0,0.0,0.0,0.0,0.0,0.0,0.0,0.0,0.0,0.0,0.0,0.0,0.0,0.0,0.0,0.0,0.0,0.0,0.0,0.0,0.0,0.0,0.0,0.0,0.0,0.0,0.0,0.0,0.0,0.0,0.0,0.0,0.0,0.0
0x995b126e67613c43ef75d9af858950dae02dca9d,1,2024-11-23,2024-11-23,0,1,8.163264,8.163264,8.163264,8.163264,8.163264,7.995917088000001,7.995917088000001,7.995917088000001,7.995917088000001,7.995917088000001,8.163264,8.163264,8.163264,7.995917088000001,7.995917088000001,7.995917088000001,0.0,0.0,0.0,0.0,0.0,8.163264,8.163264,8.163264,8.163264,8.163264,0.0,0.0,0.0,0.0,0.0,7.995917088000001,7.995917088000001,7.995917088000001,7.995917088000001,7.995917088000001
0xfe79c56646b880dbbf78549f5a78f700d3d3e817,1,2024-11-03,2024-11-03,0,1,0.0058810000000004,0.0058810000000004,0.0058810000000004,0.0058810000000004,0.0058810000000004,0.0019113250000001,0.0019113250000001,0.0019113250000001,0.0019113250000001,0.0019113250000001,0.0058810000000004,0.0058810000000004,0.0058810000000004,0.0019113250000001,0.0019113250000001,0.0019113250000001,0.0058810000000004,0.0058810000000004,0.0058810000000004,0.0058810000000004,0.0058810000000004,0.0,0.0,0.0,0.0,0.0,0.0019113250000001,0.0019113250000001,0.0019113250000001,0.0019113250000001,0.0019113250000001,0.0,0.0,0.0,0.0,0.0
0xd257481a744ef7f44f68618834117a58c551ffdc,2,2024-11-03,2024-11-06,3,4,1725.65,1882.27,1803.96,1803.96,3607.92,1155.135225,1719.3399250000002,1437.237575,1437.237575,2874.47515,3607.92,3607.92,1882.27,2874.47515,2874.47515,1155.135225,692.47,1260.45,976.46,1952.92,1952.92,465.2,1189.8,827.5,1655.0,1655.0,5.193525,1258.5593250000002,631.876425,1263.75285,1263.75285,460.7806,1149.9417,805.3611500000001,1610.7223000000001,1610.7223
0xe50b63086d0015f04478ce3266c913b96c9a8bde,1,2025-10-18,2025-10-18,0,2,2425.12,2425.12,2425.12,2425.12,2425.12,1136.9288,1136.9288,1136.9288,1136.9288,1136.9288,2425.12,2425.12,2425.12,1136.9288,1136.9288,1136.9288,2425.12,2425.12,2425.12,2425.12,2425.12,0.0,0.0,0.0,0.0,0.0,1136.9288,1136.9288,1136.9288,1136.9288,1136.9288,0.0,0.0,0.0,0.0,0.0
0xbf06dba9d8de2ea968633951fc1713fc77456653,1,2024-10-30,2024-10-30,0,1,0.512819,0.512819,0.512819,0.512819,0.512819,0.19487122,0.19487122,0.19487122,0.19487122,0.19487122,0.512819,0.512819,0.512819,0.19487122,0.19487122,0.19487122,0.512819,0.512819,0.512819,0.512819,0.512819,0.0,0.0,0.0,0.0,0.0,0.19487122,0.19487122,0.19487122,0.19487122,0.19487122,0.0,0.0,0.0,0.0,0.0
0x99fb3a7c3e58b0f2a38a45203c3a1b81bf9298cc,2,2024-11-14,2024-11-28,14,2,6.042295,8.988763,7.515529000000001,7.515529000000001,15.031058000000002,5.87311074,7.505617105,6.6893639225,6.6893639225,13.378727845,15.031058000000002,15.031058000000002,8.988763,13.378727845,13.378727845,7.505617105,0.0,8.988763,4.4943815,8.988763,8.988763,0.0,6.042295,3.0211475,6.042295,6.042295,0.0,7.505617105,3.7528085525,7.505617105,7.505617105,0.0,5.87311074,2.93655537,5.87311074,5.87311074
0xba696ec4070871b964595859e668e65c52e141f9,1,2024-11-24,2024-11-24,0,1,0.0009889999999987,0.0009889999999987,0.0009889999999987,0.0009889999999987,0.0009889999999987,0.0001710969999997,0.0001710969999997,0.0001710969999997,0.0001710969999997,0.0001710969999997,0.0009889999999987,0.0009889999999987,0.0009889999999987,0.0001710969999997,0.0001710969999997,0.0001710969999997,0.0009889999999987,0.0009889999999987,0.0009889999999987,0.0009889999999987,0.0009889999999987,0.0,0.0,0.0,0.0,0.0,0.0001710969999997,0.0001710969999997,0.0001710969999997,0.0001710969999997,0.0001710969999997,0.0,0.0,0.0,0.0,0.0
0x75e5976b97be633dc51bc54a6e046d65d63c78e4,1,2025-10-15,2025-10-15,0,1,1.11111,1.11111,1.11111,1.11111,1.11111,0.99444345,0.99444345,0.99444345,0.99444345,0.99444345,1.11111,1.11111,1.11111,0.99444345,0.99444345,0.99444345,1.11111,1.11111,1.11111,1.11111,1.11111,0.0,0.0,0.0,0.0,0.0,0.99444345,0.99444345,0.99444345,0.99444345,0.99444345,0.0,0.0,0.0,0.0,0.0
0xffb30b16a7255c4633700457e12459b62f8dad95,1,2024-10-30,2024-10-30,0,1,5.0,5.0,5.0,5.0,5.0,3.1,3.1,3.1,3.1,3.1,5.0,5.0,5.0,3.1,3.1,3.1,0.0,0.0,0.0,0.0,0.0,5.0,5.0,5.0,5.0,5.0,0.0,0.0,0.0,0.0,0.0,3.1,3.1,3.1,3.1,3.1
0xddcdb469ed2f316e1257c1472ced038f7e88e11b,1,2024-10-29,2024-10-29,0,1,0.0043199999999999,0.0043199999999999,0.0043199999999999,0.0043199999999999,0.0043199999999999,0.0041795999999999,0.0041795999999999,0.0041795999999999,0.0041795999999999,0.0041795999999999,0.0043199999999999,0.0043199999999999,0.0043199999999999,0.0041795999999999,0.0041795999999999,0.0041795999999999,0.0043199999999999,0.0043199999999999,0.0043199999999999,0.0043199999999999,0.0043199999999999,0.0,0.0,0.0,0.0,0.0,0.0041795999999999,0.0041795999999999,0.0041795999999999,0.0041795999999999,0.0041795999999999,0.0,0.0,0.0,0.0,0.0
0xedaaf3465aa8ab06392d3d2d3b7a641fe12d2f33,2,2024-11-05,2024-11-09,4,2,-666.66,666.666665,0.0033324999999990723,0.0033324999999990723,0.006664999999998145,-449.9955,176.666666225,-136.6644168875,-136.6644168875,-273.328833775,0.0066649999999981,666.666665,0.0066649999999981,-273.328833775,176.666666225,-273.328833775,-666.66,666.666665,0.0033324999999990723,0.006664999999998145,0.0066649999999981,0.0,0.0,0.0,0.0,0.0,-449.9955,176.666666225,-136.6644168875,-273.328833775,-273.328833775,0.0,0.0,0.0,0.0,0.0
0xb5f848eade5feec03059f46535bccc0d641b6503,1,2024-11-15,2024-11-15,0,1,4.984698,4.984698,4.984698,4.984698,4.984698,4.137299339999999,4.137299339999999,4.137299339999999,4.137299339999999,4.137299339999999,4.984698,4.984698,4.984698,4.137299339999999,4.137299339999999,4.137299339999999,4.984698,4.984698,4.984698,4.984698,4.984698,0.0,0.0,0.0,0.0,0.0,4.137299339999999,4.137299339999999,4.137299339999999,4.137299339999999,4.137299339999999,0.0,0.0,0.0,0.0,0.0
0x993c072519306017fe9a6b3ee6fa4a02b3056787,4,2025-10-14,2025-11-02,19,11,-200.0,40.0,-42.5,-5.0,-170.0,-115.0,18.5,-47.062500000000014,-45.87500000000002,-188.25000000000006,-170.0,30.0,-170.0,-188.25,18.5,-188.25,0.0,70.0,17.5,70.0,70.0,-200.0,40.0,-60.0,-240.0,-240.0,-4.350000000000019,0.0,-1.0875000000000048,-4.350000000000019,-4.350000000000019,-115.0,18.5,-45.975,-183.9,-183.9
0x75e9152adc7e91fa86187d3e32aa0ecea36adc55,1,2024-10-17,2024-10-17,0,1,0.0026469999999998,0.0026469999999998,0.0026469999999998,0.0026469999999998,0.0026469999999998,0.0025781779999998,0.0025781779999998,0.0025781779999998,0.0025781779999998,0.0025781779999998,0.0026469999999998,0.0026469999999998,0.0026469999999998,0.0025781779999998,0.0025781779999998,0.0025781779999998,0.0,0.0,0.0,0.0,0.0,0.0026469999999998,0.0026469999999998,0.0026469999999998,0.0026469999999998,0.0026469999999998,0.0,0.0,0.0,0.0,0.0,0.0025781779999998,0.0025781779999998,0.0025781779999998,0.0025781779999998,0.0025781779999998
0x4ec929e3e7e0e5a1d525029c2d8f8dc6af962f9b,1,2024-11-01,2024-11-01,0,1,1.4,1.4,1.4,1.4,1.4,0.5599999999999999,0.5599999999999999,0.5599999999999999,0.5599999999999999,0.5599999999999999,1.4,1.4,1.4,0.5599999999999999,0.5599999999999999,0.5599999999999999,1.4,1.4,1.4,1.4,1.4,0.0,0.0,0.0,0.0,0.0,0.5599999999999999,0.5599999999999999,0.5599999999999999,0.5599999999999999,0.5599999999999999,0.0,0.0,0.0,0.0,0.0
0xe056e5ef2528080cf689c16e7b8bc594a4bd7891,1,2024-11-01,2024-11-01,0,1,0.0059000000000111,0.0059000000000111,0.0059000000000111,0.0059000000000111,0.0059000000000111,0.0035400000000066,0.0035400000000066,0.0035400000000066,0.0035400000000066,0.0035400000000066,0.0059000000000111,0.0059000000000111,0.0059000000000111,0.0035400000000066,0.0035400000000066,0.0035400000000066,0.0,0.0,0.0,0.0,0.0,0.0059000000000111,0.0059000000000111,0.0059000000000111,0.0059000000000111,0.0059000000000111,0.0,0.0,0.0,0.0,0.0,0.0035400000000066,0.0035400000000066,0.0035400000000066,0.0035400000000066,0.0035400000000066
0x0e6326ff89217fc947c3735db2049f80c7b960cf,1,2024-11-23,2024-11-23,0,1,9.18367,9.18367,9.18367,9.18367,9.18367,8.995404765,8.995404765,8.995404765,8.995404765,8.995404765,9.18367,9.18367,9.18367,8.995404765,8.995404765,8.995404765,0.0,0.0,0.0,0.0,0.0,9.18367,9.18367,9.18367,9.18367,9.18367,0.0,0.0,0.0,0.0,0.0,8.995404765,8.995404765,8.995404765,8.995404765,8.995404765
0x740e31b86f3914aa134340cfed89bdba0eecfff3,1,2024-11-01,2024-11-01,0,1,250.0,250.0,250.0,250.0,250.0,100.0,100.0,100.0,100.0,100.0,250.0,250.0,250.0,100.0,100.0,100.0,250.0,250.0,250.0,250.0,250.0,0.0,0.0,0.0,0.0,0.0,100.0,100.0,100.0,100.0,100.0,0.0,0.0,0.0,0.0,0.0
0xb88ba12ddefbd6c0aa2c8b4453aaf380c1ddd462,1,2024-06-05,2024-06-05,0,3,-15.0,-15.0,-15.0,-15.0,-15.0,-5.075,-5.075,-5.075,-5.075,-5.075,-15.0,-15.0,-15.0,-5.075,-5.075,-5.075,-15.0,-15.0,-15.0,-15.0,-15.0,0.0,0.0,0.0,0.0,0.0,-5.075,-5.075,-5.075,-5.075,-5.075,0.0,0.0,0.0,0.0,0.0
0x2f3beca7f698c2734726420ae994c9fe86c20b43,2,2024-11-23,2024-11-25,2,2,-35.78,35.785713,0.0028565000000000396,0.0028565000000000396,0.005713000000000079,-4.00736,0.7336071165000001,-1.6368764417500001,-1.6368764417500001,-3.2737528835000003,0.005713,35.785713,0.005713,-3.2737528835000003,0.7336071165000001,-3.2737528835000003,-35.78,35.785713,0.0028565000000000396,0.005713000000000079,0.005713,0.0,0.0,0.0,0.0,0.0,-4.00736,0.7336071165000001,-1.6368764417500001,-3.2737528835000003,-3.2737528835000003,0.0,0.0,0.0,0.0,0.0
0x5ca2b7b2b170acc531a76fcd65175f0a5b642014,1,2025-11-10,2025-11-10,0,1,1.11111,1.11111,1.11111,1.11111,1.11111,0.99444345,0.99444345,0.99444345,0.99444345,0.99444345,1.11111,1.11111,1.11111,0.99444345,0.99444345,0.99444345,1.11111,1.11111,1.11111,1.11111,1.11111,0.0,0.0,0.0,0.0,0.0,0.99444345,0.99444345,0.99444345,0.99444345,0.99444345,0.0,0.0,0.0,0.0,0.0
0xe1b827c27822073e1dd0bb88f55368ace70602d3,1,2024-11-15,2024-11-15,0,1,1.162789,1.162789,1.162789,1.162789,1.162789,0.96511487,0.96511487,0.96511487,0.96511487,0.96511487,1.162789,1.162789,1.162789,0.96511487,0.96511487,0.96511487,1.162789,1.162789,1.162789,1.162789,1.162789,0.0,0.0,0.0,0.0,0.0,0.96511487,0.96511487,0.96511487,0.96511487,0.96511487,0.0,0.0,0.0,0.0,0.0
0x48d5b701d9e712c0c92699ecce42be542181016a,2,2024-06-06,2024-06-10,4,2,1.0,23.076922,12.038461,12.038461,24.076922,0.095,0.2076922979999999,0.15134614899999993,0.15134614899999993,0.30269229799999986,24.076922,24.076922,1.0,0.3026922979999999,0.3026922979999999,0.095,0.0,0.0,0.0,0.0,0.0,1.0,23.076922,12.038461,24.076922,24.076922,0.0,0.0,0.0,0.0,0.0,0.095,0.2076922979999999,0.15134614899999993,0.30269229799999986,0.3026922979999999
0x947de9b555a129151e315fc1d05fdbe294edb064,1,2024-11-15,2024-11-15,0,1,0.2,0.2,0.2,0.2,0.2,0.166,0.166,0.166,0.166,0.166,0.2,0.2,0.2,0.166,0.166,0.166,0.2,0.2,0.2,0.2,0.2,0.0,0.0,0.0,0.0,0.0,0.166,0.166,0.166,0.166,0.166,0.0,0.0,0.0,0.0,0.0
0x74376f595cf3d22254fc4ca35154a206132ddefa,1,2024-06-08,2024-06-08,0,1,372.014,372.014,372.014,372.014,372.014,3.534133,3.534133,3.534133,3.534133,3.534133,372.014,372.014,372.014,3.534133,3.534133,3.534133,372.014,372.014,372.014,372.014,372.014,0.0,0.0,0.0,0.0,0.0,3.534133,3.534133,3.534133,3.534133,3.534133,0.0,0.0,0.0,0.0,0.0
0x7b4eba5267c9d2ec1d971a606b641510deeb2c08,1,2024-11-03,2024-11-03,0,1,0.0035279999999993,0.0035279999999993,0.0035279999999993,0.0035279999999993,0.0035279999999993,0.0011465999999997,0.0011465999999997,0.0011465999999997,0.0011465999999997,0.0011465999999997,0.0035279999999993,0.0035279999999993,0.0035279999999993,0.0011465999999997,0.0011465999999997,0.0011465999999997,0.0035279999999993,0.0035279999999993,0.0035279999999993,0.0035279999999993,0.0035279999999993,0.0,0.0,0.0,0.0,0.0,0.0011465999999997,0.0011465999999997,0.0011465999999997,0.0011465999999997,0.0011465999999997,0.0,0.0,0.0,0.0,0.0
0x59fe71f7f85910939a4106aef3146f8b538782cf,1,2024-12-01,2024-12-01,0,1,6.042295,6.042295,6.042295,6.042295,6.042295,5.948639427500001,5.948639427500001,5.948639427500001,5.948639427500001,5.948639427500001,6.042295,6.042295,6.042295,5.948639427500001,5.948639427500001,5.948639427500001,0.0,0.0,0.0,0.0,0.0,6.042295,6.042295,6.042295,6.042295,6.042295,0.0,0.0,0.0,0.0,0.0,5.948639427500001,5.948639427500001,5.948639427500001,5.948639427500001,5.948639427500001
0x4f2ba33b080882c0f6b296f48cfd07b6c326f448,3,2024-10-29,2024-11-06,8,7,20.46,4141.32,1548.5933333333332,484.0,4645.78,20.076375,2652.0316199999997,1050.5033316666666,479.402,3151.509995,4645.78,4645.78,20.46,3151.509995,3151.509995,20.076375,0.0,0.0,0.0,0.0,0.0,20.46,4141.32,1548.5933333333332,4645.78,4645.78,0.0,0.0,0.0,0.0,0.0,20.076375,2652.0316199999997,1050.5033316666666,3151.509995,3151.509995
0xa751b9874f21537a71538d063afb60d9ff7caf42,1,2024-11-22,2024-11-22,0,1,0.10438,0.10438,0.10438,0.10438,0.10438,0.09326353,0.09326353,0.09326353,0.09326353,0.09326353,0.10438,0.10438,0.10438,0.09326353,0.09326353,0.09326353,0.0,0.0,0.0,0.0,0.0,0.10438,0.10438,0.10438,0.10438,0.10438,0.0,0.0,0.0,0.0,0.0,0.09326353,0.09326353,0.09326353,0.09326353,0.09326353
0x248c2de51456871f7229575d0d63042786537618,1,2024-11-09,2024-11-09,0,1,11.470587,11.470587,11.470587,11.470587,11.470587,3.727940775,3.727940775,3.727940775,3.727940775,3.727940775,11.470587,11.470587,11.470587,3.727940775,3.727940775,3.727940775,0.0,0.0,0.0,0.0,0.0,11.470587,11.470587,11.470587,11.470587,11.470587,0.0,0.0,0.0,0.0,0.0,3.727940775,3.727940775,3.727940775,3.727940775,3.727940775
0x16e7bbb677bc8d9830ec53536ccd97cb252cd34b,1,2025-10-18,2025-10-18,0,1,1.244666,1.244666,1.244666,1.244666,1.244666,1.16376271,1.16376271,1.16376271,1.16376271,1.16376271,1.244666,1.244666,1.244666,1.16376271,1.16376271,1.16376271,0.0,0.0,0.0,0.0,0.0,1.244666,1.244666,1.244666,1.244666,1.244666,0.0,0.0,0.0,0.0,0.0,1.16376271,1.16376271,1.16376271,1.16376271,1.16376271
0x658533801c6ea6cb30ccffda69a9078d6e02fca4,1,2025-10-27,2025-10-27,0,2,2.174926,2.174926,2.174926,2.174926,2.174926,1.98355586,1.98355586,1.98355586,1.98355586,1.98355586,2.174926,2.174926,2.174926,1.98355586,1.98355586,1.98355586,2.174926,2.174926,2.174926,2.174926,2.174926,0.0,0.0,0.0,0.0,0.0,1.98355586,1.98355586,1.98355586,1.98355586,1.98355586,0.0,0.0,0.0,0.0,0.0
0x38c09bc243e6022d451ad357a5f7a3afc5423a02,1,2024-11-03,2024-11-03,0,1,0.0055209999999998,0.0055209999999998,0.0055209999999998,0.0055209999999998,0.0055209999999998,0.0037266749999998,0.0037266749999998,0.0037266749999998,0.0037266749999998,0.0037266749999998,0.0055209999999998,0.0055209999999998,0.0055209999999998,0.0037266749999998,0.0037266749999998,0.0037266749999998,0.0,0.0,0.0,0.0,0.0,0.0055209999999998,0.0055209999999998,0.0055209999999998,0.0055209999999998,0.0055209999999998,0.0,0.0,0.0,0.0,0.0,0.0037266749999998,0.0037266749999998,0.0037266749999998,0.0037266749999998,0.0037266749999998
0x53846989acd2be45404878227fd93ebc51c87408,1,2025-11-09,2025-11-09,0,1,47.5125,47.5125,47.5125,47.5125,47.5125,14.0161875,14.0161875,14.0161875,14.0161875,14.0161875,47.5125,47.5125,47.5125,14.0161875,14.0161875,14.0161875,47.5125,47.5125,47.5125,47.5125,47.5125,0.0,0.0,0.0,0.0,0.0,14.0161875,14.0161875,14.0161875,14.0161875,14.0161875,0.0,0.0,0.0,0.0,0.0
0xe91b7a18d9378cfdaacea61d79da217f97016f22,1,2024-11-16,2024-11-16,0,1,0.252744,0.252744,0.252744,0.252744,0.252744,0.1453278,0.1453278,0.1453278,0.1453278,0.1453278,0.252744,0.252744,0.252744,0.1453278,0.1453278,0.1453278,0.252744,0.252744,0.252744,0.252744,0.252744,0.0,0.0,0.0,0.0,0.0,0.1453278,0.1453278,0.1453278,0.1453278,0.1453278,0.0,0.0,0.0,0.0,0.0
0x4bbae79bb5e1b83e32cbe044ea99bed8512ed81f,2,2024-09-22,2024-09-24,2,2,-1263.75,1263.75,0.0,0.0,0.0,-23.379375,31.59375,4.1071875,4.1071875,8.214375,0.0,1263.75,0.0,8.214375,31.59375,8.214375,-1263.75,1263.75,0.0,0.0,0.0,0.0,0.0,0.0,0.0,0.0,-23.379375,31.59375,4.1071875,8.214375,8.214375,0.0,0.0,0.0,0.0,0.0
0xd18e85a5d8cafef0b93e85f608cfd5a3495b359b,1,2024-11-11,2024-11-11,0,1,20.0,20.0,20.0,20.0,20.0,4.6000000000000005,4.6000000000000005,4.6000000000000005,4.6000000000000005,4.6000000000000005,20.0,20.0,20.0,4.6000000000000005,4.6000000000000005,4.6000000000000005,0.0,0.0,0.0,0.0,0.0,20.0,20.0,20.0,20.0,20.0,0.0,0.0,0.0,0.0,0.0,4.6000000000000005,4.6000000000000005,4.6000000000000005,4.6000000000000005,4.6000000000000005
0x8df901e9eaf479f72fb61e97c798575117576019,1,2024-10-27,2024-10-27,0,1,0.0013329999999999,0.0013329999999999,0.0013329999999999,0.0013329999999999,0.0013329999999999,0.0013256684999999,0.0013256684999999,0.0013256684999999,0.0013256684999999,0.0013256684999999,0.0013329999999999,0.0013329999999999,0.0013329999999999,0.0013256684999999,0.0013256684999999,0.0013256684999999,0.0,0.0,0.0,0.0,0.0,0.0013329999999999,0.0013329999999999,0.0013329999999999,0.0013329999999999,0.0013329999999999,0.0,0.0,0.0,0.0,0.0,0.0013256684999999,0.0013256684999999,0.0013256684999999,0.0013256684999999,0.0013256684999999
0xd1c23307b19833235e7f69aa04e720d4cf0dcda1,2,2024-10-30,2024-11-12,13,2,-1.44,1.449274,0.004637000000000002,0.004637000000000002,0.009274000000000004,-0.2448,0.8985498799999999,0.32687493999999995,0.32687493999999995,0.6537498799999999,0.009274,1.449274,0.009274,0.6537498799999999,0.8985498799999999,0.6537498799999999,0.0,0.0,0.0,0.0,0.0,-1.44,1.449274,0.004637000000000002,0.009274000000000004,0.009274,0.0,0.0,0.0,0.0,0.0,-0.2448,0.8985498799999999,0.32687493999999995,0.6537498799999999,0.6537498799999999
0xb4137ebbf7183d6853275841ddb0b31352f2183c,2,2024-11-18,2024-11-28,10,2,-8.34,8.34841,0.004204999999999792,0.004204999999999792,0.008409999999999584,-8.10648,7.38186715,-0.3623064249999999,-0.3623064249999999,-0.7246128499999998,0.0084099999999995,8.34841,0.0084099999999995,-0.7246128499999998,7.38186715,-0.7246128499999998,0.0,0.0084099999999995,0.00420499999999975,0.0084099999999995,0.0084099999999995,-8.34,8.34,0.0,0.0,0.0,0.0,0.0009671499999999,0.00048357499999995,0.0009671499999999,0.0009671499999999,-8.10648,7.3809,-0.36278999999999995,-0.7255799999999999,-0.7255799999999999
0xa2e0bbafc6bd01ffe60313602c8d3ab328e9cd34,1,2024-11-29,2024-11-29,0,1,9.092867,9.092867,9.092867,9.092867,9.092867,8.9064632265,8.9064632265,8.9064632265,8.9064632265,8.9064632265,9.092867,9.092867,9.092867,8.9064632265,8.9064632265,8.9064632265,0.0,0.0,0.0,0.0,0.0,9.092867,9.092867,9.092867,9.092867,9.092867,0.0,0.0,0.0,0.0,0.0,8.9064632265,8.9064632265,8.9064632265,8.9064632265,8.9064632265
0xe04a502eb52ddf3c4059b944a8bd259b28d7526e,1,2024-06-08,2024-06-08,0,1,3.529406,3.529406,3.529406,3.529406,3.529406,3.0705832199999996,3.0705832199999996,3.0705832199999996,3.0705832199999996,3.0705832199999996,3.529406,3.529406,3.529406,3.0705832199999996,3.0705832199999996,3.0705832199999996,3.529406,3.529406,3.529406,3.529406,3.529406,0.0,0.0,0.0,0.0,0.0,3.0705832199999996,3.0705832199999996,3.0705832199999996,3.0705832199999996,3.0705832199999996,0.0,0.0,0.0,0.0,0.0
0xb3ff683d452c474ad270e90e0c4950a5e6bec907,1,2024-11-07,2024-11-07,0,1,122.738093,122.738093,122.738093,122.738093,122.738093,114.14642649,114.14642649,114.14642649,114.14642649,114.14642649,122.738093,122.738093,122.738093,114.14642649,114.14642649,114.14642649,122.738093,122.738093,122.738093,122.738093,122.738093,0.0,0.0,0.0,0.0,0.0,114.14642649,114.14642649,114.14642649,114.14642649,114.14642649,0.0,0.0,0.0,0.0,0.0
0x3c3aa4886e8e2568ee13f10359eb2d73d29e1e25,1,2024-06-10,2024-06-10,0,4,15.010019,15.010019,15.010019,15.010019,15.010019,0.032488943,0.032488943,0.032488943,0.032488943,0.032488943,15.010019,15.010019,15.010019,0.032488943,0.032488943,0.032488943,15.010019,15.010019,15.010019,15.010019,15.010019,0.0,0.0,0.0,0.0,0.0,0.032488943,0.032488943,0.032488943,0.032488943,0.032488943,0.0,0.0,0.0,0.0,0.0
0x99ee67855c8ec4025bd71d5fc0c8d91238bddbaf,1,2024-10-26,2024-10-26,0,1,0.007197,0.007197,0.007197,0.007197,0.007197,0.0069918855,0.0069918855,0.0069918855,0.0069918855,0.0069918855,0.007197,0.007197,0.007197,0.0069918855,0.0069918855,0.0069918855,0.007197,0.007197,0.007197,0.007197,0.007197,0.0,0.0,0.0,0.0,0.0,0.0069918855,0.0069918855,0.0069918855,0.0069918855,0.0069918855,0.0,0.0,0.0,0.0,0.0
0xad703ba9fa7af1447bfcfe22522d052df64f4ccf,1,2024-11-06,2024-11-06,0,1,10.0,10.0,10.0,10.0,10.0,0.5,0.5,0.5,0.5,0.5,10.0,10.0,10.0,0.5,0.5,0.5,0.0,0.0,0.0,0.0,0.0,10.0,10.0,10.0,10.0,10.0,0.0,0.0,0.0,0.0,0.0,0.5,0.5,0.5,0.5,0.5
0xe85936bd371fdedc9190d3da255fa943fd3e9645,1,2025-11-04,2025-11-04,0,1,5.555554,5.555554,5.555554,5.555554,5.555554,5.02777637,5.02777637,5.02777637,5.02777637,5.02777637,5.555554,5.555554,5.555554,5.02777637,5.02777637,5.02777637,5.555554,5.555554,5.555554,5.555554,5.555554,0.0,0.0,0.0,0.0,0.0,5.02777637,5.02777637,5.02777637,5.02777637,5.02777637,0.0,0.0,0.0,0.0,0.0
0x3b2d9f45d00574e20fd1380d4acb5ca282395285,1,2024-06-11,2024-06-11,0,1,0.0061999999999997,0.0061999999999997,0.0061999999999997,0.0061999999999997,0.0061999999999997,0.0061627999999997,0.0061627999999997,0.0061627999999997,0.0061627999999997,0.0061627999999997,0.0061999999999997,0.0061999999999997,0.0061999999999997,0.0061627999999997,0.0061627999999997,0.0061627999999997,0.0061999999999997,0.0061999999999997,0.0061999999999997,0.0061999999999997,0.0061999999999997,0.0,0.0,0.0,0.0,0.0,0.0061627999999997,0.0061627999999997,0.0061627999999997,0.0061627999999997,0.0061627999999997,0.0,0.0,0.0,0.0,0.0
0x34bcacb9336cd54fd5b39a47008e4f53e742ee38,1,2024-11-03,2024-11-03,0,1,0.0005959999999998,0.0005959999999998,0.0005959999999998,0.0005959999999998,0.0005959999999998,0.0004022999999998,0.0004022999999998,0.0004022999999998,0.0004022999999998,0.0004022999999998,0.0005959999999998,0.0005959999999998,0.0005959999999998,0.0004022999999998,0.0004022999999998,0.0004022999999998,0.0,0.0,0.0,0.0,0.0,0.0005959999999998,0.0005959999999998,0.0005959999999998,0.0005959999999998,0.0005959999999998,0.0,0.0,0.0,0.0,0.0,0.0004022999999998,0.0004022999999998,0.0004022999999998,0.0004022999999998,0.0004022999999998
0x4349517012c249f2fee55c9a74d74d961621cfe5,1,2024-11-15,2024-11-15,0,1,29.032257,29.032257,29.032257,29.032257,29.032257,24.09677331,24.09677331,24.09677331,24.09677331,24.09677331,29.032257,29.032257,29.032257,24.09677331,24.09677331,24.09677331,29.032257,29.032257,29.032257,29.032257,29.032257,0.0,0.0,0.0,0.0,0.0,24.09677331,24.09677331,24.09677331,24.09677331,24.09677331,0.0,0.0,0.0,0.0,0.0
0xfe175c90c4152392978fa402ed871657881298e9,1,2024-06-18,2024-06-18,0,1,22.0,22.0,22.0,22.0,22.0,21.736,21.736,21.736,21.736,21.736,22.0,22.0,22.0,21.736,21.736,21.736,22.0,22.0,22.0,22.0,22.0,0.0,0.0,0.0,0.0,0.0,21.736,21.736,21.736,21.736,21.736,0.0,0.0,0.0,0.0,0.0
0x448861155279dbf833d041b963e3ac854599e319,2,2024-10-30,2024-11-05,6,2,317.37,2555.15,1436.26,1436.26,2872.52,120.6006,677.1147500000001,398.85767500000003,398.85767500000003,797.7153500000001,2872.52,2872.52,317.37,797.7153500000001,797.7153500000001,120.6006,317.37,2555.15,1436.26,2872.52,2872.52,0.0,0.0,0.0,0.0,0.0,120.6006,677.1147500000001,398.85767500000003,797.7153500000001,797.7153500000001,0.0,0.0,0.0,0.0,0.0
0x734e0e784c5c5a9ce0b8ed790c7524e2c094fe31,1,2024-10-07,2024-10-07,0,1,0.0024639999999999,0.0024639999999999,0.0024639999999999,0.0024639999999999,0.0024639999999999,0.0023888479999999,0.0023888479999999,0.0023888479999999,0.0023888479999999,0.0023888479999999,0.0024639999999999,0.0024639999999999,0.0024639999999999,0.0023888479999999,0.0023888479999999,0.0023888479999999,0.0024639999999999,0.0024639999999999,0.0024639999999999,0.0024639999999999,0.0024639999999999,0.0,0.0,0.0,0.0,0.0,0.0023888479999999,0.0023888479999999,0.0023888479999999,0.0023888479999999,0.0023888479999999,0.0,0.0,0.0,0.0,0.0
0xe7465c1f60ed117d2562d7e0496c11372bc35ab6,1,2024-11-01,2024-11-01,0,1,0.0,0.0,0.0,0.0,0.0,0.0,0.0,0.0,0.0,0.0,0.0,0.0,0.0,0.0,0.0,0.0,0.0,0.0,0.0,0.0,0.0,0.0,0.0,0.0,0.0,0.0,0.0,0.0,0.0,0.0,0.0,0.0,0.0,0.0,0.0,0.0
0xb7b0ac8f2871f69140839df4cbab43bbde3ca089,1,2024-11-03,2024-11-03,0,1,0.0064690000000009,0.0064690000000009,0.0064690000000009,0.0064690000000009,0.0064690000000009,0.0021024250000002,0.0021024250000002,0.0021024250000002,0.0021024250000002,0.0021024250000002,0.0064690000000009,0.0064690000000009,0.0064690000000009,0.0021024250000002,0.0021024250000002,0.0021024250000002,0.0064690000000009,0.0064690000000009,0.0064690000000009,0.0064690000000009,0.0064690000000009,0.0,0.0,0.0,0.0,0.0,0.0021024250000002,0.0021024250000002,0.0021024250000002,0.0021024250000002,0.0021024250000002,0.0,0.0,0.0,0.0,0.0
0x1526b389070bb267d04e9f36fc331f47d4c35982,1,2024-10-31,2024-10-31,0,1,0.00672,0.00672,0.00672,0.00672,0.00672,0.0040656,0.0040656,0.0040656,0.0040656,0.0040656,0.00672,0.00672,0.00672,0.0040656,0.0040656,0.0040656,0.0,0.0,0.0,0.0,0.0,0.00672,0.00672,0.00672,0.00672,0.00672,0.0,0.0,0.0,0.0,0.0,0.0040656,0.0040656,0.0040656,0.0040656,0.0040656
0x9128f18762f12beae76548fe34376613a2784470,1,2025-11-05,2025-11-05,0,1,26.0,26.0,26.0,26.0,26.0,17.55,17.55,17.55,17.55,17.55,26.0,26.0,26.0,17.55,17.55,17.55,26.0,26.0,26.0,26.0,26.0,0.0,0.0,0.0,0.0,0.0,17.55,17.55,17.55,17.55,17.55,0.0,0.0,0.0,0.0,0.0
0x0bbe511b04bc19aa1a45b9a2427d32d2753bee84,2,2024-06-08,2024-06-13,5,2,5.070928,10.330562,7.700745,7.700745,15.40149,4.99486408,9.963827049,7.479345564500001,7.479345564500001,14.958691129000002,15.40149,15.40149,10.330562,14.958691129000002,14.958691129000002,9.963827049,5.070928,10.330562,7.700745,15.40149,15.40149,0.0,0.0,0.0,0.0,0.0,4.99486408,9.963827049,7.479345564500001,14.958691129000002,14.958691129000002,0.0,0.0,0.0,0.0,0.0
0x87bd8fc0ddd8a2cf4a8722cbb6346c98cf118cdd,1,2024-10-06,2024-10-06,0,1,0.0043999999999999,0.0043999999999999,0.0043999999999999,0.0043999999999999,0.0043999999999999,0.0043735999999999,0.0043735999999999,0.0043735999999999,0.0043735999999999,0.0043735999999999,0.0043999999999999,0.0043999999999999,0.0043999999999999,0.0043735999999999,0.0043735999999999,0.0043735999999999,0.0,0.0,0.0,0.0,0.0,0.0043999999999999,0.0043999999999999,0.0043999999999999,0.0043999999999999,0.0043999999999999,0.0,0.0,0.0,0.0,0.0,0.0043735999999999,0.0043735999999999,0.0043735999999999,0.0043735999999999,0.0043735999999999
0x4b2dabc05fb2c144921b542a1c8fa7448a2a287b,1,2024-06-09,2024-06-09,0,3,7.010019,7.010019,7.010019,7.010019,7.010019,0.0204839335,0.0204839335,0.0204839335,0.0204839335,0.0204839335,7.010019,7.010019,7.010019,0.0204839335,0.0204839335,0.0204839335,7.010019,7.010019,7.010019,7.010019,7.010019,0.0,0.0,0.0,0.0,0.0,0.0204839335,0.0204839335,0.0204839335,0.0204839335,0.0204839335,0.0,0.0,0.0,0.0,0.0
0xe2354f16c43546f9dad1eb4a866bf5d6f9cbaba2,2,2025-11-05,2025-11-06,1,4,-2682.51,2677.45,-2.5300000000002,-2.5300000000002,-5.0600000000004,-603.56475,604.57935,0.5072999999999865,0.5072999999999865,1.014599999999973,-5.059999999999945,2677.45,-5.059999999999945,1.014599999999973,604.57935,1.014599999999973,-2467.2,2462.14,-2.5299999999999727,-5.059999999999945,-5.059999999999945,-215.31,215.31,0.0,0.0,0.0,-555.12,553.9815,-0.5692500000000109,-1.1385000000000218,-1.1385000000000218,-48.44475,50.59785,1.076550000000001,2.153100000000002,2.153100000000002
0x080e05867e56df239d508071c010a7b14bcf15f6,1,2024-11-18,2024-11-18,0,1,16.152541,16.152541,16.152541,16.152541,16.152541,14.294998785,14.294998785,14.294998785,14.294998785,14.294998785,16.152541,16.152541,16.152541,14.294998785,14.294998785,14.294998785,0.0,0.0,0.0,0.0,0.0,16.152541,16.152541,16.152541,16.152541,16.152541,0.0,0.0,0.0,0.0,0.0,14.294998785,14.294998785,14.294998785,14.294998785,14.294998785
0xc8edad5fd784be9f0de2ceaec6ae2303107ba026,2,2025-10-21,2025-10-23,2,2,-1.31,1.31578,0.002889999999999948,0.002889999999999948,0.005779999999999896,-1.2314,1.2368332,0.002716599999999958,0.002716599999999958,0.005433199999999916,0.0057799999999998,1.31578,0.0057799999999998,0.0054331999999999,1.2368332,0.0054331999999999,0.0,0.0,0.0,0.0,0.0,-1.31,1.31578,0.002889999999999948,0.005779999999999896,0.0057799999999998,0.0,0.0,0.0,0.0,0.0,-1.2314,1.2368332,0.002716599999999958,0.005433199999999916,0.0054331999999999
0x825ae953541126149258aac8041ec14d420f3367,2,2024-11-08,2024-12-02,24,2,-2.5,2.5,0.0,0.0,0.0,-0.00125,2.2625,1.130625,1.130625,2.26125,0.0,2.5,0.0,2.26125,2.2625,2.26125,-2.5,2.5,0.0,0.0,0.0,0.0,0.0,0.0,0.0,0.0,-0.00125,2.2625,1.130625,2.26125,2.26125,0.0,0.0,0.0,0.0,0.0
0x7734b4cb986065197b5fb441a70d12d9397605f8,1,2024-11-29,2024-11-29,0,1,5.050504,5.050504,5.050504,5.050504,5.050504,4.946968668,4.946968668,4.946968668,4.946968668,4.946968668,5.050504,5.050504,5.050504,4.946968668,4.946968668,4.946968668,0.0,0.0,0.0,0.0,0.0,5.050504,5.050504,5.050504,5.050504,5.050504,0.0,0.0,0.0,0.0,0.0,4.946968668,4.946968668,4.946968668,4.946968668,4.946968668
0xad287cbd7db82d684a5066515c7ee624df111601,2,2024-11-18,2024-11-19,1,2,-10.0,0.52,-4.74,-4.74,-9.48,-1.15,0.06448,-0.5427599999999999,-0.5427599999999999,-1.0855199999999998,-9.48,-9.48,-10.0,-1.08552,-1.08552,-1.15,-10.0,0.52,-4.74,-9.48,-9.48,0.0,0.0,0.0,0.0,0.0,-1.15,0.06448,-0.5427599999999999,-1.0855199999999998,-1.08552,0.0,0.0,0.0,0.0,0.0
0xfcfb70bb820fddadcdbf32500451129aea98c045,1,2024-06-10,2024-06-10,0,1,0.0014409999999998,0.0014409999999998,0.0014409999999998,0.0014409999999998,0.0014409999999998,0.0014366769999998,0.0014366769999998,0.0014366769999998,0.0014366769999998,0.0014366769999998,0.0014409999999998,0.0014409999999998,0.0014409999999998,0.0014366769999998,0.0014366769999998,0.0014366769999998,0.0014409999999998,0.0014409999999998,0.0014409999999998,0.0014409999999998,0.0014409999999998,0.0,0.0,0.0,0.0,0.0,0.0014366769999998,0.0014366769999998,0.0014366769999998,0.0014366769999998,0.0014366769999998,0.0,0.0,0.0,0.0,0.0
0x17a573d7c137026be0c86ac13b539154155fe00a,1,2025-10-14,2025-10-14,0,1,-19.98,-19.98,-19.98,-19.98,-19.98,-1.0989,-1.0989,-1.0989,-1.0989,-1.0989,-19.98,-19.98,-19.98,-1.0989,-1.0989,-1.0989,-19.98,-19.98,-19.98,-19.98,-19.98,0.0,0.0,0.0,0.0,0.0,-1.0989,-1.0989,-1.0989,-1.0989,-1.0989,0.0,0.0,0.0,0.0,0.0
0x84390f6932ff980abd294178eb34918d49d270b8,2,2024-10-30,2024-11-24,25,2,-0.29,0.298506,0.004253000000000007,0.004253000000000007,0.008506000000000014,-0.2398299999999999,0.18507372,-0.027378139999999954,-0.027378139999999954,-0.05475627999999991,0.008506,0.298506,0.008506,-0.0547562799999999,0.18507372,-0.0547562799999999,0.0,0.0,0.0,0.0,0.0,-0.29,0.298506,0.004253000000000007,0.008506000000000014,0.008506,0.0,0.0,0.0,0.0,0.0,-0.2398299999999999,0.18507372,-0.027378139999999954,-0.05475627999999991,-0.0547562799999999
0x5ab66744c1301a9c0a44347068a782bd074a8cdf,1,2024-10-20,2024-10-20,0,1,0.00552,0.00552,0.00552,0.00552,0.00552,0.00537372,0.00537372,0.00537372,0.00537372,0.00537372,0.00552,0.00552,0.00552,0.00537372,0.00537372,0.00537372,0.00552,0.00552,0.00552,0.00552,0.00552,0.0,0.0,0.0,0.0,0.0,0.00537372,0.00537372,0.00537372,0.00537372,0.00537372,0.0,0.0,0.0,0.0,0.0
0x7d6890f1ef5a44afacbd8e7cf29cc0435b5cbd0e,1,2025-10-19,2025-10-19,0,1,1.363633,1.363633,1.363633,1.363633,1.363633,1.18636071,1.18636071,1.18636071,1.18636071,1.18636071,1.363633,1.363633,1.363633,1.18636071,1.18636071,1.18636071,1.363633,1.363633,1.363633,1.363633,1.363633,0.0,0.0,0.0,0.0,0.0,1.18636071,1.18636071,1.18636071,1.18636071,1.18636071,0.0,0.0,0.0,0.0,0.0
0x7ca3484314787b9a69977dcfccb0886debe97c11,2,2024-10-30,2024-11-24,25,2,-0.51,0.515625,0.0028124999999999956,0.0028124999999999956,0.005624999999999991,-0.42177,0.3196875,-0.05104124999999998,-0.05104124999999998,-0.10208249999999996,0.0056249999999999,0.515625,0.0056249999999999,-0.1020824999999999,0.3196875,-0.1020824999999999,0.0,0.0,0.0,0.0,0.0,-0.51,0.515625,0.0028124999999999956,0.005624999999999991,0.0056249999999999,0.0,0.0,0.0,0.0,0.0,-0.42177,0.3196875,-0.05104124999999998,-0.10208249999999996,-0.1020824999999999
0xd4f3724c54b9abf9f034fc7bc129338cea7348f8,1,2024-06-06,2024-06-06,0,2,0.213633,0.213633,0.213633,0.213633,0.213633,0.202287865,0.202287865,0.202287865,0.202287865,0.202287865,0.213633,0.213633,0.213633,0.202287865,0.202287865,0.202287865,0.213633,0.213633,0.213633,0.213633,0.213633,0.0,0.0,0.0,0.0,0.0,0.202287865,0.202287865,0.202287865,0.202287865,0.202287865,0.0,0.0,0.0,0.0,0.0
0x1a5e9f3b191b25cff9a9abe60ca136799f177925,1,2025-10-18,2025-10-18,0,1,2.22222,2.22222,2.22222,2.22222,2.22222,1.9777758,1.9777758,1.9777758,1.9777758,1.9777758,2.22222,2.22222,2.22222,1.9777758,1.9777758,1.9777758,2.22222,2.22222,2.22222,2.22222,2.22222,0.0,0.0,0.0,0.0,0.0,1.9777758,1.9777758,1.9777758,1.9777758,1.9777758,0.0,0.0,0.0,0.0,0.0
0xbf78282f15166f376b9f6471689a7f0c92ebc8c4,2,2024-11-06,2024-11-10,4,2,-1705.07,1705.0699999999997,-1.1368683772161603e-13,-1.1368683772161603e-13,-2.2737367544323206e-13,-1244.7011,1619.8164999999997,187.55769999999984,187.55769999999984,375.1153999999997,-2.273736754432321e-13,1705.0699999999997,-2.273736754432321e-13,375.1153999999997,1619.8164999999997,375.1153999999997,-1705.07,1705.0699999999997,-1.1368683772161603e-13,-2.2737367544323206e-13,-2.273736754432321e-13,0.0,0.0,0.0,0.0,0.0,-1244.7011,1619.8164999999997,187.55769999999984,375.1153999999997,375.1153999999997,0.0,0.0,0.0,0.0,0.0
0x335b6906fbc62f824edf1e29536b708060d9688a,1,2024-10-30,2024-10-30,0,1,0.837836,0.837836,0.837836,0.837836,0.837836,0.31837768,0.31837768,0.31837768,0.31837768,0.31837768,0.837836,0.837836,0.837836,0.31837768,0.31837768,0.31837768,0.837836,0.837836,0.837836,0.837836,0.837836,0.0,0.0,0.0,0.0,0.0,0.31837768,0.31837768,0.31837768,0.31837768,0.31837768,0.0,0.0,0.0,0.0,0.0
0xf7508130b6875dede0a84053a1e6b781cda0f162,1,2024-11-06,2024-11-06,0,1,0.0,0.0,0.0,0.0,0.0,0.0,0.0,0.0,0.0,0.0,0.0,0.0,0.0,0.0,0.0,0.0,0.0,0.0,0.0,0.0,0.0,0.0,0.0,0.0,0.0,0.0,0.0,0.0,0.0,0.0,0.0,0.0,0.0,0.0,0.0,0.0
0x6e44eb376226938741bc65579b7602977bed3ece,3,2024-10-31,2024-11-02,2,3,-0.492197,0.5,0.0026010000000000013,0.0,0.007803000000000004,-0.1968788,0.1975,0.00020706666666667206,0.0,0.0006212000000000162,0.007803,0.5,0.007803,0.0006211999999999,0.1975,0.0006211999999999,-0.492197,0.5,0.0026010000000000013,0.007803000000000004,0.007803,0.0,0.0,0.0,0.0,0.0,-0.1968788,0.1975,0.00020706666666667206,0.0006212000000000162,0.0006211999999999,0.0,0.0,0.0,0.0,0.0
0x2cd16850d5fc3c386db853c4af24d429e70f2140,1,2024-10-19,2024-10-19,0,1,0.00372,0.00372,0.00372,0.00372,0.00372,0.00362142,0.00362142,0.00362142,0.00362142,0.00362142,0.00372,0.00372,0.00372,0.00362142,0.00362142,0.00362142,0.00372,0.00372,0.00372,0.00372,0.00372,0.0,0.0,0.0,0.0,0.0,0.00362142,0.00362142,0.00362142,0.00362142,0.00362142,0.0,0.0,0.0,0.0,0.0
0xeb249aef508de7a392d3b9d7cba77ad8d2d19f99,2,2025-10-21,2025-10-23,2,2,-1.38,1.382966,0.001483000000000012,0.001483000000000012,0.002966000000000024,-1.2903,1.29307321,0.0013866049999999852,0.0013866049999999852,0.0027732099999999704,0.002966,1.382966,0.002966,0.0027732099999999,1.29307321,0.0027732099999999,-1.38,1.382966,0.001483000000000012,0.002966000000000024,0.002966,0.0,0.0,0.0,0.0,0.0,-1.2903,1.29307321,0.0013866049999999852,0.0027732099999999704,0.0027732099999999,0.0,0.0,0.0,0.0,0.0
0x26ed17fd1bed04ce1511c2803202db67c41fe11c,1,2024-11-28,2024-11-28,0,1,9.0725,9.0725,9.0725,9.0725,9.0725,8.81847,8.81847,8.81847,8.81847,8.81847,9.0725,9.0725,9.0725,8.81847,8.81847,8.81847,0.0,0.0,0.0,0.0,0.0,9.0725,9.0725,9.0725,9.0725,9.0725,0.0,0.0,0.0,0.0,0.0,8.81847,8.81847,8.81847,8.81847,8.81847
0x0c616399ddf3d7fc95234ffdf1f8351b3ba440f6,1,2024-11-03,2024-11-03,0,1,0.0047040000000002,0.0047040000000002,0.0047040000000002,0.0047040000000002,0.0047040000000002,0.0015288,0.0015288,0.0015288,0.0015288,0.0015288,0.0047040000000002,0.0047040000000002,0.0047040000000002,0.0015288,0.0015288,0.0015288,0.0047040000000002,0.0047040000000002,0.0047040000000002,0.0047040000000002,0.0047040000000002,0.0,0.0,0.0,0.0,0.0,0.0015288,0.0015288,0.0015288,0.0015288,0.0015288,0.0,0.0,0.0,0.0,0.0
0x1e7a470f16accae9083be303770790e5272c4f0b,1,2024-06-10,2024-06-10,0,1,1.005,1.005,1.005,1.005,1.005,0.995955,0.995955,0.995955,0.995955,0.995955,1.005,1.005,1.005,0.995955,0.995955,0.995955,1.005,1.005,1.005,1.005,1.005,0.0,0.0,0.0,0.0,0.0,0.995955,0.995955,0.995955,0.995955,0.995955,0.0,0.0,0.0,0.0,0.0
0xfb8701a57d49ee5ec155fbeef3396870fbfba45d,1,2025-11-17,2025-11-17,0,1,435.36,435.36,435.36,435.36,435.36,404.8848,404.8848,404.8848,404.8848,404.8848,435.36,435.36,435.36,404.8848,404.8848,404.8848,0.0,0.0,0.0,0.0,0.0,435.36,435.36,435.36,435.36,435.36,0.0,0.0,0.0,0.0,0.0,404.8848,404.8848,404.8848,404.8848,404.8848
0x9519f472b1c2a1836ed74b2cd3a3554000797687,2,2024-11-24,2024-11-25,1,2,1.020407,1.028785,1.024596,1.024596,2.049192,0.843876589,0.91356108,0.8787188345,0.8787188345,1.757437669,2.049192,2.049192,1.020407,1.757437669,1.757437669,0.843876589,0.0,0.0,0.0,0.0,0.0,1.020407,1.028785,1.024596,2.049192,2.049192,0.0,0.0,0.0,0.0,0.0,0.843876589,0.91356108,0.8787188345,1.757437669,1.757437669
0xdb405a9ad581a23c68a32b5d5869d4ad5ae73612,1,2025-10-27,2025-10-27,0,1,-45.09,-45.09,-45.09,-45.09,-45.09,-4.73445,-4.73445,-4.73445,-4.73445,-4.73445,-45.09,-45.09,-45.09,-4.73445,-4.73445,-4.73445,0.0,0.0,0.0,0.0,0.0,-45.09,-45.09,-45.09,-45.09,-45.09,0.0,0.0,0.0,0.0,0.0,-4.73445,-4.73445,-4.73445,-4.73445,-4.73445
0xd116b4c46e4a88945454cc919dbaac92885b78ee,1,2024-11-06,2024-11-06,0,1,30.0,30.0,30.0,30.0,30.0,28.5,28.5,28.5,28.5,28.5,30.0,30.0,30.0,28.5,28.5,28.5,30.0,30.0,30.0,30.0,30.0,0.0,0.0,0.0,0.0,0.0,28.5,28.5,28.5,28.5,28.5,0.0,0.0,0.0,0.0,0.0
0xea525cb7fc5d86082b6f946f51d07b416fc67143,1,2024-11-25,2024-11-25,0,1,1.028785,1.028785,1.028785,1.028785,1.028785,0.91356108,0.91356108,0.91356108,0.91356108,0.91356108,1.028785,1.028785,1.028785,0.91356108,0.91356108,0.91356108,0.0,0.0,0.0,0.0,0.0,1.028785,1.028785,1.028785,1.028785,1.028785,0.0,0.0,0.0,0.0,0.0,0.91356108,0.91356108,0.91356108,0.91356108,0.91356108
0xa2f8444d9dcb3e65432d802ff88be6df9d2cc5b2,1,2025-11-01,2025-11-01,0,1,1.7,1.7,1.7,1.7,1.7,1.5215,1.5215,1.5215,1.5215,1.5215,1.7,1.7,1.7,1.5215,1.5215,1.5215,1.7,1.7,1.7,1.7,1.7,0.0,0.0,0.0,0.0,0.0,1.5215,1.5215,1.5215,1.5215,1.5215,0.0,0.0,0.0,0.0,0.0
0x42bc7daece497e75eba58186e2088eb72399ed06,1,2024-11-02,2024-11-02,0,1,0.00516,0.00516,0.00516,0.00516,0.00516,0.003096,0.003096,0.003096,0.003096,0.003096,0.00516,0.00516,0.00516,0.003096,0.003096,0.003096,0.0,0.0,0.0,0.0,0.0,0.00516,0.00516,0.00516,0.00516,0.00516,0.0,0.0,0.0,0.0,0.0,0.003096,0.003096,0.003096,0.003096,0.003096
0x98e3c3ab05d5d3b4ca23d409d739da159e4e50a6,1,2024-06-06,2024-06-06,0,1,550.0,550.0,550.0,550.0,550.0,0.8250000000000001,0.8250000000000001,0.8250000000000001,0.8250000000000001,0.8250000000000001,550.0,550.0,550.0,0.8250000000000001,0.8250000000000001,0.8250000000000001,550.0,550.0,550.0,550.0,550.0,0.0,0.0,0.0,0.0,0.0,0.8250000000000001,0.8250000000000001,0.8250000000000001,0.8250000000000001,0.8250000000000001,0.0,0.0,0.0,0.0,0.0
0xcb5353364fa5fc4f219b12957490416ab14da40c,1,2024-11-03,2024-11-03,0,1,0.0035279999999993,0.0035279999999993,0.0035279999999993,0.0035279999999993,0.0035279999999993,0.0011465999999997,0.0011465999999997,0.0011465999999997,0.0011465999999997,0.0011465999999997,0.0035279999999993,0.0035279999999993,0.0035279999999993,0.0011465999999997,0.0011465999999997,0.0011465999999997,0.0035279999999993,0.0035279999999993,0.0035279999999993,0.0035279999999993,0.0035279999999993,0.0,0.0,0.0,0.0,0.0,0.0011465999999997,0.0011465999999997,0.0011465999999997,0.0011465999999997,0.0011465999999997,0.0,0.0,0.0,0.0,0.0
0x653dcfa333558545fb0e85d44011bfd09439411a,1,2024-12-02,2024-12-02,0,1,12.012,12.012,12.012,12.012,12.012,12.005994,12.005994,12.005994,12.005994,12.005994,12.012,12.012,12.012,12.005994,12.005994,12.005994,0.0,0.0,0.0,0.0,0.0,12.012,12.012,12.012,12.012,12.012,0.0,0.0,0.0,0.0,0.0,12.005994,12.005994,12.005994,12.005994,12.005994
0xaa1eb270827711e84899fe26214a04e27b8952e2,1,2024-10-06,2024-10-06,0,1,0.004,0.004,0.004,0.004,0.004,0.003976,0.003976,0.003976,0.003976,0.003976,0.004,0.004,0.004,0.003976,0.003976,0.003976,0.0,0.0,0.0,0.0,0.0,0.004,0.004,0.004,0.004,0.004,0.0,0.0,0.0,0.0,0.0,0.003976,0.003976,0.003976,0.003976,0.003976
0x9b108516497518af245b5b385f8b06e7be009fa1,2,2025-10-21,2025-10-23,2,2,-1.07,1.074466,0.0022329999999999295,0.0022329999999999295,0.004465999999999859,-1.00045,1.00462571,0.002087854999999972,0.002087854999999972,0.004175709999999944,0.0044659999999998,1.074466,0.0044659999999998,0.0041757099999999,1.00462571,0.0041757099999999,-1.07,1.074466,0.0022329999999999295,0.004465999999999859,0.0044659999999998,0.0,0.0,0.0,0.0,0.0,-1.00045,1.00462571,0.002087854999999972,0.004175709999999944,0.0041757099999999,0.0,0.0,0.0,0.0,0.0
0x7ac83882979ccb5665cea83cb269e558b55077cd,1,2025-11-12,2025-11-12,0,2,1465.33,1465.33,1465.33,1465.33,1465.33,529.6954499999999,529.6954499999999,529.6954499999999,529.6954499999999,529.6954499999999,1465.33,1465.33,1465.33,529.6954499999999,529.6954499999999,529.6954499999999,435.33,435.33,435.33,435.33,435.33,1030.0,1030.0,1030.0,1030.0,1030.0,158.89544999999998,158.89544999999998,158.89544999999998,158.89544999999998,158.89544999999998,370.8,370.8,370.8,370.8,370.8
0xab236b0e760cf629edab1290813045fd5039678c,1,2024-06-10,2024-06-10,0,1,3.015,3.015,3.015,3.015,3.015,2.987865,2.987865,2.987865,2.987865,2.987865,3.015,3.015,3.015,2.987865,2.987865,2.987865,3.015,3.015,3.015,3.015,3.015,0.0,0.0,0.0,0.0,0.0,2.987865,2.987865,2.987865,2.987865,2.987865,0.0,0.0,0.0,0.0,0.0
0xdc3824aa82de99470d1f64f30366b7db24ac5e20,1,2024-10-30,2024-10-30,0,1,2.371427,2.371427,2.371427,2.371427,2.371427,0.90114226,0.90114226,0.90114226,0.90114226,0.90114226,2.371427,2.371427,2.371427,0.90114226,0.90114226,0.90114226,2.371427,2.371427,2.371427,2.371427,2.371427,0.0,0.0,0.0,0.0,0.0,0.90114226,0.90114226,0.90114226,0.90114226,0.90114226,0.0,0.0,0.0,0.0,0.0
0x8a0866dcd50a64377909be0038c4eadaf2de0db2,2,2024-11-04,2024-11-05,1,4,185.71428200000005,214.95016300000003,200.33222250000006,200.33222250000006,400.6644450000001,3.6294019355000007,5.092857056500001,4.361129496,4.361129496,8.722258992,400.66444500000006,400.66444500000006,214.95016300000003,8.722258992,8.722258992,3.6294019355000007,185.71428200000005,214.95016300000003,200.33222250000006,400.6644450000001,400.66444500000006,0.0,0.0,0.0,0.0,0.0,3.6294019355000007,5.092857056500001,4.361129496,8.722258992,8.722258992,0.0,0.0,0.0,0.0,0.0
0x5307b97edbfc24b27d59c70b6f55c18170b083cf,1,2024-11-25,2024-11-25,0,1,1.028785,1.028785,1.028785,1.028785,1.028785,0.91356108,0.91356108,0.91356108,0.91356108,0.91356108,1.028785,1.028785,1.028785,0.91356108,0.91356108,0.91356108,0.0,0.0,0.0,0.0,0.0,1.028785,1.028785,1.028785,1.028785,1.028785,0.0,0.0,0.0,0.0,0.0,0.91356108,0.91356108,0.91356108,0.91356108,0.91356108
0xe666a179b5d2ecb2f5acf469cb3ebca4534ef30c,1,2024-11-02,2024-11-02,0,1,0.0022570000000001,0.0022570000000001,0.0022570000000001,0.0022570000000001,0.0022570000000001,0.0013542,0.0013542,0.0013542,0.0013542,0.0013542,0.0022570000000001,0.0022570000000001,0.0022570000000001,0.0013542,0.0013542,0.0013542,0.0,0.0,0.0,0.0,0.0,0.0022570000000001,0.0022570000000001,0.0022570000000001,0.0022570000000001,0.0022570000000001,0.0,0.0,0.0,0.0,0.0,0.0013542,0.0013542,0.0013542,0.0013542,0.0013542
0xbb877edb0585f9bf82953512fced854895f11137,1,2025-10-31,2025-10-31,0,1,1.11111,1.11111,1.11111,1.11111,1.11111,0.99444345,0.99444345,0.99444345,0.99444345,0.99444345,1.11111,1.11111,1.11111,0.99444345,0.99444345,0.99444345,1.11111,1.11111,1.11111,1.11111,1.11111,0.0,0.0,0.0,0.0,0.0,0.99444345,0.99444345,0.99444345,0.99444345,0.99444345,0.0,0.0,0.0,0.0,0.0
0x1bb6d103ad9964ba843952d3b503ade2209bc6d0,1,2024-11-29,2024-11-29,0,1,5.050504,5.050504,5.050504,5.050504,5.050504,4.946968668,4.946968668,4.946968668,4.946968668,4.946968668,5.050504,5.050504,5.050504,4.946968668,4.946968668,4.946968668,0.0,0.0,0.0,0.0,0.0,5.050504,5.050504,5.050504,5.050504,5.050504,0.0,0.0,0.0,0.0,0.0,4.946968668,4.946968668,4.946968668,4.946968668,4.946968668
0x638c30faa259539a0b95869decf8d9140e19f62a,1,2024-11-19,2024-11-19,0,1,0.619562,0.619562,0.619562,0.619562,0.619562,0.5427363119999999,0.5427363119999999,0.5427363119999999,0.5427363119999999,0.5427363119999999,0.619562,0.619562,0.619562,0.5427363119999999,0.5427363119999999,0.5427363119999999,0.0,0.0,0.0,0.0,0.0,0.619562,0.619562,0.619562,0.619562,0.619562,0.0,0.0,0.0,0.0,0.0,0.5427363119999999,0.5427363119999999,0.5427363119999999,0.5427363119999999,0.5427363119999999
0xfd98197e619ed32c482c04d9f770bd92c298a12a,2,2024-06-07,2024-06-08,1,4,-63.06,63.07200000000002,0.006000000000007333,0.006000000000007333,0.012000000000014666,-62.965410000000006,62.977392,0.005990999999998081,0.005990999999998081,0.011981999999996162,0.0120000000000146,63.07200000000002,0.0120000000000146,0.0119819999999961,62.977392,0.0119819999999961,0.0,0.0,0.0,0.0,0.0,-63.06,63.07200000000002,0.006000000000007333,0.012000000000014666,0.0120000000000146,0.0,0.0,0.0,0.0,0.0,-62.965410000000006,62.977392,0.005990999999998081,0.011981999999996162,0.0119819999999961
0x6f99f6a243f6406d48cfd7e452c3b42ff9d6c446,1,2024-12-02,2024-12-02,0,1,25.176232,25.176232,25.176232,25.176232,25.176232,25.163643884,25.163643884,25.163643884,25.163643884,25.163643884,25.176232,25.176232,25.176232,25.163643884,25.163643884,25.163643884,0.0,0.0,0.0,0.0,0.0,25.176232,25.176232,25.176232,25.176232,25.176232,0.0,0.0,0.0,0.0,0.0,25.163643884,25.163643884,25.163643884,25.163643884,25.163643884
0xb0853a8cb443cf96a37929db983070471af1eac0,1,2024-11-23,2024-11-23,0,1,7.142856,7.142856,7.142856,7.142856,7.142856,6.996427452000001,6.996427452000001,6.996427452000001,6.996427452000001,6.996427452000001,7.142856,7.142856,7.142856,6.996427452000001,6.996427452000001,6.996427452000001,0.0,0.0,0.0,0.0,0.0,7.142856,7.142856,7.142856,7.142856,7.142856,0.0,0.0,0.0,0.0,0.0,6.996427452000001,6.996427452000001,6.996427452000001,6.996427452000001,6.996427452000001
0x8c7a81e440b22700992aa94a417fffcb40e750bd,1,2024-11-27,2024-11-27,0,1,12.242608,12.242608,12.242608,12.242608,12.242608,11.220350232,11.220350232,11.220350232,11.220350232,11.220350232,12.242608,12.242608,12.242608,11.220350232,11.220350232,11.220350232,0.0,0.0,0.0,0.0,0.0,12.242608,12.242608,12.242608,12.242608,12.242608,0.0,0.0,0.0,0.0,0.0,11.220350232,11.220350232,11.220350232,11.220350232,11.220350232
0x57d494d8aecd90fb4f48423974f7e48ec1f9ac0d,2,2025-10-15,2025-10-17,2,7,-141.0,-40.0,-90.5,-90.5,-181.0,-129.515,-36.8,-83.1575,-83.1575,-166.315,-181.0,-141.0,-181.0,-166.315,-129.515,-166.315,-71.0,-40.0,-55.5,-111.0,-111.0,-70.0,0.0,-35.0,-70.0,-70.0,-64.965,-36.8,-50.8825,-101.765,-101.765,-64.55,0.0,-32.275,-64.55,-64.55
0x8f51d37dfaf6076384e70cbdebf3d8911d2f787b,1,2025-10-28,2025-10-28,0,1,2057.33,2057.33,2057.33,2057.33,2057.33,565.76575,565.76575,565.76575,565.76575,565.76575,2057.33,2057.33,2057.33,565.76575,565.76575,565.76575,0.0,0.0,0.0,0.0,0.0,2057.33,2057.33,2057.33,2057.33,2057.33,0.0,0.0,0.0,0.0,0.0,565.76575,565.76575,565.76575,565.76575,565.76575
0xe0c63ca599a83817acc8b255bc1c530a8f736003,2,2024-09-21,2024-09-27,6,2,-0.7,0.707727,0.0038635000000000197,0.0038635000000000197,0.007727000000000039,-0.68495,0.6896799615,0.002364980750000023,0.002364980750000023,0.004729961500000046,0.007727,0.707727,0.007727,0.0047299615,0.6896799615,0.0047299615,0.0,0.0,0.0,0.0,0.0,-0.7,0.707727,0.0038635000000000197,0.007727000000000039,0.007727,0.0,0.0,0.0,0.0,0.0,-0.68495,0.6896799615,0.002364980750000023,0.004729961500000046,0.0047299615
0x861bb52320c0c15870205b884fbf6d7feea116e2,1,2024-11-02,2024-11-02,0,1,0.0064089999999996,0.0064089999999996,0.0064089999999996,0.0064089999999996,0.0064089999999996,0.0025635999999998,0.0025635999999998,0.0025635999999998,0.0025635999999998,0.0025635999999998,0.0064089999999996,0.0064089999999996,0.0064089999999996,0.0025635999999998,0.0025635999999998,0.0025635999999998,0.0064089999999996,0.0064089999999996,0.0064089999999996,0.0064089999999996,0.0064089999999996,0.0,0.0,0.0,0.0,0.0,0.0025635999999998,0.0025635999999998,0.0025635999999998,0.0025635999999998,0.0025635999999998,0.0,0.0,0.0,0.0,0.0
0xa6592dde79d25b8978f656e91a1196db8f448a1e,1,2024-11-25,2024-11-25,0,1,1.028785,1.028785,1.028785,1.028785,1.028785,0.91356108,0.91356108,0.91356108,0.91356108,0.91356108,1.028785,1.028785,1.028785,0.91356108,0.91356108,0.91356108,0.0,0.0,0.0,0.0,0.0,1.028785,1.028785,1.028785,1.028785,1.028785,0.0,0.0,0.0,0.0,0.0,0.91356108,0.91356108,0.91356108,0.91356108,0.91356108
0x9d84ce0306f8551e02efef1680475fc0f1dc1344,5,2024-06-05,2024-11-02,150,13,-5900.31,4365.0,-561.1300000000001,500.0,-2805.6500000000005,32.7375,3112.965,1252.474883,437.5,6262.374415,-2805.6500000000005,3919.0,-7170.650000000001,6262.374415,6262.374415,437.5,-6201.34,4365.0,-1189.9300000000003,-5949.6500000000015,-5949.6500000000015,0.0,1877.0,628.8,3144.0,3144.0,32.7375,1582.56601,662.667283,3313.336415,3313.336415,0.0,1717.4550000000002,589.8076,2949.038,2949.0380000000005
0x1a2e98cfeac24395fd40aca6c03ee2b01335edbd,1,2025-11-03,2025-11-03,0,1,233.444443,233.444443,233.444443,233.444443,233.444443,18.67555544,18.67555544,18.67555544,18.67555544,18.67555544,233.444443,233.444443,233.444443,18.67555544,18.67555544,18.67555544,233.444443,233.444443,233.444443,233.444443,233.444443,0.0,0.0,0.0,0.0,0.0,18.67555544,18.67555544,18.67555544,18.67555544,18.67555544,0.0,0.0,0.0,0.0,0.0
0xb41f3e11f261f0b0226bf8f784a3ceedac1560b2,1,2024-11-15,2024-11-15,0,1,0.047618,0.047618,0.047618,0.047618,0.047618,0.00809506,0.00809506,0.00809506,0.00809506,0.00809506,0.047618,0.047618,0.047618,0.00809506,0.00809506,0.00809506,0.0,0.0,0.0,0.0,0.0,0.047618,0.047618,0.047618,0.047618,0.047618,0.0,0.0,0.0,0.0,0.0,0.00809506,0.00809506,0.00809506,0.00809506,0.00809506
0xdb0d5fb4819133dd76922a5908d9d82d27875a29,2,2024-11-02,2024-11-03,1,3,-158.73,371.230156,106.25007800000002,106.25007800000002,212.50015600000003,-107.14275,102.5693436,-2.286703200000005,-2.286703200000005,-4.57340640000001,212.500156,371.230156,212.500156,-4.57340640000001,102.5693436,-4.57340640000001,0.0,212.5,106.25,212.5,212.5,-158.73,158.730156,7.80000000020209e-05,0.0001560000000040418,0.000156000000004,0.0,7.331250000000001,3.6656250000000004,7.331250000000001,7.331250000000001,-107.14275,95.2380936,-5.952328200000004,-11.904656400000007,-11.904656400000007
0xcd25db3e52a8fe8aeec4ecc5058face79fa5dc2a,1,2024-12-02,2024-12-02,0,1,31.73375,31.73375,31.73375,31.73375,31.73375,31.717883125000004,31.717883125000004,31.717883125000004,31.717883125000004,31.717883125000004,31.73375,31.73375,31.73375,31.717883125000004,31.717883125000004,31.717883125000004,0.0,0.0,0.0,0.0,0.0,31.73375,31.73375,31.73375,31.73375,31.73375,0.0,0.0,0.0,0.0,0.0,31.717883125000004,31.717883125000004,31.717883125000004,31.717883125000004,31.717883125000004
0x3000bcbd9d0fd49c6b9c1ad5cc7440b9036ec051,1,2024-11-24,2024-11-24,0,1,8.163264,8.163264,8.163264,8.163264,8.163264,6.751019328,6.751019328,6.751019328,6.751019328,6.751019328,8.163264,8.163264,8.163264,6.751019328,6.751019328,6.751019328,0.0,0.0,0.0,0.0,0.0,8.163264,8.163264,8.163264,8.163264,8.163264,0.0,0.0,0.0,0.0,0.0,6.751019328,6.751019328,6.751019328,6.751019328,6.751019328
0x911109dcd1c9bdce493ff7e998065b70ffffb68a,1,2024-11-24,2024-11-24,0,1,6.126396,6.126396,6.126396,6.126396,6.126396,5.066529492,5.066529492,5.066529492,5.066529492,5.066529492,6.126396,6.126396,6.126396,5.066529492,5.066529492,5.066529492,0.0,0.0,0.0,0.0,0.0,6.126396,6.126396,6.126396,6.126396,6.126396,0.0,0.0,0.0,0.0,0.0,5.066529492,5.066529492,5.066529492,5.066529492,5.066529492
0xc3961e74e90c24f4ec1711084f2e80d228001fe3,2,2024-11-08,2024-11-10,2,2,-5.1,5.102,0.001000000000000334,0.001000000000000334,0.002000000000000668,-3.723,4.617310000000001,0.4471550000000004,0.4471550000000004,0.8943100000000008,0.0020000000000006,5.102,0.0020000000000006,0.8943100000000008,4.617310000000001,0.8943100000000008,-5.1,5.102,0.001000000000000334,0.002000000000000668,0.0020000000000006,0.0,0.0,0.0,0.0,0.0,-3.723,4.617310000000001,0.4471550000000004,0.8943100000000008,0.8943100000000008,0.0,0.0,0.0,0.0,0.0
0x4d448478bf9332c1a99d6d657e481a2f07ce6900,1,2024-11-03,2024-11-03,0,1,0.0034770000000001,0.0034770000000001,0.0034770000000001,0.0034770000000001,0.0034770000000001,0.002346975,0.002346975,0.002346975,0.002346975,0.002346975,0.0034770000000001,0.0034770000000001,0.0034770000000001,0.002346975,0.002346975,0.002346975,0.0,0.0,0.0,0.0,0.0,0.0034770000000001,0.0034770000000001,0.0034770000000001,0.0034770000000001,0.0034770000000001,0.0,0.0,0.0,0.0,0.0,0.002346975,0.002346975,0.002346975,0.002346975,0.002346975
0x0d90e287ee687cd19732e0c62f33a2a4037674eb,1,2024-11-28,2024-11-28,0,1,6.042295,6.042295,6.042295,6.042295,6.042295,5.87311074,5.87311074,5.87311074,5.87311074,5.87311074,6.042295,6.042295,6.042295,5.87311074,5.87311074,5.87311074,0.0,0.0,0.0,0.0,0.0,6.042295,6.042295,6.042295,6.042295,6.042295,0.0,0.0,0.0,0.0,0.0,5.87311074,5.87311074,5.87311074,5.87311074,5.87311074
0xc9dde41b32e46c2a32bc2a786f09bf28f0b22ba8,1,2024-11-29,2024-11-29,0,1,1.700333,1.700333,1.700333,1.700333,1.700333,1.6654761735,1.6654761735,1.6654761735,1.6654761735,1.6654761735,1.700333,1.700333,1.700333,1.6654761735,1.6654761735,1.6654761735,0.0,0.0,0.0,0.0,0.0,1.700333,1.700333,1.700333,1.700333,1.700333,0.0,0.0,0.0,0.0,0.0,1.6654761735,1.6654761735,1.6654761735,1.6654761735,1.6654761735
0x10936d36632dbd8b024c31c982f3cd4ac3cb33b8,2,2025-10-21,2025-10-23,2,2,-1.42,1.42104,0.000520000000000076,0.000520000000000076,0.001040000000000152,-1.3347999999999998,1.3357776,0.000488800000000067,0.000488800000000067,0.000977600000000134,0.0010400000000001,1.42104,0.0010400000000001,0.0009776000000001,1.3357776,0.0009776000000001,0.0,0.0,0.0,0.0,0.0,-1.42,1.42104,0.000520000000000076,0.001040000000000152,0.0010400000000001,0.0,0.0,0.0,0.0,0.0,-1.3347999999999998,1.3357776,0.000488800000000067,0.000977600000000134,0.0009776000000001
0x2e0c7ded1f1f8d018e9c1232e60f2c0b775297b9,1,2024-11-03,2024-11-03,0,1,0.0010419999999999,0.0010419999999999,0.0010419999999999,0.0010419999999999,0.0010419999999999,0.0007033499999999,0.0007033499999999,0.0007033499999999,0.0007033499999999,0.0007033499999999,0.0010419999999999,0.0010419999999999,0.0010419999999999,0.0007033499999999,0.0007033499999999,0.0007033499999999,0.0,0.0,0.0,0.0,0.0,0.0010419999999999,0.0010419999999999,0.0010419999999999,0.0010419999999999,0.0010419999999999,0.0,0.0,0.0,0.0,0.0,0.0007033499999999,0.0007033499999999,0.0007033499999999,0.0007033499999999,0.0007033499999999
0xa73c7c87f8344886cd4dc5e77f32b4cfc2b2aa25,1,2024-10-27,2024-10-27,0,1,0.0072719999999999,0.0072719999999999,0.0072719999999999,0.0072719999999999,0.0072719999999999,0.0071301959999999,0.0071301959999999,0.0071301959999999,0.0071301959999999,0.0071301959999999,0.0072719999999999,0.0072719999999999,0.0072719999999999,0.0071301959999999,0.0071301959999999,0.0071301959999999,0.0,0.0,0.0,0.0,0.0,0.0072719999999999,0.0072719999999999,0.0072719999999999,0.0072719999999999,0.0072719999999999,0.0,0.0,0.0,0.0,0.0,0.0071301959999999,0.0071301959999999,0.0071301959999999,0.0071301959999999,0.0071301959999999
0x7ae7b5dcbd5f38b4de5e397dd64146780502f64f,1,2024-11-03,2024-11-03,0,1,0.0088219999999985,0.0088219999999985,0.0088219999999985,0.0088219999999985,0.0088219999999985,0.0028671499999995,0.0028671499999995,0.0028671499999995,0.0028671499999995,0.0028671499999995,0.0088219999999985,0.0088219999999985,0.0088219999999985,0.0028671499999995,0.0028671499999995,0.0028671499999995,0.0088219999999985,0.0088219999999985,0.0088219999999985,0.0088219999999985,0.0088219999999985,0.0,0.0,0.0,0.0,0.0,0.0028671499999995,0.0028671499999995,0.0028671499999995,0.0028671499999995,0.0028671499999995,0.0,0.0,0.0,0.0,0.0
0xd3652aba93be2ca0784da04305b6b8f91895a5b6,1,2024-06-10,2024-06-10,0,1,640.0,640.0,640.0,640.0,640.0,0.96,0.96,0.96,0.96,0.96,640.0,640.0,640.0,0.96,0.96,0.96,640.0,640.0,640.0,640.0,640.0,0.0,0.0,0.0,0.0,0.0,0.96,0.96,0.96,0.96,0.96,0.0,0.0,0.0,0.0,0.0
0x0015acce7275f3c3a08071521a41af7c4edc1a8a,1,2025-10-18,2025-10-18,0,1,1.709301,1.709301,1.709301,1.709301,1.709301,1.478545365,1.478545365,1.478545365,1.478545365,1.478545365,1.709301,1.709301,1.709301,1.478545365,1.478545365,1.478545365,1.709301,1.709301,1.709301,1.709301,1.709301,0.0,0.0,0.0,0.0,0.0,1.478545365,1.478545365,1.478545365,1.478545365,1.478545365,0.0,0.0,0.0,0.0,0.0
0xd7d3038134ac22075464d342e4d110f68944b746,1,2024-11-01,2024-11-01,0,1,0.91803,0.91803,0.91803,0.91803,0.91803,0.550818,0.550818,0.550818,0.550818,0.550818,0.91803,0.91803,0.91803,0.550818,0.550818,0.550818,0.0,0.0,0.0,0.0,0.0,0.91803,0.91803,0.91803,0.91803,0.91803,0.0,0.0,0.0,0.0,0.0,0.550818,0.550818,0.550818,0.550818,0.550818
0x4086c3645f06f53d8299b5b3b1b188840be982c9,1,2024-11-15,2024-11-15,0,1,0.107514,0.107514,0.107514,0.107514,0.107514,0.0892366199999999,0.0892366199999999,0.0892366199999999,0.0892366199999999,0.0892366199999999,0.107514,0.107514,0.107514,0.0892366199999999,0.0892366199999999,0.0892366199999999,0.107514,0.107514,0.107514,0.107514,0.107514,0.0,0.0,0.0,0.0,0.0,0.0892366199999999,0.0892366199999999,0.0892366199999999,0.0892366199999999,0.0892366199999999,0.0,0.0,0.0,0.0,0.0
0xcbcc1e3a2b3ffb16333307969c6bc4a6e839edc9,2,2025-11-12,2025-11-13,1,2,-14.28,14.285713,0.0028565000000000396,0.0028565000000000396,0.005713000000000079,-5.4978,5.214285244999999,-0.14175737750000028,-0.14175737750000028,-0.28351475500000056,0.005713,14.285713,0.005713,-0.2835147550000005,5.214285244999999,-0.2835147550000005,-14.28,14.285713,0.0028565000000000396,0.005713000000000079,0.005713,0.0,0.0,0.0,0.0,0.0,-5.4978,5.214285244999999,-0.14175737750000028,-0.28351475500000056,-0.2835147550000005,0.0,0.0,0.0,0.0,0.0
0xb2b35e68b1777a5b3476627fdfc2a9539167565c,1,2024-09-24,2024-09-24,0,1,1.450428,1.450428,1.450428,1.450428,1.450428,1.40691516,1.40691516,1.40691516,1.40691516,1.40691516,1.450428,1.450428,1.450428,1.40691516,1.40691516,1.40691516,1.450428,1.450428,1.450428,1.450428,1.450428,0.0,0.0,0.0,0.0,0.0,1.40691516,1.40691516,1.40691516,1.40691516,1.40691516,0.0,0.0,0.0,0.0,0.0
0xd8cb8ed2c98c4f40d11db92e4c9d80f80fbe945c,2,2024-11-09,2024-11-10,1,2,-52.63,52.631577,0.0007884999999987485,0.0007884999999987485,0.001576999999997497,-14.210100000000002,17.105262525,1.447581262499999,1.447581262499999,2.895162524999998,0.0015769999999974,52.631577,0.0015769999999974,2.895162524999998,17.105262525,2.895162524999998,0.0,0.0,0.0,0.0,0.0,-52.63,52.631577,0.0007884999999987485,0.001576999999997497,0.0015769999999974,0.0,0.0,0.0,0.0,0.0,-14.210100000000002,17.105262525,1.447581262499999,2.895162524999998,2.895162524999998
0x22ee78f830a54695c27bdb4a066612d064c0fbe9,1,2024-11-10,2024-11-10,0,1,50.0,50.0,50.0,50.0,50.0,36.5,36.5,36.5,36.5,36.5,50.0,50.0,50.0,36.5,36.5,36.5,50.0,50.0,50.0,50.0,50.0,0.0,0.0,0.0,0.0,0.0,36.5,36.5,36.5,36.5,36.5,0.0,0.0,0.0,0.0,0.0
0x6d313be3d250938bc08c29a3918bf98799092f0a,1,2024-10-31,2024-10-31,0,1,0.004917,0.004917,0.004917,0.004917,0.004917,0.002974785,0.002974785,0.002974785,0.002974785,0.002974785,0.004917,0.004917,0.004917,0.002974785,0.002974785,0.002974785,0.0,0.0,0.0,0.0,0.0,0.004917,0.004917,0.004917,0.004917,0.004917,0.0,0.0,0.0,0.0,0.0,0.002974785,0.002974785,0.002974785,0.002974785,0.002974785
0x2e4ca806793d5d58caa0daf5cb00e66b42ca3581,1,2024-11-09,2024-11-09,0,1,5.0,5.0,5.0,5.0,5.0,1.625,1.625,1.625,1.625,1.625,5.0,5.0,5.0,1.625,1.625,1.625,0.0,0.0,0.0,0.0,0.0,5.0,5.0,5.0,5.0,5.0,0.0,0.0,0.0,0.0,0.0,1.625,1.625,1.625,1.625,1.625
0xd72753dae1cb01011c1e69af78ee1f9494bbecce,1,2024-06-13,2024-06-13,0,2,3572.77,3572.77,3572.77,3572.77,3572.77,3524.3444900000004,3524.3444900000004,3524.3444900000004,3524.3444900000004,3524.3444900000004,3572.77,3572.77,3572.77,3524.3444900000004,3524.3444900000004,3524.3444900000004,3103.13,3103.13,3103.13,3103.13,3103.13,469.64,469.64,469.64,469.64,469.64,3056.58305,3056.58305,3056.58305,3056.58305,3056.58305,467.76144,467.76144,467.76144,467.76144,467.76144
0x4cc3522b689a6bf1fb4a2444c523e7776db47552,6,2024-06-06,2024-06-19,13,23,-17350.25,2322.0,-3224.1983333333333,-954.095,-19345.19,-68.31049999999999,2505.5690600000003,600.9886625,21.8396075,3605.9319750000004,-19345.19,2322.0,-19389.19,3605.931975,3605.931975,1056.384915,-11714.5,800.0,-2180.935,-13085.61,-13085.61,-5635.75,1522.0,-1043.2633333333333,-6259.58,-6259.58,-35.708,994.2,159.54226583333335,957.2535950000001,957.253595,-32.6025,2509.62139,441.44639666666666,2648.67838,2648.6783800000003
0xcf9c62635c5195e302742481fc59d8e05da1d94c,1,2025-11-10,2025-11-10,0,1,1.51515,1.51515,1.51515,1.51515,1.51515,0.9848475,0.9848475,0.9848475,0.9848475,0.9848475,1.51515,1.51515,1.51515,0.9848475,0.9848475,0.9848475,1.51515,1.51515,1.51515,1.51515,1.51515,0.0,0.0,0.0,0.0,0.0,0.9848475,0.9848475,0.9848475,0.9848475,0.9848475,0.0,0.0,0.0,0.0,0.0
0xb2c1401daabac7d2041149b9fc8acf76aa1356f0,1,2024-10-31,2024-10-31,0,1,27.5,27.5,27.5,27.5,27.5,10.8625,10.8625,10.8625,10.8625,10.8625,27.5,27.5,27.5,10.8625,10.8625,10.8625,27.5,27.5,27.5,27.5,27.5,0.0,0.0,0.0,0.0,0.0,10.8625,10.8625,10.8625,10.8625,10.8625,0.0,0.0,0.0,0.0,0.0
0x12fb52b4a9b3377daabd42dae2fa9ad7724141b2,2,2024-11-07,2024-11-08,1,2,-18.44,18.440728,0.00036399999999936483,0.00036399999999936483,0.0007279999999987297,-16.688200000000002,17.14987704,0.23083851999999894,0.23083851999999894,0.4616770399999979,0.0007279999999987,18.440728,0.0007279999999987,0.4616770399999979,17.14987704,0.4616770399999979,-18.44,18.440728,0.00036399999999936483,0.0007279999999987297,0.0007279999999987,0.0,0.0,0.0,0.0,0.0,-16.688200000000002,17.14987704,0.23083851999999894,0.4616770399999979,0.4616770399999979,0.0,0.0,0.0,0.0,0.0
0xcf3f3d914f3c2041d136ed31df9c095e8c5fb163,1,2024-11-30,2024-11-30,0,1,10.74,10.74,10.74,10.74,10.74,10.56279,10.56279,10.56279,10.56279,10.56279,10.74,10.74,10.74,10.56279,10.56279,10.56279,0.0,0.0,0.0,0.0,0.0,10.74,10.74,10.74,10.74,10.74,0.0,0.0,0.0,0.0,0.0,10.56279,10.56279,10.56279,10.56279,10.56279
0xa621abd841ac3583f57133a138a6c3cd3c9eb55b,1,2024-10-17,2024-10-17,0,1,0.0074419999999999,0.0074419999999999,0.0074419999999999,0.0074419999999999,0.0074419999999999,0.0072224609999999,0.0072224609999999,0.0072224609999999,0.0072224609999999,0.0072224609999999,0.0074419999999999,0.0074419999999999,0.0074419999999999,0.0072224609999999,0.0072224609999999,0.0072224609999999,0.0074419999999999,0.0074419999999999,0.0074419999999999,0.0074419999999999,0.0074419999999999,0.0,0.0,0.0,0.0,0.0,0.0072224609999999,0.0072224609999999,0.0072224609999999,0.0072224609999999,0.0072224609999999,0.0,0.0,0.0,0.0,0.0
0x4f721501146cb5ba5c8ef19f63bb7b01dd3d1499,1,2024-06-10,2024-06-10,0,1,1856.119165,1856.119165,1856.119165,1856.119165,1856.119165,1735.4714192750002,1735.4714192750002,1735.4714192750002,1735.4714192750002,1735.4714192750002,1856.119165,1856.119165,1856.119165,1735.4714192750002,1735.4714192750002,1735.4714192750002,1856.119165,1856.119165,1856.119165,1856.119165,1856.119165,0.0,0.0,0.0,0.0,0.0,1735.4714192750002,1735.4714192750002,1735.4714192750002,1735.4714192750002,1735.4714192750002,0.0,0.0,0.0,0.0,0.0
0xa8eab1d956b6fd9c00f29c908a832aa88f32018e,1,2024-11-16,2024-11-16,0,1,0.2258,0.2258,0.2258,0.2258,0.2258,0.1298349999999999,0.1298349999999999,0.1298349999999999,0.1298349999999999,0.1298349999999999,0.2258,0.2258,0.2258,0.1298349999999999,0.1298349999999999,0.1298349999999999,0.2258,0.2258,0.2258,0.2258,0.2258,0.0,0.0,0.0,0.0,0.0,0.1298349999999999,0.1298349999999999,0.1298349999999999,0.1298349999999999,0.1298349999999999,0.0,0.0,0.0,0.0,0.0
0x954addaadbe874b3e8b401ec8c53ecce50d4d949,1,2024-11-25,2024-11-25,0,1,0.102857,0.102857,0.102857,0.102857,0.102857,0.091337016,0.091337016,0.091337016,0.091337016,0.091337016,0.102857,0.102857,0.102857,0.091337016,0.091337016,0.091337016,0.0,0.0,0.0,0.0,0.0,0.102857,0.102857,0.102857,0.102857,0.102857,0.0,0.0,0.0,0.0,0.0,0.091337016,0.091337016,0.091337016,0.091337016,0.091337016
0xebe50a0dc36318a8226560950fe402991985ea69,1,2024-11-03,2024-11-03,0,1,0.0,0.0,0.0,0.0,0.0,0.0,0.0,0.0,0.0,0.0,0.0,0.0,0.0,0.0,0.0,0.0,0.0,0.0,0.0,0.0,0.0,0.0,0.0,0.0,0.0,0.0,0.0,0.0,0.0,0.0,0.0,0.0,0.0,0.0,0.0,0.0
0xdd0c6322e0a4af1a2bf151b5d9ca64d4f67775da,1,2024-11-24,2024-11-24,0,1,7.142856,7.142856,7.142856,7.142856,7.142856,5.907141912,5.907141912,5.907141912,5.907141912,5.907141912,7.142856,7.142856,7.142856,5.907141912,5.907141912,5.907141912,0.0,0.0,0.0,0.0,0.0,7.142856,7.142856,7.142856,7.142856,7.142856,0.0,0.0,0.0,0.0,0.0,5.907141912,5.907141912,5.907141912,5.907141912,5.907141912
0xb114d9bed982a911197cedd157b2753f9493bdcb,1,2024-11-06,2024-11-06,0,1,77.912048,77.912048,77.912048,77.912048,77.912048,3.8956024,3.8956024,3.8956024,3.8956024,3.8956024,77.912048,77.912048,77.912048,3.8956024,3.8956024,3.8956024,0.0,0.0,0.0,0.0,0.0,77.912048,77.912048,77.912048,77.912048,77.912048,0.0,0.0,0.0,0.0,0.0,3.8956024,3.8956024,3.8956024,3.8956024,3.8956024
0xaa5b41dccb38ebb92f2b089f35efd8366c9a8614,1,2024-06-11,2024-06-11,0,1,80.2,80.2,80.2,80.2,80.2,2.0050000000000003,2.0050000000000003,2.0050000000000003,2.0050000000000003,2.0050000000000003,80.2,80.2,80.2,2.0050000000000003,2.0050000000000003,2.0050000000000003,80.2,80.2,80.2,80.2,80.2,0.0,0.0,0.0,0.0,0.0,2.0050000000000003,2.0050000000000003,2.0050000000000003,2.0050000000000003,2.0050000000000003,0.0,0.0,0.0,0.0,0.0
0xfc40493f344a22f3ee34aa59a103aa8fece34c5b,1,2024-11-24,2024-11-24,0,1,5.107238,5.107238,5.107238,5.107238,5.107238,4.223685826,4.223685826,4.223685826,4.223685826,4.223685826,5.107238,5.107238,5.107238,4.223685826,4.223685826,4.223685826,0.0,0.0,0.0,0.0,0.0,5.107238,5.107238,5.107238,5.107238,5.107238,0.0,0.0,0.0,0.0,0.0,4.223685826,4.223685826,4.223685826,4.223685826,4.223685826
0xeb7ab3bff64c62d41150f80d3503a39f166197ca,1,2024-06-07,2024-06-07,0,1,0.0049999999999954,0.0049999999999954,0.0049999999999954,0.0049999999999954,0.0049999999999954,0.0049924999999954,0.0049924999999954,0.0049924999999954,0.0049924999999954,0.0049924999999954,0.0049999999999954,0.0049999999999954,0.0049999999999954,0.0049924999999954,0.0049924999999954,0.0049924999999954,0.0,0.0,0.0,0.0,0.0,0.0049999999999954,0.0049999999999954,0.0049999999999954,0.0049999999999954,0.0049999999999954,0.0,0.0,0.0,0.0,0.0,0.0049924999999954,0.0049924999999954,0.0049924999999954,0.0049924999999954,0.0049924999999954
0x442f61f709de3d290cf74c6baaa2e06eaf4c8904,1,2024-11-15,2024-11-15,0,1,3.2258,3.2258,3.2258,3.2258,3.2258,2.6774139999999997,2.6774139999999997,2.6774139999999997,2.6774139999999997,2.6774139999999997,3.2258,3.2258,3.2258,2.6774139999999997,2.6774139999999997,2.6774139999999997,3.2258,3.2258,3.2258,3.2258,3.2258,0.0,0.0,0.0,0.0,0.0,2.6774139999999997,2.6774139999999997,2.6774139999999997,2.6774139999999997,2.6774139999999997,0.0,0.0,0.0,0.0,0.0
0x3846fc0dc5a70635929301a26c7ddf623ce1c908,2,2024-11-02,2024-11-04,2,2,-29.42,9.47,-9.975000000000001,-9.975000000000001,-19.950000000000003,-20.152700000000003,5.682,-7.235350000000001,-7.235350000000001,-14.470700000000003,-19.950000000000003,9.47,-19.950000000000003,-14.470700000000004,5.682,-14.470700000000004,0.0,0.0,0.0,0.0,0.0,-29.42,9.47,-9.975000000000001,-19.950000000000003,-19.950000000000003,0.0,0.0,0.0,0.0,0.0,-20.152700000000003,5.682,-7.235350000000001,-14.470700000000003,-14.470700000000004
0x82e15df804930d991af054f42e2cdf0e4311f226,2,2024-11-07,2024-11-15,8,2,-120.48,120.481923,0.0009614999999953966,0.0009614999999953966,0.0019229999999907932,-99.9984,112.04818839,6.024894195000002,6.024894195000002,12.049788390000003,0.0019229999999907,120.481923,0.0019229999999907,12.049788390000003,112.04818839,12.049788390000003,-120.48,120.481923,0.0009614999999953966,0.0019229999999907932,0.0019229999999907,0.0,0.0,0.0,0.0,0.0,-99.9984,112.04818839,6.024894195000002,12.049788390000003,12.049788390000003,0.0,0.0,0.0,0.0,0.0
0xf4a0b08517bc9d35b19ce6d0ee2fd7a83f3b27ac,1,2024-12-02,2024-12-02,0,1,7.028,7.028,7.028,7.028,7.028,7.024486,7.024486,7.024486,7.024486,7.024486,7.028,7.028,7.028,7.024486,7.024486,7.024486,0.0,0.0,0.0,0.0,0.0,7.028,7.028,7.028,7.028,7.028,0.0,0.0,0.0,0.0,0.0,7.024486,7.024486,7.024486,7.024486,7.024486
0xa77198ee95537a9570b36741fb0e2c73046dfed8,1,2024-11-27,2024-11-27,0,1,5.102,5.102,5.102,5.102,5.102,4.675983,4.675983,4.675983,4.675983,4.675983,5.102,5.102,5.102,4.675983,4.675983,4.675983,0.0,0.0,0.0,0.0,0.0,5.102,5.102,5.102,5.102,5.102,0.0,0.0,0.0,0.0,0.0,4.675983,4.675983,4.675983,4.675983,4.675983
0x755e6a88772ba2d9241db273d97f35f1fe4260e3,1,2024-06-11,2024-06-11,0,1,0.0019999999999953,0.0019999999999953,0.0019999999999953,0.0019999999999953,0.0019999999999953,0.0019879999999953,0.0019879999999953,0.0019879999999953,0.0019879999999953,0.0019879999999953,0.0019999999999953,0.0019999999999953,0.0019999999999953,0.0019879999999953,0.0019879999999953,0.0019879999999953,0.0019999999999953,0.0019999999999953,0.0019999999999953,0.0019999999999953,0.0019999999999953,0.0,0.0,0.0,0.0,0.0,0.0019879999999953,0.0019879999999953,0.0019879999999953,0.0019879999999953,0.0019879999999953,0.0,0.0,0.0,0.0,0.0
0xe507aabe76fd963cd8d9d71719eda0387ec1cce6,1,2024-11-30,2024-11-30,0,1,7.049344,7.049344,7.049344,7.049344,7.049344,6.933029824,6.933029824,6.933029824,6.933029824,6.933029824,7.049344,7.049344,7.049344,6.933029824,6.933029824,6.933029824,0.0,0.0,0.0,0.0,0.0,7.049344,7.049344,7.049344,7.049344,7.049344,0.0,0.0,0.0,0.0,0.0,6.933029824,6.933029824,6.933029824,6.933029824,6.933029824
0xd3a6e523c440f94f9259398fbcf7b5cc5ccffd55,3,2024-11-06,2024-11-10,4,3,-9949.07,11949.05,716.9933333333332,151.0,2150.9799999999996,-6715.62225,11351.597499999998,1582.0684166666658,110.23,4746.205249999997,2150.9799999999996,11949.05,1999.9799999999996,4746.205249999997,11351.597499999998,4635.975249999998,-9949.07,11949.05,716.9933333333332,2150.9799999999996,2150.9799999999996,0.0,0.0,0.0,0.0,0.0,-6715.62225,11351.597499999998,1582.0684166666658,4746.205249999997,4746.205249999997,0.0,0.0,0.0,0.0,0.0
0x21fe77f7c7861c5f0a70a26ae86dfbaf1c5eda90,3,2024-11-10,2025-11-15,370,3,31.2,100.0,60.4,50.0,181.2,13.5,72.5,38.08906666666667,28.2672,114.2672,181.2,181.2,50.0,114.2672,114.2672,13.5,0.0,100.0,33.333333333333336,100.0,100.0,0.0,50.0,27.066666666666666,81.2,81.2,0.0,72.5,24.166666666666668,72.5,72.5,0.0,28.2672,13.922400000000001,41.7672,41.7672
0x431b78f677e62b736cb18a6c9aa70e1cb6a96ed5,1,2024-11-23,2024-11-23,0,1,6.122447,6.122447,6.122447,6.122447,6.122447,5.996936836500001,5.996936836500001,5.996936836500001,5.996936836500001,5.996936836500001,6.122447,6.122447,6.122447,5.996936836500001,5.996936836500001,5.996936836500001,0.0,0.0,0.0,0.0,0.0,6.122447,6.122447,6.122447,6.122447,6.122447,0.0,0.0,0.0,0.0,0.0,5.996936836500001,5.996936836500001,5.996936836500001,5.996936836500001,5.996936836500001
0xb5e25c4d781854ea4ac0f3c4b55f81b5991ee599,1,2024-11-05,2024-11-05,0,1,-17.94,-17.94,-17.94,-17.94,-17.94,-13.1859,-13.1859,-13.1859,-13.1859,-13.1859,-17.94,-17.94,-17.94,-13.1859,-13.1859,-13.1859,0.0,0.0,0.0,0.0,0.0,-17.94,-17.94,-17.94,-17.94,-17.94,0.0,0.0,0.0,0.0,0.0,-13.1859,-13.1859,-13.1859,-13.1859,-13.1859
0x11de8dd5f15cca8da661488bb2874b02b9598985,2,2025-11-15,2025-11-17,2,2,-12.48,12.484847,0.002423499999999912,0.002423499999999912,0.004846999999999824,-7.6752,7.927877845,0.1263389225,0.1263389225,0.252677845,0.0048469999999998,12.484847,0.0048469999999998,0.252677845,7.927877845,0.252677845,0.0,0.0,0.0,0.0,0.0,-12.48,12.484847,0.002423499999999912,0.004846999999999824,0.0048469999999998,0.0,0.0,0.0,0.0,0.0,-7.6752,7.927877845,0.1263389225,0.252677845,0.252677845
0xc53263ee9f4b7621ef9ebf7349b12a2aeab086a4,1,2024-11-18,2024-11-18,0,1,0.226414,0.226414,0.226414,0.226414,0.226414,0.02603761,0.02603761,0.02603761,0.02603761,0.02603761,0.226414,0.226414,0.226414,0.02603761,0.02603761,0.02603761,0.226414,0.226414,0.226414,0.226414,0.226414,0.0,0.0,0.0,0.0,0.0,0.02603761,0.02603761,0.02603761,0.02603761,0.02603761,0.0,0.0,0.0,0.0,0.0
0x81aec119f694b8f369f0b5e792eedd8e62c71fdb,1,2024-11-03,2024-11-03,0,1,0.0091029999999996,0.0091029999999996,0.0091029999999996,0.0091029999999996,0.0091029999999996,0.0061445249999997,0.0061445249999997,0.0061445249999997,0.0061445249999997,0.0061445249999997,0.0091029999999996,0.0091029999999996,0.0091029999999996,0.0061445249999997,0.0061445249999997,0.0061445249999997,0.0,0.0,0.0,0.0,0.0,0.0091029999999996,0.0091029999999996,0.0091029999999996,0.0091029999999996,0.0091029999999996,0.0,0.0,0.0,0.0,0.0,0.0061445249999997,0.0061445249999997,0.0061445249999997,0.0061445249999997,0.0061445249999997
0x9c88c0ad88b0c7dd929b0cf040abc9a46b2bc405,4,2024-06-08,2024-06-12,4,7,-7810.1,28996.41,4812.695,-967.765,19250.78,-11.71515,28954.13117,7234.87818125,-1.4516475,28939.512725,19250.78,19250.78,-9745.63,28939.512725,28939.512725,-14.618445,-7810.1,28996.41,4812.695,19250.78,19250.78,0.0,0.0,0.0,0.0,0.0,-11.71515,28954.13117,7234.87818125,28939.512725,28939.512725,0.0,0.0,0.0,0.0,0.0
0x896042e36af00da1ca0a80bef59b9445612893fb,1,2024-11-05,2024-11-05,0,1,30.0,30.0,30.0,30.0,30.0,22.05,22.05,22.05,22.05,22.05,30.0,30.0,30.0,22.05,22.05,22.05,0.0,0.0,0.0,0.0,0.0,30.0,30.0,30.0,30.0,30.0,0.0,0.0,0.0,0.0,0.0,22.05,22.05,22.05,22.05,22.05
0x991d6e67bea21218df63faf0c02f0f7c6a03f337,1,2024-11-27,2024-11-27,0,1,7.135574,7.135574,7.135574,7.135574,7.135574,6.539753571,6.539753571,6.539753571,6.539753571,6.539753571,7.135574,7.135574,7.135574,6.539753571,6.539753571,6.539753571,0.0,0.0,0.0,0.0,0.0,7.135574,7.135574,7.135574,7.135574,7.135574,0.0,0.0,0.0,0.0,0.0,6.539753571,6.539753571,6.539753571,6.539753571,6.539753571
0x22a9d2a18129715351bbb8f081fad758d4c21afc,2,2025-11-03,2025-11-05,2,2,-11.11,11.11111,0.0005550000000003052,0.0005550000000003052,0.0011100000000006105,-10.1101,9.94444345,-0.08282827499999978,-0.08282827499999978,-0.16565654999999957,0.0011100000000006,11.11111,0.0011100000000006,-0.1656565499999995,9.94444345,-0.1656565499999995,-11.11,11.11111,0.0005550000000003052,0.0011100000000006105,0.0011100000000006,0.0,0.0,0.0,0.0,0.0,-10.1101,9.94444345,-0.08282827499999978,-0.16565654999999957,-0.1656565499999995,0.0,0.0,0.0,0.0,0.0
0x404bbb74982d95d1ef6b7f13cc0910ebf452a52f,3,2024-09-23,2024-10-04,11,3,-0.29,0.540815,0.00027166666666668854,-0.25,0.0008150000000000657,-0.281155,0.52459055,0.0002701833333333403,-0.242625,0.000810550000000021,0.000815,0.540815,0.000815,0.00081055,0.52459055,0.00081055,-0.29,0.540815,0.00027166666666668854,0.0008150000000000657,0.000815,0.0,0.0,0.0,0.0,0.0,-0.281155,0.52459055,0.0002701833333333403,0.000810550000000021,0.00081055,0.0,0.0,0.0,0.0,0.0
0x5fb2c483dae03fa55458f38c496284acff120671,1,2024-11-09,2024-11-09,0,1,0.0066650000000052,0.0066650000000052,0.0066650000000052,0.0066650000000052,0.0066650000000052,0.0044988750000035,0.0044988750000035,0.0044988750000035,0.0044988750000035,0.0044988750000035,0.0066650000000052,0.0066650000000052,0.0066650000000052,0.0044988750000035,0.0044988750000035,0.0044988750000035,0.0066650000000052,0.0066650000000052,0.0066650000000052,0.0066650000000052,0.0066650000000052,0.0,0.0,0.0,0.0,0.0,0.0044988750000035,0.0044988750000035,0.0044988750000035,0.0044988750000035,0.0044988750000035,0.0,0.0,0.0,0.0,0.0
0xa5760f44eaa992706598187330259e86e5811b92,1,2024-11-03,2024-11-03,0,1,0.0052209999999996,0.0052209999999996,0.0052209999999996,0.0052209999999996,0.0052209999999996,0.0035241749999997,0.0035241749999997,0.0035241749999997,0.0035241749999997,0.0035241749999997,0.0052209999999996,0.0052209999999996,0.0052209999999996,0.0035241749999997,0.0035241749999997,0.0035241749999997,0.0,0.0,0.0,0.0,0.0,0.0052209999999996,0.0052209999999996,0.0052209999999996,0.0052209999999996,0.0052209999999996,0.0,0.0,0.0,0.0,0.0,0.0035241749999997,0.0035241749999997,0.0035241749999997,0.0035241749999997,0.0035241749999997
0x52f01c598765f0133f13b3b28697b827181846d7,1,2024-10-22,2024-10-22,0,1,0.0006659999999999,0.0006659999999999,0.0006659999999999,0.0006659999999999,0.0006659999999999,0.0006626699999999,0.0006626699999999,0.0006626699999999,0.0006626699999999,0.0006626699999999,0.0006659999999999,0.0006659999999999,0.0006659999999999,0.0006626699999999,0.0006626699999999,0.0006626699999999,0.0,0.0,0.0,0.0,0.0,0.0006659999999999,0.0006659999999999,0.0006659999999999,0.0006659999999999,0.0006659999999999,0.0,0.0,0.0,0.0,0.0,0.0006626699999999,0.0006626699999999,0.0006626699999999,0.0006626699999999,0.0006626699999999
0x53e9a915aa87b7d079cbf687b2f70705641d0072,2,2025-10-15,2025-11-19,35,2,-1.06,1.063816,0.0019080000000000208,0.0019080000000000208,0.0038160000000000416,-0.9911,0.99466796,0.0017839800000000183,0.0017839800000000183,0.0035679600000000367,0.003816,1.063816,0.003816,0.00356796,0.99466796,0.00356796,-1.06,1.063816,0.0019080000000000208,0.0038160000000000416,0.003816,0.0,0.0,0.0,0.0,0.0,-0.9911,0.99466796,0.0017839800000000183,0.0035679600000000367,0.00356796,0.0,0.0,0.0,0.0,0.0
0x1bf2d663593c5248cfd8e765103419bffa493a6f,1,2024-10-23,2024-10-23,0,1,0.004272,0.004272,0.004272,0.004272,0.004272,0.00418656,0.00418656,0.00418656,0.00418656,0.00418656,0.004272,0.004272,0.004272,0.00418656,0.00418656,0.00418656,0.0,0.0,0.0,0.0,0.0,0.004272,0.004272,0.004272,0.004272,0.004272,0.0,0.0,0.0,0.0,0.0,0.00418656,0.00418656,0.00418656,0.00418656,0.00418656
0x2f20901ec39f90a06bc0c5393604a804d0b8ace1,1,2025-11-07,2025-11-07,0,1,100.0,100.0,100.0,100.0,100.0,18.5,18.5,18.5,18.5,18.5,100.0,100.0,100.0,18.5,18.5,18.5,0.0,0.0,0.0,0.0,0.0,100.0,100.0,100.0,100.0,100.0,0.0,0.0,0.0,0.0,0.0,18.5,18.5,18.5,18.5,18.5
0xbad26fe5458e6219cec3e40272760e275e835296,1,2025-10-18,2025-10-18,0,1,405.36,405.36,405.36,405.36,405.36,233.082,233.082,233.082,233.082,233.082,405.36,405.36,405.36,233.082,233.082,233.082,405.36,405.36,405.36,405.36,405.36,0.0,0.0,0.0,0.0,0.0,233.082,233.082,233.082,233.082,233.082,0.0,0.0,0.0,0.0,0.0
0xcab67b85069f11d51b413e332cb5bf069376f3ff,1,2024-11-07,2024-11-07,0,1,1.204817,1.204817,1.204817,1.204817,1.204817,1.1204798100000002,1.1204798100000002,1.1204798100000002,1.1204798100000002,1.1204798100000002,1.204817,1.204817,1.204817,1.1204798100000002,1.1204798100000002,1.1204798100000002,1.204817,1.204817,1.204817,1.204817,1.204817,0.0,0.0,0.0,0.0,0.0,1.1204798100000002,1.1204798100000002,1.1204798100000002,1.1204798100000002,1.1204798100000002,0.0,0.0,0.0,0.0,0.0
0x902995bc94e6620fbce153b0f751f42af3647e72,1,2024-10-04,2024-10-04,0,1,0.0007999999999999,0.0007999999999999,0.0007999999999999,0.0007999999999999,0.0007999999999999,0.0007951999999999,0.0007951999999999,0.0007951999999999,0.0007951999999999,0.0007951999999999,0.0007999999999999,0.0007999999999999,0.0007999999999999,0.0007951999999999,0.0007951999999999,0.0007951999999999,0.0,0.0,0.0,0.0,0.0,0.0007999999999999,0.0007999999999999,0.0007999999999999,0.0007999999999999,0.0007999999999999,0.0,0.0,0.0,0.0,0.0,0.0007951999999999,0.0007951999999999,0.0007951999999999,0.0007951999999999,0.0007951999999999
0x8e0c63db1b0642e2fec3e02855a200554fce842f,1,2024-06-10,2024-06-10,0,4,15.020118,15.020118,15.020118,15.020118,15.020118,0.042557646,0.042557646,0.042557646,0.042557646,0.042557646,15.020118,15.020118,15.020118,0.042557646,0.042557646,0.042557646,15.020118,15.020118,15.020118,15.020118,15.020118,0.0,0.0,0.0,0.0,0.0,0.042557646,0.042557646,0.042557646,0.042557646,0.042557646,0.0,0.0,0.0,0.0,0.0
0xfd5d6682a35917cba7113183daa32739e2170286,1,2024-06-11,2024-06-11,0,1,1.063816,1.063816,1.063816,1.063816,1.063816,0.99466796,0.99466796,0.99466796,0.99466796,0.99466796,1.063816,1.063816,1.063816,0.99466796,0.99466796,0.99466796,1.063816,1.063816,1.063816,1.063816,1.063816,0.0,0.0,0.0,0.0,0.0,0.99466796,0.99466796,0.99466796,0.99466796,0.99466796,0.0,0.0,0.0,0.0,0.0
0xdae52e58e378202c3cc77e0e13be2c12b92d49f9,1,2024-06-06,2024-06-06,0,1,4.010728,4.010728,4.010728,4.010728,4.010728,3.62970884,3.62970884,3.62970884,3.62970884,3.62970884,4.010728,4.010728,4.010728,3.62970884,3.62970884,3.62970884,4.010728,4.010728,4.010728,4.010728,4.010728,0.0,0.0,0.0,0.0,0.0,3.62970884,3.62970884,3.62970884,3.62970884,3.62970884,0.0,0.0,0.0,0.0,0.0
0xf6df086fd5520e86df5408d5b9871895956865b1,1,2025-11-13,2025-11-13,0,3,7.870617,7.870617,7.870617,7.870617,7.870617,6.936537255,6.936537255,6.936537255,6.936537255,6.936537255,7.870617,7.870617,7.870617,6.936537255,6.936537255,6.936537255,7.870617,7.870617,7.870617,7.870617,7.870617,0.0,0.0,0.0,0.0,0.0,6.936537255,6.936537255,6.936537255,6.936537255,6.936537255,0.0,0.0,0.0,0.0,0.0
0x808840e8aec776c2cf91dd176bf1b59acd60105c,1,2024-10-04,2024-10-04,0,1,0.0021999999999999,0.0021999999999999,0.0021999999999999,0.0021999999999999,0.0021999999999999,0.0021867999999999,0.0021867999999999,0.0021867999999999,0.0021867999999999,0.0021867999999999,0.0021999999999999,0.0021999999999999,0.0021999999999999,0.0021867999999999,0.0021867999999999,0.0021867999999999,0.0,0.0,0.0,0.0,0.0,0.0021999999999999,0.0021999999999999,0.0021999999999999,0.0021999999999999,0.0021999999999999,0.0,0.0,0.0,0.0,0.0,0.0021867999999999,0.0021867999999999,0.0021867999999999,0.0021867999999999,0.0021867999999999
0x207eb4b7b127fc783303176f062e3964bdee6f5d,1,2024-11-28,2024-11-28,0,1,11.201628,11.201628,11.201628,11.201628,11.201628,10.887982416,10.887982416,10.887982416,10.887982416,10.887982416,11.201628,11.201628,11.201628,10.887982416,10.887982416,10.887982416,0.0,0.0,0.0,0.0,0.0,11.201628,11.201628,11.201628,11.201628,11.201628,0.0,0.0,0.0,0.0,0.0,10.887982416,10.887982416,10.887982416,10.887982416,10.887982416
0x2ba08b06d62b6ac11928081202673e0c85fe704d,1,2024-06-18,2024-06-18,0,1,226.457928,226.457928,226.457928,226.457928,226.457928,223.740432864,223.740432864,223.740432864,223.740432864,223.740432864,226.457928,226.457928,226.457928,223.740432864,223.740432864,223.740432864,226.457928,226.457928,226.457928,226.457928,226.457928,0.0,0.0,0.0,0.0,0.0,223.740432864,223.740432864,223.740432864,223.740432864,223.740432864,0.0,0.0,0.0,0.0,0.0
0xe23b4bbdd234c5320afabaa0ac6608be8a6709a7,2,2024-11-01,2024-11-02,1,2,-53.0,53.0,0.0,0.0,0.0,-52.6025,52.9205,0.15899999999999892,0.15899999999999892,0.31799999999999784,0.0,53.0,0.0,0.3180000000000049,52.9205,0.3180000000000049,0.0,0.0,0.0,0.0,0.0,-53.0,53.0,0.0,0.0,0.0,0.0,0.0,0.0,0.0,0.0,-52.6025,52.9205,0.15899999999999892,0.31799999999999784,0.3180000000000049
0xef1ef7e14f69bde1c9d76d801ef02b66c179f70a,1,2024-12-02,2024-12-02,0,1,7.007,7.007,7.007,7.007,7.007,7.0034965,7.0034965,7.0034965,7.0034965,7.0034965,7.007,7.007,7.007,7.0034965,7.0034965,7.0034965,0.0,0.0,0.0,0.0,0.0,7.007,7.007,7.007,7.007,7.007,0.0,0.0,0.0,0.0,0.0,7.0034965,7.0034965,7.0034965,7.0034965,7.0034965
0x116a3801e5289adb7ab0d909788fe342edc04950,1,2025-10-15,2025-10-15,0,1,1.0989,1.0989,1.0989,1.0989,1.0989,0.9945045,0.9945045,0.9945045,0.9945045,0.9945045,1.0989,1.0989,1.0989,0.9945045,0.9945045,0.9945045,1.0989,1.0989,1.0989,1.0989,1.0989,0.0,0.0,0.0,0.0,0.0,0.9945045,0.9945045,0.9945045,0.9945045,0.9945045,0.0,0.0,0.0,0.0,0.0
0x0db290495bbde756199381b4ff2389c7c1e54e2f,2,2025-10-14,2025-10-15,1,13,-552.14,-180.0,-366.07,-366.07,-732.14,-303.09585,-165.0,-234.047925,-234.047925,-468.09585,-732.14,-180.0,-732.14,-468.09585,-165.0,-468.09585,-130.0,-50.0,-90.0,-180.0,-180.0,-502.14,-50.0,-276.07,-552.14,-552.14,-119.05,-30.25,-74.65,-149.3,-149.3,-272.84585,-45.95,-159.397925,-318.79585,-318.79585
0xc4132c5db9641f4ec767b0812dafc7c32a45d702,1,2024-11-18,2024-11-18,0,1,6.0,6.0,6.0,6.0,6.0,5.3100000000000005,5.3100000000000005,5.3100000000000005,5.3100000000000005,5.3100000000000005,6.0,6.0,6.0,5.3100000000000005,5.3100000000000005,5.3100000000000005,0.0,0.0,0.0,0.0,0.0,6.0,6.0,6.0,6.0,6.0,0.0,0.0,0.0,0.0,0.0,5.3100000000000005,5.3100000000000005,5.3100000000000005,5.3100000000000005,5.3100000000000005
0x4588a6cd6375d97c64a79e97908ccdf2f5314ff0,1,2024-11-09,2024-11-09,0,1,0.007052999999999,0.007052999999999,0.007052999999999,0.007052999999999,0.007052999999999,0.0047607749999993,0.0047607749999993,0.0047607749999993,0.0047607749999993,0.0047607749999993,0.007052999999999,0.007052999999999,0.007052999999999,0.0047607749999993,0.0047607749999993,0.0047607749999993,0.007052999999999,0.007052999999999,0.007052999999999,0.007052999999999,0.007052999999999,0.0,0.0,0.0,0.0,0.0,0.0047607749999993,0.0047607749999993,0.0047607749999993,0.0047607749999993,0.0047607749999993,0.0,0.0,0.0,0.0,0.0
0xc9fe0436cd2283c72df87b67a3683abfdba7d2ac,1,2024-11-02,2024-11-02,0,1,0.0,0.0,0.0,0.0,0.0,0.0,0.0,0.0,0.0,0.0,0.0,0.0,0.0,0.0,0.0,0.0,0.0,0.0,0.0,0.0,0.0,0.0,0.0,0.0,0.0,0.0,0.0,0.0,0.0,0.0,0.0,0.0,0.0,0.0,0.0,0.0
0x8f04852f530e007d335f16db852cc82c5a37d82e,1,2024-11-06,2024-11-06,0,1,100.0,100.0,100.0,100.0,100.0,5.0,5.0,5.0,5.0,5.0,100.0,100.0,100.0,5.0,5.0,5.0,0.0,0.0,0.0,0.0,0.0,100.0,100.0,100.0,100.0,100.0,0.0,0.0,0.0,0.0,0.0,5.0,5.0,5.0,5.0,5.0
0xf014fa28e9977160d95afa404092052eed4b82a6,1,2025-11-09,2025-11-09,0,2,12.17,12.17,12.17,12.17,12.17,5.024699999999999,5.024699999999999,5.024699999999999,5.024699999999999,5.024699999999999,12.17,12.17,12.17,5.024699999999999,5.024699999999999,5.024699999999999,0.0,0.0,0.0,0.0,0.0,12.17,12.17,12.17,12.17,12.17,0.0,0.0,0.0,0.0,0.0,5.024699999999999,5.024699999999999,5.024699999999999,5.024699999999999,5.024699999999999
0xcfa713162133afed332e23c18f7786b4ff537c43,1,2024-10-06,2024-10-06,0,1,0.0022,0.0022,0.0022,0.0022,0.0022,0.0021868,0.0021868,0.0021868,0.0021868,0.0021868,0.0022,0.0022,0.0022,0.0021868,0.0021868,0.0021868,0.0,0.0,0.0,0.0,0.0,0.0022,0.0022,0.0022,0.0022,0.0022,0.0,0.0,0.0,0.0,0.0,0.0021868,0.0021868,0.0021868,0.0021868,0.0021868
0xcb636e66fe89038ef9c805d0876c6c29339858a1,1,2025-11-05,2025-11-05,0,1,0.0052569999999998,0.0052569999999998,0.0052569999999998,0.0052569999999998,0.0052569999999998,0.0048364399999998,0.0048364399999998,0.0048364399999998,0.0048364399999998,0.0048364399999998,0.0052569999999998,0.0052569999999998,0.0052569999999998,0.0048364399999998,0.0048364399999998,0.0048364399999998,0.0,0.0,0.0,0.0,0.0,0.0052569999999998,0.0052569999999998,0.0052569999999998,0.0052569999999998,0.0052569999999998,0.0,0.0,0.0,0.0,0.0,0.0048364399999998,0.0048364399999998,0.0048364399999998,0.0048364399999998,0.0048364399999998
0x1ebdaf2e6570867c2e0da260c0850dc17722a8b4,1,2025-10-14,2025-10-14,0,1,10.46,10.46,10.46,10.46,10.46,9.8847,9.8847,9.8847,9.8847,9.8847,10.46,10.46,10.46,9.8847,9.8847,9.8847,0.0,0.0,0.0,0.0,0.0,10.46,10.46,10.46,10.46,10.46,0.0,0.0,0.0,0.0,0.0,9.8847,9.8847,9.8847,9.8847,9.8847
0x427311c6551a20d6bde2f4b57f10a34f164afa0d,1,2024-11-17,2024-11-17,0,1,20.833332,20.833332,20.833332,20.833332,20.833332,9.06249942,9.06249942,9.06249942,9.06249942,9.06249942,20.833332,20.833332,20.833332,9.06249942,9.06249942,9.06249942,0.0,0.0,0.0,0.0,0.0,20.833332,20.833332,20.833332,20.833332,20.833332,0.0,0.0,0.0,0.0,0.0,9.06249942,9.06249942,9.06249942,9.06249942,9.06249942
0x53a8bdb2b5c042c54ad8d3c03d8cccdc19399dc3,1,2024-11-03,2024-11-03,0,1,0.0070569999999996,0.0070569999999996,0.0070569999999996,0.0070569999999996,0.0070569999999996,0.0022935249999998,0.0022935249999998,0.0022935249999998,0.0022935249999998,0.0022935249999998,0.0070569999999996,0.0070569999999996,0.0070569999999996,0.0022935249999998,0.0022935249999998,0.0022935249999998,0.0070569999999996,0.0070569999999996,0.0070569999999996,0.0070569999999996,0.0070569999999996,0.0,0.0,0.0,0.0,0.0,0.0022935249999998,0.0022935249999998,0.0022935249999998,0.0022935249999998,0.0022935249999998,0.0,0.0,0.0,0.0,0.0
0xcc67bfb83633f497482d672ad0dddf4e9ee11fcc,2,2024-11-24,2024-11-25,1,2,1.020407,1.028785,1.024596,1.024596,2.049192,0.843876589,0.91356108,0.8787188345,0.8787188345,1.757437669,2.049192,2.049192,1.020407,1.757437669,1.757437669,0.843876589,0.0,0.0,0.0,0.0,0.0,1.020407,1.028785,1.024596,2.049192,2.049192,0.0,0.0,0.0,0.0,0.0,0.843876589,0.91356108,0.8787188345,1.757437669,1.757437669
0x2b6d92360ab87f5bbc41b0ec23a917f3b117fb28,1,2024-11-24,2024-11-24,0,1,5.102039,5.102039,5.102039,5.102039,5.102039,4.219386253000001,4.219386253000001,4.219386253000001,4.219386253000001,4.219386253000001,5.102039,5.102039,5.102039,4.219386253000001,4.219386253000001,4.219386253000001,0.0,0.0,0.0,0.0,0.0,5.102039,5.102039,5.102039,5.102039,5.102039,0.0,0.0,0.0,0.0,0.0,4.219386253000001,4.219386253000001,4.219386253000001,4.219386253000001,4.219386253000001
0x0ab59170445da008ecd7a243b412f5429c21407f,1,2024-10-30,2024-10-30,0,1,0.01,0.01,0.01,0.01,0.01,0.0038,0.0038,0.0038,0.0038,0.0038,0.01,0.01,0.01,0.0038,0.0038,0.0038,0.01,0.01,0.01,0.01,0.01,0.0,0.0,0.0,0.0,0.0,0.0038,0.0038,0.0038,0.0038,0.0038,0.0,0.0,0.0,0.0,0.0
0x731a3bb5f74c4476796e38856a6cfdbb90f66eef,1,2024-11-29,2024-11-29,0,1,1.11111,1.11111,1.11111,1.11111,1.11111,1.088332245,1.088332245,1.088332245,1.088332245,1.088332245,1.11111,1.11111,1.11111,1.088332245,1.088332245,1.088332245,0.0,0.0,0.0,0.0,0.0,1.11111,1.11111,1.11111,1.11111,1.11111,0.0,0.0,0.0,0.0,0.0,1.088332245,1.088332245,1.088332245,1.088332245,1.088332245
0x510759cbff32fc6f444a0367da801a95b764a634,1,2025-10-14,2025-10-14,0,1,1.1739000000000002,1.1739000000000002,1.1739000000000002,1.1739000000000002,1.1739000000000002,1.0741185000000002,1.0741185000000002,1.0741185000000002,1.0741185000000002,1.0741185000000002,1.1739000000000002,1.1739000000000002,1.1739000000000002,1.0741185000000002,1.0741185000000002,1.0741185000000002,1.1739000000000002,1.1739000000000002,1.1739000000000002,1.1739000000000002,1.1739000000000002,0.0,0.0,0.0,0.0,0.0,1.0741185000000002,1.0741185000000002,1.0741185000000002,1.0741185000000002,1.0741185000000002,0.0,0.0,0.0,0.0,0.0
0x2bf309dd001df4f9b1f90c26432d6ff457a38c3d,1,2024-12-02,2024-12-02,0,1,243.220049,243.220049,243.220049,243.220049,243.220049,243.0984389755,243.0984389755,243.0984389755,243.0984389755,243.0984389755,243.220049,243.220049,243.220049,243.0984389755,243.0984389755,243.0984389755,0.0,0.0,0.0,0.0,0.0,243.220049,243.220049,243.220049,243.220049,243.220049,0.0,0.0,0.0,0.0,0.0,243.0984389755,243.0984389755,243.0984389755,243.0984389755,243.0984389755
0x6d1516ee459053c45222c2aa56dcaeac3baa62ae,1,2024-10-31,2024-10-31,0,1,0.0,0.0,0.0,0.0,0.0,0.0,0.0,0.0,0.0,0.0,0.0,0.0,0.0,0.0,0.0,0.0,0.0,0.0,0.0,0.0,0.0,0.0,0.0,0.0,0.0,0.0,0.0,0.0,0.0,0.0,0.0,0.0,0.0,0.0,0.0,0.0
0x750eddeba4e5bb16e89bc74ee6908b58f96208c0,2,2025-10-21,2025-10-23,2,2,-1.7,1.704541,0.002270500000000064,0.002270500000000064,0.004541000000000128,-1.479,1.48295067,0.0019753349999999115,0.0019753349999999115,0.003950669999999823,0.0045410000000001,1.704541,0.0045410000000001,0.0039506700000002,1.48295067,0.0039506700000002,-1.7,1.704541,0.002270500000000064,0.004541000000000128,0.0045410000000001,0.0,0.0,0.0,0.0,0.0,-1.479,1.48295067,0.0019753349999999115,0.003950669999999823,0.0039506700000002,0.0,0.0,0.0,0.0,0.0
0x1e5d4b5c9a0807571c0e27b1fabe038b4132ad4f,2,2024-11-07,2024-11-08,1,2,-2872.74,2872.7482330000003,0.004116500000236556,0.004116500000236556,0.008233000000473112,-2599.8297,2671.6558566900003,35.91307834500026,35.91307834500026,71.82615669000052,0.0082330000004731,2872.7482330000003,0.0082330000004731,71.82615669000052,2671.6558566900003,71.82615669000052,-2872.74,2872.7482330000003,0.004116500000236556,0.008233000000473112,0.0082330000004731,0.0,0.0,0.0,0.0,0.0,-2599.8297,2671.6558566900003,35.91307834500026,71.82615669000052,71.82615669000052,0.0,0.0,0.0,0.0,0.0
0xaab8bddd511a41adfe5276d539a6c27d231f1c1a,2,2025-10-21,2025-10-23,2,2,-1.43,1.43156,0.0007800000000000029,0.0007800000000000029,0.0015600000000000058,-1.3441999999999998,1.3456663999999998,0.0007331999999999894,0.0007331999999999894,0.0014663999999999788,0.00156,1.43156,0.00156,0.0014663999999999,1.3456663999999998,0.0014663999999999,0.0,0.0,0.0,0.0,0.0,-1.43,1.43156,0.0007800000000000029,0.0015600000000000058,0.00156,0.0,0.0,0.0,0.0,0.0,-1.3441999999999998,1.3456663999999998,0.0007331999999999894,0.0014663999999999788,0.0014663999999999
0xd0f95064cc176ae3393b2701409b55a9848ad8ae,1,2024-10-30,2024-10-30,0,1,0.015625,0.015625,0.015625,0.015625,0.015625,0.0096875,0.0096875,0.0096875,0.0096875,0.0096875,0.015625,0.015625,0.015625,0.0096875,0.0096875,0.0096875,0.0,0.0,0.0,0.0,0.0,0.015625,0.015625,0.015625,0.015625,0.015625,0.0,0.0,0.0,0.0,0.0,0.0096875,0.0096875,0.0096875,0.0096875,0.0096875
0x33043e534bf4716efc63a90bdacdf412362375d2,1,2024-11-28,2024-11-28,0,1,8.056393,8.056393,8.056393,8.056393,8.056393,7.830813996,7.830813996,7.830813996,7.830813996,7.830813996,8.056393,8.056393,8.056393,7.830813996,7.830813996,7.830813996,0.0,0.0,0.0,0.0,0.0,8.056393,8.056393,8.056393,8.056393,8.056393,0.0,0.0,0.0,0.0,0.0,7.830813996,7.830813996,7.830813996,7.830813996,7.830813996
0xade14e5e4e5528bb1f6c530f7bc51e0788024353,1,2024-11-15,2024-11-15,0,1,0.129028,0.129028,0.129028,0.129028,0.129028,0.1070932399999999,0.1070932399999999,0.1070932399999999,0.1070932399999999,0.1070932399999999,0.129028,0.129028,0.129028,0.1070932399999999,0.1070932399999999,0.1070932399999999,0.129028,0.129028,0.129028,0.129028,0.129028,0.0,0.0,0.0,0.0,0.0,0.1070932399999999,0.1070932399999999,0.1070932399999999,0.1070932399999999,0.1070932399999999,0.0,0.0,0.0,0.0,0.0
0xb0a60787710f8d6254dc0e304fc72b6a3907e0c2,1,2025-11-16,2025-11-16,0,1,25.0,25.0,25.0,25.0,25.0,10.125,10.125,10.125,10.125,10.125,25.0,25.0,25.0,10.125,10.125,10.125,0.0,0.0,0.0,0.0,0.0,25.0,25.0,25.0,25.0,25.0,0.0,0.0,0.0,0.0,0.0,10.125,10.125,10.125,10.125,10.125
0xb739561da7cf37bf760cd24bb86e3322a34ec856,1,2024-10-22,2024-10-22,0,1,0.002,0.002,0.002,0.002,0.002,0.00199,0.00199,0.00199,0.00199,0.00199,0.002,0.002,0.002,0.00199,0.00199,0.00199,0.0,0.0,0.0,0.0,0.0,0.002,0.002,0.002,0.002,0.002,0.0,0.0,0.0,0.0,0.0,0.00199,0.00199,0.00199,0.00199,0.00199
0x452558f01c877e440627453344196d365b2c108e,1,2024-10-27,2024-10-27,0,1,0.0003329999999999,0.0003329999999999,0.0003329999999999,0.0003329999999999,0.0003329999999999,0.0003311684999999,0.0003311684999999,0.0003311684999999,0.0003311684999999,0.0003311684999999,0.0003329999999999,0.0003329999999999,0.0003329999999999,0.0003311684999999,0.0003311684999999,0.0003311684999999,0.0,0.0,0.0,0.0,0.0,0.0003329999999999,0.0003329999999999,0.0003329999999999,0.0003329999999999,0.0003329999999999,0.0,0.0,0.0,0.0,0.0,0.0003311684999999,0.0003311684999999,0.0003311684999999,0.0003311684999999,0.0003311684999999
0xb64d82d0663b5c3868f45c16533de889bbd9de7f,1,2024-06-08,2024-06-08,0,1,4.651157,4.651157,4.651157,4.651157,4.651157,4.046506590000001,4.046506590000001,4.046506590000001,4.046506590000001,4.046506590000001,4.651157,4.651157,4.651157,4.046506590000001,4.046506590000001,4.046506590000001,4.651157,4.651157,4.651157,4.651157,4.651157,0.0,0.0,0.0,0.0,0.0,4.046506590000001,4.046506590000001,4.046506590000001,4.046506590000001,4.046506590000001,0.0,0.0,0.0,0.0,0.0
0xa180744f1f108086bfbe340ab947df357afdcdd7,1,2024-10-30,2024-10-30,0,1,0.0051419999999999,0.0051419999999999,0.0051419999999999,0.0051419999999999,0.0051419999999999,0.0049543169999999,0.0049543169999999,0.0049543169999999,0.0049543169999999,0.0049543169999999,0.0051419999999999,0.0051419999999999,0.0051419999999999,0.0049543169999999,0.0049543169999999,0.0049543169999999,0.0051419999999999,0.0051419999999999,0.0051419999999999,0.0051419999999999,0.0051419999999999,0.0,0.0,0.0,0.0,0.0,0.0049543169999999,0.0049543169999999,0.0049543169999999,0.0049543169999999,0.0049543169999999,0.0,0.0,0.0,0.0,0.0
0x0911dbc3b81d296af84ef26048b621a1e44fd441,1,2025-11-11,2025-11-11,0,1,1.08695,1.08695,1.08695,1.08695,1.08695,0.99455925,0.99455925,0.99455925,0.99455925,0.99455925,1.08695,1.08695,1.08695,0.99455925,0.99455925,0.99455925,1.08695,1.08695,1.08695,1.08695,1.08695,0.0,0.0,0.0,0.0,0.0,0.99455925,0.99455925,0.99455925,0.99455925,0.99455925,0.0,0.0,0.0,0.0,0.0
0x12e818bc36f87f0cccaac0998a47053dfd3b0d42,1,2024-11-06,2024-11-06,0,2,0.0045000000000072,0.0045000000000072,0.0045000000000072,0.0045000000000072,0.0045000000000072,723.4625272500001,723.4625272500001,723.4625272500001,723.4625272500001,723.4625272500001,0.0045000000000072,0.0045000000000072,0.0045000000000072,723.4625272500001,723.4625272500001,723.4625272500001,-737.47,-737.47,-737.47,-737.47,-737.47,737.4745,737.4745,737.4745,737.4745,737.4745,-7.005965,-7.005965,-7.005965,-7.005965,-7.005965,730.46849225,730.46849225,730.46849225,730.46849225,730.46849225
0xea555d61523ac7c0eda468da1a4a92afd3e53058,1,2024-11-23,2024-11-23,0,1,7.142856,7.142856,7.142856,7.142856,7.142856,6.996427452000001,6.996427452000001,6.996427452000001,6.996427452000001,6.996427452000001,7.142856,7.142856,7.142856,6.996427452000001,6.996427452000001,6.996427452000001,0.0,0.0,0.0,0.0,0.0,7.142856,7.142856,7.142856,7.142856,7.142856,0.0,0.0,0.0,0.0,0.0,6.996427452000001,6.996427452000001,6.996427452000001,6.996427452000001,6.996427452000001
0xa47fe40e93566ff05039eb1e72fb27a93b5e2838,1,2024-09-29,2024-09-29,0,1,0.0006659999999999,0.0006659999999999,0.0006659999999999,0.0006659999999999,0.0006659999999999,0.0006613379999999,0.0006613379999999,0.0006613379999999,0.0006613379999999,0.0006613379999999,0.0006659999999999,0.0006659999999999,0.0006659999999999,0.0006613379999999,0.0006613379999999,0.0006613379999999,0.0,0.0,0.0,0.0,0.0,0.0006659999999999,0.0006659999999999,0.0006659999999999,0.0006659999999999,0.0006659999999999,0.0,0.0,0.0,0.0,0.0,0.0006613379999999,0.0006613379999999,0.0006613379999999,0.0006613379999999,0.0006613379999999
0xe599b1b66e137e33bbe733cb5fddff3e360ea860,1,2024-11-28,2024-11-28,0,1,7.049344,7.049344,7.049344,7.049344,7.049344,6.851962368,6.851962368,6.851962368,6.851962368,6.851962368,7.049344,7.049344,7.049344,6.851962368,6.851962368,6.851962368,0.0,0.0,0.0,0.0,0.0,7.049344,7.049344,7.049344,7.049344,7.049344,0.0,0.0,0.0,0.0,0.0,6.851962368,6.851962368,6.851962368,6.851962368,6.851962368
0x66b72283cfcab79cc7d8152f93cfa60fc49f7c80,1,2024-11-03,2024-11-03,0,1,0.0049239999999999,0.0049239999999999,0.0049239999999999,0.0049239999999999,0.0049239999999999,0.0033236999999999,0.0033236999999999,0.0033236999999999,0.0033236999999999,0.0033236999999999,0.0049239999999999,0.0049239999999999,0.0049239999999999,0.0033236999999999,0.0033236999999999,0.0033236999999999,0.0,0.0,0.0,0.0,0.0,0.0049239999999999,0.0049239999999999,0.0049239999999999,0.0049239999999999,0.0049239999999999,0.0,0.0,0.0,0.0,0.0,0.0033236999999999,0.0033236999999999,0.0033236999999999,0.0033236999999999,0.0033236999999999
0x384ae4337964849729c9ecf871f6e0dab83a84da,1,2024-11-24,2024-11-24,0,1,5.102039,5.102039,5.102039,5.102039,5.102039,4.219386253000001,4.219386253000001,4.219386253000001,4.219386253000001,4.219386253000001,5.102039,5.102039,5.102039,4.219386253000001,4.219386253000001,4.219386253000001,0.0,0.0,0.0,0.0,0.0,5.102039,5.102039,5.102039,5.102039,5.102039,0.0,0.0,0.0,0.0,0.0,4.219386253000001,4.219386253000001,4.219386253000001,4.219386253000001,4.219386253000001
0x4962a8ea2b8e85b6559b7d5e98d7b4d9b0fcfd08,1,2024-11-25,2024-11-25,0,1,0.201004,0.201004,0.201004,0.201004,0.201004,0.022512448,0.022512448,0.022512448,0.022512448,0.022512448,0.201004,0.201004,0.201004,0.022512448,0.022512448,0.022512448,0.201004,0.201004,0.201004,0.201004,0.201004,0.0,0.0,0.0,0.0,0.0,0.022512448,0.022512448,0.022512448,0.022512448,0.022512448,0.0,0.0,0.0,0.0,0.0
0xdadbee39ba3bdaf2c8bb2a86c614c5fa43d48607,1,2024-11-01,2024-11-01,0,1,0.163933,0.163933,0.163933,0.163933,0.163933,0.0983598,0.0983598,0.0983598,0.0983598,0.0983598,0.163933,0.163933,0.163933,0.0983598,0.0983598,0.0983598,0.0,0.0,0.0,0.0,0.0,0.163933,0.163933,0.163933,0.163933,0.163933,0.0,0.0,0.0,0.0,0.0,0.0983598,0.0983598,0.0983598,0.0983598,0.0983598
0x35a3e420fb077e862f13088b8bc9e17d8cfe610f,1,2024-11-25,2024-11-25,0,1,1.028785,1.028785,1.028785,1.028785,1.028785,0.91356108,0.91356108,0.91356108,0.91356108,0.91356108,1.028785,1.028785,1.028785,0.91356108,0.91356108,0.91356108,0.0,0.0,0.0,0.0,0.0,1.028785,1.028785,1.028785,1.028785,1.028785,0.0,0.0,0.0,0.0,0.0,0.91356108,0.91356108,0.91356108,0.91356108,0.91356108
0x2023ac17d35a16fc04f167a24ab1dd56280bf621,2,2025-10-21,2025-10-23,2,2,-1.32,1.329541,0.004770500000000011,0.004770500000000011,0.009541000000000022,-1.1484,1.15670067,0.0041503349999999495,0.0041503349999999495,0.008300669999999899,0.009541,1.329541,0.009541,0.0083006699999998,1.15670067,0.0083006699999998,-1.32,1.329541,0.004770500000000011,0.009541000000000022,0.009541,0.0,0.0,0.0,0.0,0.0,-1.1484,1.15670067,0.0041503349999999495,0.008300669999999899,0.0083006699999998,0.0,0.0,0.0,0.0,0.0
0xc63574d50c47fe3645ec9029034abce419c7c92b,1,2024-06-10,2024-06-10,0,4,15.020118,15.020118,15.020118,15.020118,15.020118,0.042557646,0.042557646,0.042557646,0.042557646,0.042557646,15.020118,15.020118,15.020118,0.042557646,0.042557646,0.042557646,15.020118,15.020118,15.020118,15.020118,15.020118,0.0,0.0,0.0,0.0,0.0,0.042557646,0.042557646,0.042557646,0.042557646,0.042557646,0.0,0.0,0.0,0.0,0.0
0x19a9b7b2bae7c4500466ab5f53f7c58847a5b9ea,1,2024-11-28,2024-11-28,0,1,6.042295,6.042295,6.042295,6.042295,6.042295,5.87311074,5.87311074,5.87311074,5.87311074,5.87311074,6.042295,6.042295,6.042295,5.87311074,5.87311074,5.87311074,0.0,0.0,0.0,0.0,0.0,6.042295,6.042295,6.042295,6.042295,6.042295,0.0,0.0,0.0,0.0,0.0,5.87311074,5.87311074,5.87311074,5.87311074,5.87311074
0x6d6514eab960a4afa0ce9b6d2a60039dabc23781,1,2025-10-15,2025-10-15,0,1,41.666665,41.666665,41.666665,41.666665,41.666665,4.791666475,4.791666475,4.791666475,4.791666475,4.791666475,41.666665,41.666665,41.666665,4.791666475,4.791666475,4.791666475,0.0,0.0,0.0,0.0,0.0,41.666665,41.666665,41.666665,41.666665,41.666665,0.0,0.0,0.0,0.0,0.0,4.791666475,4.791666475,4.791666475,4.791666475,4.791666475
0x964b3f35c72065b105356c948ee5e8f221746772,1,2024-11-24,2024-11-24,0,1,6.128666,6.128666,6.128666,6.128666,6.128666,5.068406781999999,5.068406781999999,5.068406781999999,5.068406781999999,5.068406781999999,6.128666,6.128666,6.128666,5.068406781999999,5.068406781999999,5.068406781999999,0.0,0.0,0.0,0.0,0.0,6.128666,6.128666,6.128666,6.128666,6.128666,0.0,0.0,0.0,0.0,0.0,5.068406781999999,5.068406781999999,5.068406781999999,5.068406781999999,5.068406781999999
0x97450fffca5f07b9bc3d1eca60b421c407f4b1f5,2,2024-10-27,2024-11-01,5,2,-0.85,0.859363,0.004681500000000005,0.004681500000000005,0.00936300000000001,-0.820675,0.8426054215000001,0.01096521075000001,0.01096521075000001,0.02193042150000002,0.009363,0.859363,0.009363,0.0219304215,0.8426054215000001,0.0219304215,0.0,0.0,0.0,0.0,0.0,-0.85,0.859363,0.004681500000000005,0.00936300000000001,0.009363,0.0,0.0,0.0,0.0,0.0,-0.820675,0.8426054215000001,0.01096521075000001,0.02193042150000002,0.0219304215
0x13ee153d99e7a6f713a472ead16d00a071ee23f3,1,2024-09-30,2024-09-30,0,1,0.0097199999999999,0.0097199999999999,0.0097199999999999,0.0097199999999999,0.0097199999999999,0.0094332599999999,0.0094332599999999,0.0094332599999999,0.0094332599999999,0.0094332599999999,0.0097199999999999,0.0097199999999999,0.0097199999999999,0.0094332599999999,0.0094332599999999,0.0094332599999999,0.0097199999999999,0.0097199999999999,0.0097199999999999,0.0097199999999999,0.0097199999999999,0.0,0.0,0.0,0.0,0.0,0.0094332599999999,0.0094332599999999,0.0094332599999999,0.0094332599999999,0.0094332599999999,0.0,0.0,0.0,0.0,0.0
0xa570ddd5417d96f7f1078d5935265a49b3a5cc47,1,2024-10-30,2024-10-30,0,1,1.846152,1.846152,1.846152,1.846152,1.846152,0.70153776,0.70153776,0.70153776,0.70153776,0.70153776,1.846152,1.846152,1.846152,0.70153776,0.70153776,0.70153776,1.846152,1.846152,1.846152,1.846152,1.846152,0.0,0.0,0.0,0.0,0.0,0.70153776,0.70153776,0.70153776,0.70153776,0.70153776,0.0,0.0,0.0,0.0,0.0
0xe1d7159aebc77369779de8b43fe315a171960d61,1,2024-11-23,2024-11-23,0,1,10.203872,10.203872,10.203872,10.203872,10.203872,9.994692624,9.994692624,9.994692624,9.994692624,9.994692624,10.203872,10.203872,10.203872,9.994692624,9.994692624,9.994692624,0.0,0.0,0.0,0.0,0.0,10.203872,10.203872,10.203872,10.203872,10.203872,0.0,0.0,0.0,0.0,0.0,9.994692624,9.994692624,9.994692624,9.994692624,9.994692624
0xafd3011999683890d803a889ebe6e5f66a13df2f,2,2025-10-21,2025-10-23,2,2,-1.25,1.25262,0.0013100000000000334,0.0013100000000000334,0.0026200000000000667,-1.1749999999999998,1.1774628,0.0012314000000001046,0.0012314000000001046,0.0024628000000002093,0.00262,1.25262,0.00262,0.0024628000000002,1.1774628,0.0024628000000002,0.0,0.0,0.0,0.0,0.0,-1.25,1.25262,0.0013100000000000334,0.0026200000000000667,0.00262,0.0,0.0,0.0,0.0,0.0,-1.1749999999999998,1.1774628,0.0012314000000001046,0.0024628000000002093,0.0024628000000002
0xe4ca3841ade21e05cbd5786dd5feea5d65c01383,3,2025-10-14,2025-11-17,34,3,-50.3,102.56,34.086666666666666,50.0,102.26,-19.3655,41.53680000000001,9.557100000000002,6.5,28.671300000000006,102.26,152.56,50.0,28.67130000000001,48.03680000000001,6.5,0.0,0.0,0.0,0.0,0.0,-50.3,102.56,34.086666666666666,102.26,102.26,0.0,0.0,0.0,0.0,0.0,-19.3655,41.53680000000001,9.557100000000002,28.671300000000006,28.67130000000001
0x302753e484304fa32e31db696e187f321d7b707c,1,2024-11-07,2024-11-07,0,1,0.056172,0.056172,0.056172,0.056172,0.056172,0.05223996,0.05223996,0.05223996,0.05223996,0.05223996,0.056172,0.056172,0.056172,0.05223996,0.05223996,0.05223996,0.056172,0.056172,0.056172,0.056172,0.056172,0.0,0.0,0.0,0.0,0.0,0.05223996,0.05223996,0.05223996,0.05223996,0.05223996,0.0,0.0,0.0,0.0,0.0
0xb2c5c9e1998b547dd8e21ffd33516b01def8c2ee,1,2025-10-19,2025-10-19,0,1,1.136358,1.136358,1.136358,1.136358,1.136358,0.98863146,0.98863146,0.98863146,0.98863146,0.98863146,1.136358,1.136358,1.136358,0.98863146,0.98863146,0.98863146,1.136358,1.136358,1.136358,1.136358,1.136358,0.0,0.0,0.0,0.0,0.0,0.98863146,0.98863146,0.98863146,0.98863146,0.98863146,0.0,0.0,0.0,0.0,0.0
0x537fd753b415823cda121447cf200fa788e02670,1,2024-10-06,2024-10-06,0,1,0.0007999999999999,0.0007999999999999,0.0007999999999999,0.0007999999999999,0.0007999999999999,0.0007951999999999,0.0007951999999999,0.0007951999999999,0.0007951999999999,0.0007951999999999,0.0007999999999999,0.0007999999999999,0.0007999999999999,0.0007951999999999,0.0007951999999999,0.0007951999999999,0.0,0.0,0.0,0.0,0.0,0.0007999999999999,0.0007999999999999,0.0007999999999999,0.0007999999999999,0.0007999999999999,0.0,0.0,0.0,0.0,0.0,0.0007951999999999,0.0007951999999999,0.0007951999999999,0.0007951999999999,0.0007951999999999
0xb23420c6dc8660c344c69e82dee862ac7829a15a,2,2025-11-02,2025-11-14,12,5,-9.63,61.871811,26.1209055,26.1209055,52.241811,-6.981750000000001,55.531659645000005,24.274954822500003,24.274954822500003,48.54990964500001,52.241811,61.871811,52.241811,48.54990964500001,55.531659645000005,48.54990964500001,-9.63,61.871811,26.1209055,52.241811,52.241811,0.0,0.0,0.0,0.0,0.0,-6.981750000000001,55.531659645000005,24.274954822500003,48.54990964500001,48.54990964500001,0.0,0.0,0.0,0.0,0.0
0x38e5ca54bbb0985937fc1d6fac64db185f1d6ec9,1,2024-06-10,2024-06-10,0,4,15.020038,15.020038,15.020038,15.020038,15.020038,0.042477886,0.042477886,0.042477886,0.042477886,0.042477886,15.020038,15.020038,15.020038,0.042477886,0.042477886,0.042477886,15.020038,15.020038,15.020038,15.020038,15.020038,0.0,0.0,0.0,0.0,0.0,0.042477886,0.042477886,0.042477886,0.042477886,0.042477886,0.0,0.0,0.0,0.0,0.0
0xb165dcae4ee68765c6a03bbdb6e226984f3dfcd2,1,2024-11-27,2024-11-27,0,1,6.109978,6.109978,6.109978,6.109978,6.109978,5.599794837,5.599794837,5.599794837,5.599794837,5.599794837,6.109978,6.109978,6.109978,5.599794837,5.599794837,5.599794837,0.0,0.0,0.0,0.0,0.0,6.109978,6.109978,6.109978,6.109978,6.109978,0.0,0.0,0.0,0.0,0.0,5.599794837,5.599794837,5.599794837,5.599794837,5.599794837
0xfda488ebabbb7fc98380d88b4095c34eb2e80f58,1,2024-11-02,2024-11-02,0,1,0.0002550000000001,0.0002550000000001,0.0002550000000001,0.0002550000000001,0.0002550000000001,0.000102,0.000102,0.000102,0.000102,0.000102,0.0002550000000001,0.0002550000000001,0.0002550000000001,0.000102,0.000102,0.000102,0.0002550000000001,0.0002550000000001,0.0002550000000001,0.0002550000000001,0.0002550000000001,0.0,0.0,0.0,0.0,0.0,0.000102,0.000102,0.000102,0.000102,0.000102,0.0,0.0,0.0,0.0,0.0
0x6f451d267c04226457a8a0ce2d99f98d0f14451e,1,2024-10-06,2024-10-06,0,1,0.0602,0.0602,0.0602,0.0602,0.0602,0.0598388,0.0598388,0.0598388,0.0598388,0.0598388,0.0602,0.0602,0.0602,0.0598388,0.0598388,0.0598388,0.0,0.0,0.0,0.0,0.0,0.0602,0.0602,0.0602,0.0602,0.0602,0.0,0.0,0.0,0.0,0.0,0.0598388,0.0598388,0.0598388,0.0598388,0.0598388
0x4f1c9b266dbd54bbe29d6a7ac6df7347e5fcc280,1,2024-06-11,2024-06-11,0,2,0.0112000000000165,0.0112000000000165,0.0112000000000165,0.0112000000000165,0.0112000000000165,0.0111733000000163,0.0111733000000163,0.0111733000000163,0.0111733000000163,0.0111733000000163,0.0112000000000165,0.0112000000000165,0.0112000000000165,0.0111733000000163,0.0111733000000163,0.0111733000000163,0.0022000000000019,0.0022000000000019,0.0022000000000019,0.0022000000000019,0.0022000000000019,0.0090000000000145,0.0090000000000145,0.0090000000000145,0.0090000000000145,0.0090000000000145,0.0021868000000018,0.0021868000000018,0.0021868000000018,0.0021868000000018,0.0021868000000018,0.0089865000000144,0.0089865000000144,0.0089865000000144,0.0089865000000144,0.0089865000000144
0x31e9c032bdca68ba95ca645e65d3c5eb43af7d7c,5,2024-11-08,2024-11-29,21,5,-294.76,866.7581640000001,62.999632800000015,-87.0,314.9981640000001,-288.71742,82.34202558000001,-87.111478884,-78.822,-435.55739442,314.9981640000001,866.7581640000001,314.9981640000001,-435.55739442,82.34202558000001,-435.55739442,0.0,0.0,0.0,0.0,0.0,-294.76,866.7581640000001,62.999632800000015,314.9981640000001,314.9981640000001,0.0,0.0,0.0,0.0,0.0,-288.71742,82.34202558000001,-87.111478884,-435.55739442,-435.55739442
0xe959dd061855d6a69a257fb9649d6f55d9461399,2,2025-10-21,2025-10-25,4,2,-1.1,1.106366,0.003182999999999936,0.003182999999999936,0.006365999999999872,-1.0285000000000002,1.03445221,0.0029761049999998956,0.0029761049999998956,0.005952209999999791,0.0063659999999998,1.106366,0.0063659999999998,0.0059522099999997,1.03445221,0.0059522099999997,-1.1,1.106366,0.003182999999999936,0.006365999999999872,0.0063659999999998,0.0,0.0,0.0,0.0,0.0,-1.0285000000000002,1.03445221,0.0029761049999998956,0.005952209999999791,0.0059522099999997,0.0,0.0,0.0,0.0,0.0
0xd2c356865798b8b4a7e85d96880f3831b519e56e,1,2024-09-21,2024-09-21,0,1,1.012083,1.012083,1.012083,1.012083,1.012083,0.9852628005,0.9852628005,0.9852628005,0.9852628005,0.9852628005,1.012083,1.012083,1.012083,0.9852628005,0.9852628005,0.9852628005,1.012083,1.012083,1.012083,1.012083,1.012083,0.0,0.0,0.0,0.0,0.0,0.9852628005,0.9852628005,0.9852628005,0.9852628005,0.9852628005,0.0,0.0,0.0,0.0,0.0
0x0acde3d09972349da7284e15b073c3d6945f34fd,1,2025-10-14,2025-10-14,0,1,1.08695,1.08695,1.08695,1.08695,1.08695,0.99455925,0.99455925,0.99455925,0.99455925,0.99455925,1.08695,1.08695,1.08695,0.99455925,0.99455925,0.99455925,1.08695,1.08695,1.08695,1.08695,1.08695,0.0,0.0,0.0,0.0,0.0,0.99455925,0.99455925,0.99455925,0.99455925,0.99455925,0.0,0.0,0.0,0.0,0.0
0xe78e4a3e1b794c710a853c29f096fcea31093c5b,2,2025-11-06,2025-11-09,3,3,10.86,12.17,11.515,11.515,23.03,5.024699999999999,9.8826,7.45365,7.45365,14.9073,23.03,23.03,10.86,14.9073,14.9073,9.8826,0.0,0.0,0.0,0.0,0.0,10.86,12.17,11.515,23.03,23.03,0.0,0.0,0.0,0.0,0.0,5.024699999999999,9.8826,7.45365,14.9073,14.9073
0xac4502d32af912ac03deaece6b294d3c4f8e20c5,1,2024-11-09,2024-11-09,0,1,100.0,100.0,100.0,100.0,100.0,32.5,32.5,32.5,32.5,32.5,100.0,100.0,100.0,32.5,32.5,32.5,0.0,0.0,0.0,0.0,0.0,100.0,100.0,100.0,100.0,100.0,0.0,0.0,0.0,0.0,0.0,32.5,32.5,32.5,32.5,32.5
0xe8dd7741ccb12350957ec71e9ee332e0d1e6ec86,2,2025-11-05,2025-11-19,14,3,44.971586,1010.681817,527.8267015,527.8267015,1055.653403,29.231530900000003,350.985226995,190.1083789475,190.1083789475,380.216757895,1055.653403,1055.653403,1010.681817,380.216757895,380.216757895,350.985226995,0.0,0.0,0.0,0.0,0.0,44.971586,1010.681817,527.8267015,1055.653403,1055.653403,0.0,0.0,0.0,0.0,0.0,29.231530900000003,350.985226995,190.1083789475,380.216757895,380.216757895
0x17531598db5edc66bc5b0df0f0a9df2138f81300,1,2024-11-15,2024-11-15,0,1,0.30526,0.30526,0.30526,0.30526,0.30526,0.2533658,0.2533658,0.2533658,0.2533658,0.2533658,0.30526,0.30526,0.30526,0.2533658,0.2533658,0.2533658,0.30526,0.30526,0.30526,0.30526,0.30526,0.0,0.0,0.0,0.0,0.0,0.2533658,0.2533658,0.2533658,0.2533658,0.2533658,0.0,0.0,0.0,0.0,0.0
0x7d9ebac623477b73cbb7164b17f8dfc995ea547d,1,2024-11-15,2024-11-15,0,1,11.627905,11.627905,11.627905,11.627905,11.627905,9.65116115,9.65116115,9.65116115,9.65116115,9.65116115,11.627905,11.627905,11.627905,9.65116115,9.65116115,9.65116115,11.627905,11.627905,11.627905,11.627905,11.627905,0.0,0.0,0.0,0.0,0.0,9.65116115,9.65116115,9.65116115,9.65116115,9.65116115,0.0,0.0,0.0,0.0,0.0
0x1dcfb9039a2392aa788f2818ad68a9e903d3fef9,1,2024-11-18,2024-11-18,0,1,0.241934,0.241934,0.241934,0.241934,0.241934,0.02782241,0.02782241,0.02782241,0.02782241,0.02782241,0.241934,0.241934,0.241934,0.02782241,0.02782241,0.02782241,0.241934,0.241934,0.241934,0.241934,0.241934,0.0,0.0,0.0,0.0,0.0,0.02782241,0.02782241,0.02782241,0.02782241,0.02782241,0.0,0.0,0.0,0.0,0.0
0xb8a59979a83afdec684ed8ca8dc7b391d3ea97ae,1,2024-11-04,2024-11-04,0,1,1.026692,1.026692,1.026692,1.026692,1.026692,0.992297818,0.992297818,0.992297818,0.992297818,0.992297818,1.026692,1.026692,1.026692,0.992297818,0.992297818,0.992297818,0.0,0.0,0.0,0.0,0.0,1.026692,1.026692,1.026692,1.026692,1.026692,0.0,0.0,0.0,0.0,0.0,0.992297818,0.992297818,0.992297818,0.992297818,0.992297818
0xc5a2c089c16d91d716783fd54e97e61b23054bbf,1,2024-11-03,2024-11-03,0,1,0.0034770000000001,0.0034770000000001,0.0034770000000001,0.0034770000000001,0.0034770000000001,0.002346975,0.002346975,0.002346975,0.002346975,0.002346975,0.0034770000000001,0.0034770000000001,0.0034770000000001,0.002346975,0.002346975,0.002346975,0.0,0.0,0.0,0.0,0.0,0.0034770000000001,0.0034770000000001,0.0034770000000001,0.0034770000000001,0.0034770000000001,0.0,0.0,0.0,0.0,0.0,0.002346975,0.002346975,0.002346975,0.002346975,0.002346975
0xec8308309145772ee52af9c4e23e701c9e2f46a3,1,2024-11-23,2024-11-23,0,1,11.224486,11.224486,11.224486,11.224486,11.224486,10.994384037,10.994384037,10.994384037,10.994384037,10.994384037,11.224486,11.224486,11.224486,10.994384037,10.994384037,10.994384037,0.0,0.0,0.0,0.0,0.0,11.224486,11.224486,11.224486,11.224486,11.224486,0.0,0.0,0.0,0.0,0.0,10.994384037,10.994384037,10.994384037,10.994384037,10.994384037
0xe9ae76d9b6f4b9ef7fe8aaf4cfaa6aaebe77b17a,1,2025-11-05,2025-11-05,0,1,5.0,5.0,5.0,5.0,5.0,4.55,4.55,4.55,4.55,4.55,5.0,5.0,5.0,4.55,4.55,4.55,5.0,5.0,5.0,5.0,5.0,0.0,0.0,0.0,0.0,0.0,4.55,4.55,4.55,4.55,4.55,0.0,0.0,0.0,0.0,0.0
0x59ee6c6a56d7b00223f0c30f8002c4df762b684d,3,2024-06-12,2024-06-18,6,15,175.0,1978.2,833.3333333333334,346.8,2500.0,172.28750000000002,1971.07848,829.3964066666667,344.82324,2488.18922,2500.0,2500.0,175.0,2488.18922,2488.18922,172.28750000000002,0.0,0.0,0.0,0.0,0.0,175.0,1978.2,833.3333333333334,2500.0,2500.0,0.0,0.0,0.0,0.0,0.0,172.28750000000002,1971.07848,829.3964066666667,2488.18922,2488.18922
0x21064fd320bfd5a86f8c92a94d3209edf4154dea,2,2025-10-14,2025-10-16,2,3,-161.72,340.0,89.14,89.14,178.28,-139.8878,312.09999999999997,86.10609999999998,86.10609999999998,172.21219999999997,178.28,340.0,178.28,172.21219999999997,312.09999999999997,172.21219999999997,-161.72,340.0,89.14,178.28,178.28,0.0,0.0,0.0,0.0,0.0,-139.8878,312.09999999999997,86.10609999999998,172.21219999999997,172.21219999999997,0.0,0.0,0.0,0.0,0.0
0xad7ad34dddc35a1654e1b7d8d9c4bb93903febf3,1,2024-11-25,2024-11-25,0,1,1.028785,1.028785,1.028785,1.028785,1.028785,0.91356108,0.91356108,0.91356108,0.91356108,0.91356108,1.028785,1.028785,1.028785,0.91356108,0.91356108,0.91356108,0.0,0.0,0.0,0.0,0.0,1.028785,1.028785,1.028785,1.028785,1.028785,0.0,0.0,0.0,0.0,0.0,0.91356108,0.91356108,0.91356108,0.91356108,0.91356108
0xd42f6a1634a3707e27cbae14ca966068e5d1047d,4,2024-06-07,2024-06-18,11,14,-11235.81,-502.0,-3891.9674999999997,-1915.0300000000002,-15567.869999999999,-40.41394,18.3865,-6.943132499999999,-2.8725449999999997,-27.772529999999996,-15567.87,-502.0,-15567.87,-27.772529999999996,18.3865,-27.772529999999996,-11235.81,-522.0,-3896.9674999999997,-15587.869999999999,-15587.87,0.0,20.0,5.0,20.0,20.0,-40.41394,-0.9135,-11.768132499999998,-47.07252999999999,-47.07252999999999,0.0,19.3,4.825,19.3,19.3
0xcb7e81876653141527bb988adf3d206bf216bbe5,1,2024-11-20,2024-11-20,0,1,1.017235,1.017235,1.017235,1.017235,1.017235,0.904321915,0.904321915,0.904321915,0.904321915,0.904321915,1.017235,1.017235,1.017235,0.904321915,0.904321915,0.904321915,0.0,0.0,0.0,0.0,0.0,1.017235,1.017235,1.017235,1.017235,1.017235,0.0,0.0,0.0,0.0,0.0,0.904321915,0.904321915,0.904321915,0.904321915,0.904321915
0xdc71d849d42b94f85bc1b07a24ee9fcd834530c2,1,2024-11-28,2024-11-28,0,1,12.09675,12.09675,12.09675,12.09675,12.09675,11.758041,11.758041,11.758041,11.758041,11.758041,12.09675,12.09675,12.09675,11.758041,11.758041,11.758041,0.0,0.0,0.0,0.0,0.0,12.09675,12.09675,12.09675,12.09675,12.09675,0.0,0.0,0.0,0.0,0.0,11.758041,11.758041,11.758041,11.758041,11.758041
0x8ce1f59c8d08b7e9b83f70fb98fc443169697c58,1,2024-06-07,2024-06-07,0,2,0.004000000000019,0.004000000000019,0.004000000000019,0.004000000000019,0.004000000000019,0.0039940000000189,0.0039940000000189,0.0039940000000189,0.0039940000000189,0.0039940000000189,0.004000000000019,0.004000000000019,0.004000000000019,0.0039940000000189,0.0039940000000189,0.0039940000000189,0.0,0.0,0.0,0.0,0.0,0.004000000000019,0.004000000000019,0.004000000000019,0.004000000000019,0.004000000000019,0.0,0.0,0.0,0.0,0.0,0.0039940000000189,0.0039940000000189,0.0039940000000189,0.0039940000000189,0.0039940000000189
0x088fd8d0bf02563f7c4d606fdb1c5c6525ca9c20,1,2025-10-27,2025-10-27,0,1,1.08695,1.08695,1.08695,1.08695,1.08695,0.99455925,0.99455925,0.99455925,0.99455925,0.99455925,1.08695,1.08695,1.08695,0.99455925,0.99455925,0.99455925,1.08695,1.08695,1.08695,1.08695,1.08695,0.0,0.0,0.0,0.0,0.0,0.99455925,0.99455925,0.99455925,0.99455925,0.99455925,0.0,0.0,0.0,0.0,0.0
0xc03673afe0401c53b33d682b351e582ab1fe47f0,1,2024-11-09,2024-11-09,0,1,0.0017630000000039,0.0017630000000039,0.0017630000000039,0.0017630000000039,0.0017630000000039,0.0005729750000012,0.0005729750000012,0.0005729750000012,0.0005729750000012,0.0005729750000012,0.0017630000000039,0.0017630000000039,0.0017630000000039,0.0005729750000012,0.0005729750000012,0.0005729750000012,0.0,0.0,0.0,0.0,0.0,0.0017630000000039,0.0017630000000039,0.0017630000000039,0.0017630000000039,0.0017630000000039,0.0,0.0,0.0,0.0,0.0,0.0005729750000012,0.0005729750000012,0.0005729750000012,0.0005729750000012,0.0005729750000012
0x8e17ee45ae63c14172e22b1251c1e42cfb662abf,1,2024-11-03,2024-11-03,0,1,0.006469,0.006469,0.006469,0.006469,0.006469,0.002102425,0.002102425,0.002102425,0.002102425,0.002102425,0.006469,0.006469,0.006469,0.002102425,0.002102425,0.002102425,0.006469,0.006469,0.006469,0.006469,0.006469,0.0,0.0,0.0,0.0,0.0,0.002102425,0.002102425,0.002102425,0.002102425,0.002102425,0.0,0.0,0.0,0.0,0.0
0xcb7230aaba38926e41faed6379bb0a59f9a46020,1,2024-11-29,2024-11-29,0,1,11.11111,11.11111,11.11111,11.11111,11.11111,10.883332245,10.883332245,10.883332245,10.883332245,10.883332245,11.11111,11.11111,11.11111,10.883332245,10.883332245,10.883332245,0.0,0.0,0.0,0.0,0.0,11.11111,11.11111,11.11111,11.11111,11.11111,0.0,0.0,0.0,0.0,0.0,10.883332245,10.883332245,10.883332245,10.883332245,10.883332245
0x8b091e7369593256266c17721334b96559eda17f,1,2024-09-30,2024-09-30,0,1,0.00575,0.00575,0.00575,0.00575,0.00575,0.005660875,0.005660875,0.005660875,0.005660875,0.005660875,0.00575,0.00575,0.00575,0.005660875,0.005660875,0.005660875,0.0,0.0,0.0,0.0,0.0,0.00575,0.00575,0.00575,0.00575,0.00575,0.0,0.0,0.0,0.0,0.0,0.005660875,0.005660875,0.005660875,0.005660875,0.005660875
0x39eda11b428b61b1219614092fa930053d9ca808,1,2024-10-26,2024-10-26,0,1,0.0046199999999999,0.0046199999999999,0.0046199999999999,0.0046199999999999,0.0046199999999999,0.0044883299999999,0.0044883299999999,0.0044883299999999,0.0044883299999999,0.0044883299999999,0.0046199999999999,0.0046199999999999,0.0046199999999999,0.0044883299999999,0.0044883299999999,0.0044883299999999,0.0046199999999999,0.0046199999999999,0.0046199999999999,0.0046199999999999,0.0046199999999999,0.0,0.0,0.0,0.0,0.0,0.0044883299999999,0.0044883299999999,0.0044883299999999,0.0044883299999999,0.0044883299999999,0.0,0.0,0.0,0.0,0.0
0xdbf7c1765541dabbfc9f79f708fb33646942166e,1,2024-11-18,2024-11-18,0,1,0.161289,0.161289,0.161289,0.161289,0.161289,0.018548235,0.018548235,0.018548235,0.018548235,0.018548235,0.161289,0.161289,0.161289,0.018548235,0.018548235,0.018548235,0.161289,0.161289,0.161289,0.161289,0.161289,0.0,0.0,0.0,0.0,0.0,0.018548235,0.018548235,0.018548235,0.018548235,0.018548235,0.0,0.0,0.0,0.0,0.0
0xfd46cbbef26081d182e8fb957b21c02a2e4fe7d3,1,2024-11-29,2024-11-29,0,1,9.10009,9.10009,9.10009,9.10009,9.10009,8.913538155,8.913538155,8.913538155,8.913538155,8.913538155,9.10009,9.10009,9.10009,8.913538155,8.913538155,8.913538155,0.0,0.0,0.0,0.0,0.0,9.10009,9.10009,9.10009,9.10009,9.10009,0.0,0.0,0.0,0.0,0.0,8.913538155,8.913538155,8.913538155,8.913538155,8.913538155
0x2aacd459eaea420eb0d7b94c7b03238786c6dfad,1,2025-10-15,2025-10-15,0,1,1.724135,1.724135,1.724135,1.724135,1.724135,0.956894925,0.956894925,0.956894925,0.956894925,0.956894925,1.724135,1.724135,1.724135,0.956894925,0.956894925,0.956894925,1.724135,1.724135,1.724135,1.724135,1.724135,0.0,0.0,0.0,0.0,0.0,0.956894925,0.956894925,0.956894925,0.956894925,0.956894925,0.0,0.0,0.0,0.0,0.0
0x64d80740e17258577924be1438c0c37c76b18704,1,2024-11-03,2024-11-03,0,1,0.0076460000000011,0.0076460000000011,0.0076460000000011,0.0076460000000011,0.0076460000000011,0.0024849500000003,0.0024849500000003,0.0024849500000003,0.0024849500000003,0.0024849500000003,0.0076460000000011,0.0076460000000011,0.0076460000000011,0.0024849500000003,0.0024849500000003,0.0024849500000003,0.0076460000000011,0.0076460000000011,0.0076460000000011,0.0076460000000011,0.0076460000000011,0.0,0.0,0.0,0.0,0.0,0.0024849500000003,0.0024849500000003,0.0024849500000003,0.0024849500000003,0.0024849500000003,0.0,0.0,0.0,0.0,0.0
0x17eb528ffe2802f4ff8747b8ef9e0c67529eeff7,1,2024-11-02,2024-11-02,0,1,0.0015,0.0015,0.0015,0.0015,0.0015,0.0006,0.0006,0.0006,0.0006,0.0006,0.0015,0.0015,0.0015,0.0006,0.0006,0.0006,0.0015,0.0015,0.0015,0.0015,0.0015,0.0,0.0,0.0,0.0,0.0,0.0006,0.0006,0.0006,0.0006,0.0006,0.0,0.0,0.0,0.0,0.0
0x723abd46c3a35c8969092c955708caeb48c9a47f,1,2025-10-14,2025-10-14,0,1,1.162785,1.162785,1.162785,1.162785,1.162785,1.01162295,1.01162295,1.01162295,1.01162295,1.01162295,1.162785,1.162785,1.162785,1.01162295,1.01162295,1.01162295,1.162785,1.162785,1.162785,1.162785,1.162785,0.0,0.0,0.0,0.0,0.0,1.01162295,1.01162295,1.01162295,1.01162295,1.01162295,0.0,0.0,0.0,0.0,0.0
0x1e4290cecbeabb254461ce53c4f32e8390ef68a5,1,2024-11-15,2024-11-15,0,1,0.129028,0.129028,0.129028,0.129028,0.129028,0.1070932399999999,0.1070932399999999,0.1070932399999999,0.1070932399999999,0.1070932399999999,0.129028,0.129028,0.129028,0.1070932399999999,0.1070932399999999,0.1070932399999999,0.129028,0.129028,0.129028,0.129028,0.129028,0.0,0.0,0.0,0.0,0.0,0.1070932399999999,0.1070932399999999,0.1070932399999999,0.1070932399999999,0.1070932399999999,0.0,0.0,0.0,0.0,0.0
0xca6615f6b8fc95d35b62f8c3e0c01b2116d2d35f,1,2024-06-09,2024-06-09,0,2,23.191212,23.191212,23.191212,23.191212,23.191212,21.888423154,21.888423154,21.888423154,21.888423154,21.888423154,23.191212,23.191212,23.191212,21.888423154,21.888423154,21.888423154,23.191212,23.191212,23.191212,23.191212,23.191212,0.0,0.0,0.0,0.0,0.0,21.888423154,21.888423154,21.888423154,21.888423154,21.888423154,0.0,0.0,0.0,0.0,0.0
0x7cb61295b83fc19bc97e1b5a8d7ff8c823949de3,1,2025-10-21,2025-10-21,0,1,1.0989,1.0989,1.0989,1.0989,1.0989,0.9835155,0.9835155,0.9835155,0.9835155,0.9835155,1.0989,1.0989,1.0989,0.9835155,0.9835155,0.9835155,1.0989,1.0989,1.0989,1.0989,1.0989,0.0,0.0,0.0,0.0,0.0,0.9835155,0.9835155,0.9835155,0.9835155,0.9835155,0.0,0.0,0.0,0.0,0.0
0xf5a6c6acd710b3d4c3c5b35dac613338e7a20dea,1,2024-06-11,2024-06-11,0,1,250.0,250.0,250.0,250.0,250.0,0.375,0.375,0.375,0.375,0.375,250.0,250.0,250.0,0.375,0.375,0.375,250.0,250.0,250.0,250.0,250.0,0.0,0.0,0.0,0.0,0.0,0.375,0.375,0.375,0.375,0.375,0.0,0.0,0.0,0.0,0.0
0xb4dfb6a5a0471cfe6f0481b94b7ff744f9ad8656,1,2024-10-23,2024-10-23,0,1,0.143148,0.143148,0.143148,0.143148,0.143148,0.139068282,0.139068282,0.139068282,0.139068282,0.139068282,0.143148,0.143148,0.143148,0.139068282,0.139068282,0.139068282,0.143148,0.143148,0.143148,0.143148,0.143148,0.0,0.0,0.0,0.0,0.0,0.139068282,0.139068282,0.139068282,0.139068282,0.139068282,0.0,0.0,0.0,0.0,0.0
0x9dd9e18b9dcc393705e73966bc79eccbbd9108bd,11,2025-10-14,2025-11-19,36,14,-495.0,500.0,113.18181818181819,100.0,1245.0,-136.125,165.39999999999998,36.78727272727273,25.705,404.66,1245.0,1245.0,20.0,404.66,404.66,-61.89999999999999,0.0,345.0,50.54545454545455,556.0,556.0,-495.0,500.0,62.63636363636363,689.0,689.0,0.0,165.39999999999998,24.172272727272727,265.895,265.895,-136.125,145.0,12.614999999999998,138.765,138.765
