market_id,user_id,total_buy,total_sell,net_amount,num_trades
will-john-thune-be-the-next-seante-majority-leader,0x0015acce7275f3c3a08071521a41af7c4edc1a8a,0.0,1809.8283600000002,-1809.8283600000002,1998
will-john-thune-be-the-next-seante-majority-leader,0x0053a5eeca6ea3402fe2774225b4ad006a033ccf,48671.272008,24286.069620000006,24385.202387999994,5994
will-john-thune-be-the-next-seante-majority-leader,0x006109fbf51e2e5d5fb75acc1567b59e37b2a51b,3995.884116000001,0.0,3995.884116000001,1998
will-john-thune-be-the-next-seante-majority-leader,0x006fbbaac590d2f8ead996c615d2b92485774e8f,199799.98002000002,0.0,199799.98002000002,1998
will-john-thune-be-the-next-seante-majority-leader,0x0096b750532228a5681e4e5275333f4379d0362d,7.499946000000001,0.0,7.499946000000001,1
will-john-thune-be-the-next-seante-majority-leader,0x00a8fecdb131cbfc5ed4d23a08f6a1ce57c7ba13,10.859944,10.86687,-0.006925999999999988,2
will-john-thune-be-the-next-seante-majority-leader,0x019caef22687338d34fd70c198475f041598edf7,34.31493,34.31493,0.0,2
will-john-thune-be-the-next-seante-majority-leader,0x01ef6455e56b53040b2eb03442a9015e0927488b,1.0099449999999999,0.0,1.0099449999999999,1
will-john-thune-be-the-next-seante-majority-leader,0x029f5a2f709bf78d3cb93d536f1511b6a24e0ea4,1.2999539999999998,0.0,1.2999539999999998,1
will-john-thune-be-the-next-seante-majority-leader,0x0319fae6d50dd334e0f9fc888ba7d50ba123fa8d,0.0,0.16,-0.16,1
will-john-thune-be-the-next-seante-majority-leader,0x038d49ef43b07771ceec94eb93e4c4b4ff6c01d5,1997.9440559999994,0.99485,1996.9492059999993,1999
will-john-thune-be-the-next-seante-majority-leader,0x03cdc8fb6c728328db647878664ea83d525f0691,0.0,0.065,-0.065,1
will-john-thune-be-the-next-seante-majority-leader,0x0486ccdb7705c2803489dd48750ddd857d1958e5,3995.960040000001,0.0,3995.960040000001,1998
will-john-thune-be-the-next-seante-majority-leader,0x04c712dd3838723786030715cddc61e86a186c52,0.0,0.986,-0.986,1
will-john-thune-be-the-next-seante-majority-leader,0x0548b20f1d193eff999949df312a20cb4a1d4521,1997.8881119999996,0.0,1997.8881119999996,1998
will-john-thune-be-the-next-seante-majority-leader,0x0599c08ea443056fcd341ca0ef2b36accb5963d0,1997.9960039999996,0.0,1997.9960039999996,1998
will-john-thune-be-the-next-seante-majority-leader,0x05b177327cfa7e24420354116d3794f416b251c7,0.0,7.872,-7.872,1
will-john-thune-be-the-next-seante-majority-leader,0x064500278def8d7140b39038641bff558ae22a33,37102.75810200001,0.0,37102.75810200001,1998
will-john-thune-be-the-next-seante-majority-leader,0x06a2426a1c2aa9171b1bbcf51e465b1419bfddab,139780.034046,138331.80972000002,1448.2243259999668,3996
will-john-thune-be-the-next-seante-majority-leader,0x06f3ac6f934f9832ad7dbc8745ad21ef8d3586a0,1997.9960039999996,1997.200800000001,0.7952039999986482,3996
will-john-thune-be-the-next-seante-majority-leader,0x071db80fbddb49e12dcceb3335ddfc703d5872c2,9.999839999999999,0.0,9.999839999999999,1
will-john-thune-be-the-next-seante-majority-leader,0x0740bb5dc69ab4ef061b38e97b8b9c49c05dd934,54.06998599999999,0.0,54.06998599999999,2
will-john-thune-be-the-next-seante-majority-leader,0x07759924dd8636b7344ad9906c5ddf7bb2f365a8,17.999982,17.917299999999997,0.08268200000000192,2
will-john-thune-be-the-next-seante-majority-leader,0x07a135f0e17a0504dcc825cfab86d024ab26073f,1997.9960039999996,1993.1248799999998,4.8711239999997815,3996
will-john-thune-be-the-next-seante-majority-leader,0x07cd3b93cb93798822815a386656f26a41da0f15,2917.0480319999997,2909.727360000001,7.320671999998467,3996
will-john-thune-be-the-next-seante-majority-leader,0x07eace8fe8abec91052efcd37e871a1f45fee2e4,5.439951000000001,5.41863,0.021321000000000367,2
will-john-thune-be-the-next-seante-majority-leader,0x07f31e735a5912f7dead8bb1044f25bd9f6dbc1a,5.91,5.898,0.012000000000000455,2
will-john-thune-be-the-next-seante-majority-leader,0x08683d7adc3155e8ca8d1c1e7c35e206b2ab33f3,0.0,8.883,-8.883,1
will-john-thune-be-the-next-seante-majority-leader,0x08b230fad6f98257e7f284168426d8d32edc9ff3,51.339811,51.16239000000001,0.17742099999998828,2
will-john-thune-be-the-next-seante-majority-leader,0x0924588df156a51f021cd3cd2c1ec85d5647d8ba,4795.196004000001,0.0,4795.196004000001,1998
will-john-thune-be-the-next-seante-majority-leader,0x0a2787cc4aabaf05d8be89d6efd684ab96dcdef0,99899.95404599997,99478.32209999999,421.6319459999795,3996
will-john-thune-be-the-next-seante-majority-leader,0x0b31f3561be0872b7d78befaca6a32b74b6da48f,0.9999680000000001,0.0,0.9999680000000001,1
will-john-thune-be-the-next-seante-majority-leader,0x0b4990b6364c5a448f06945a421bb04c596e44c2,14.999920000000001,14.94776,0.05216000000000065,2
will-john-thune-be-the-next-seante-majority-leader,0x0b49f8840bb58149e541ee3c02cf89173cf1c1cc,0.0,16.728,-16.728,1
will-john-thune-be-the-next-seante-majority-leader,0x0b6a38082e2a83d35026404c624b9c4bcf802d9c,14.829963,14.85435,-0.024387000000000825,2
will-john-thune-be-the-next-seante-majority-leader,0x0b7aea525d167abca794e7ea21f13d055525b87e,13.099998,0.0,13.099998,1
will-john-thune-be-the-next-seante-majority-leader,0x0bb15fa97ec506ec97bf6a3edb9924c010e349aa,4.999998000000001,0.0,4.999998000000001,1
will-john-thune-be-the-next-seante-majority-leader,0x0bf700122ee3019b9b81e0e12e078e343c4f710b,69929.992008,2033223.7406999995,-1963293.7486919996,5995
will-john-thune-be-the-next-seante-majority-leader,0x0c1915745024cdca5203a65103435ee35e72a081,16.279985999999997,0.0,16.279985999999997,1
will-john-thune-be-the-next-seante-majority-leader,0x0c25d484eedf12448416b740a70137421b85e5f7,0.0,1993.1248799999998,-1993.1248799999998,1998
will-john-thune-be-the-next-seante-majority-leader,0x0c2d581e5b24463fcf204c526a51d267ed1b6fe5,3995.960040000001,3946.429620000001,49.53042000000005,3996
will-john-thune-be-the-next-seante-majority-leader,0x0c43ee3a7cf48c06e0f4ba63311cff6182060e99,22.999914000000004,22.90125,0.09866400000000297,2
will-john-thune-be-the-next-seante-majority-leader,0x0ca4a6c383a4a38817194e74351807652f8c07cd,18.149859000000003,0.0,18.149859000000003,1
will-john-thune-be-the-next-seante-majority-leader,0x0ca73c7841514586671b737ba596d4edb2130c31,3995.996004000001,0.0,3995.996004000001,1998
will-john-thune-be-the-next-seante-majority-leader,0x0caa5dba4e8becb6cc6236f81ee9096f06cc5b1b,1999.9960019999996,0.99687,1998.9991319999997,2000
will-john-thune-be-the-next-seante-majority-leader,0x0cfc655d9cd11375d78a7b534d2341ec812c8add,15.819997999999998,15.826979999999999,-0.00698200000000071,2
will-john-thune-be-the-next-seante-majority-leader,0x0d6dc36c964cdb7676d761958693c812b50e30ad,1.039998,0.0,1.039998,1
will-john-thune-be-the-next-seante-majority-leader,0x0dce8f3fb1ae3a7efe7239c837afde7d5c16541d,1997.9640359999994,0.0,1997.9640359999994,1998
will-john-thune-be-the-next-seante-majority-leader,0x0dd64ade679ac051e173b4bbad5f724e47210274,17981.942058,0.0,17981.942058,1998
will-john-thune-be-the-next-seante-majority-leader,0x0ebd6d153ef8b35dda06f273a707f76c15e0c0cc,0.0,1193.18562,-1193.18562,1998
will-john-thune-be-the-next-seante-majority-leader,0x0ebeec724c7cbd2fe9d2568554472c183c3f12b7,0.0,0.16,-0.16,1
will-john-thune-be-the-next-seante-majority-leader,0x0ec1f1d5cab5125e04139bc0d181c4fd63a240ff,0.9999680000000001,0.99485,0.005118000000000067,2
will-john-thune-be-the-next-seante-majority-leader,0x0ecbcd52b1f09b78585bb2f4c28cf2ae63583f7a,0.0,0.46436,-0.46436,1
will-john-thune-be-the-next-seante-majority-leader,0x0f6540c1019f03593a27566c0cd5d317e43895e5,7.872,8.892,-1.0199999999999996,2
will-john-thune-be-the-next-seante-majority-leader,0x0fd35789f2d99c3a933aebf6d7887a66ff99430e,13985.768231999999,0.0,13985.768231999999,3996
will-john-thune-be-the-next-seante-majority-leader,0x1072eea19ff0c39e545235378c07fe5eb16ee3a9,1.599998,0.0,1.599998,1
will-john-thune-be-the-next-seante-majority-leader,0x115125eae73446cb00b5f27a620f5f2a34ee0959,5.919903000000001,0.0,5.919903000000001,1
will-john-thune-be-the-next-seante-majority-leader,0x1184576460f040530844d74a2b912ab19505ce2e,10649.242097999999,5.3082,10643.933898,1999
will-john-thune-be-the-next-seante-majority-leader,0x118c3c2dbd5eec76b987c74b9c9d0a9ffb0ccd8d,127.13995600000001,126.38376,0.756196000000017,2
will-john-thune-be-the-next-seante-majority-leader,0x11e5c048b1989ee47e2e9689c14e75d9dd19afb0,19979.922078000007,10.05648,19969.865598000008,1999
will-john-thune-be-the-next-seante-majority-leader,0x12289d1ce8fdfc0cd203d5da0b45d74cdfa3e07d,0.9999440000000002,0.0,0.9999440000000002,1
will-john-thune-be-the-next-seante-majority-leader,0x1229f98f0f644dd92581f9076924ddfdcd66e2be,0.0,10.868,-10.868,1
will-john-thune-be-the-next-seante-majority-leader,0x132244d102d80847a279d9ad390634540b8b71ef,0.9999979999999999,0.0,0.9999979999999999,1
will-john-thune-be-the-next-seante-majority-leader,0x1372fec541456f2ae732cc65c23ec95260c1b610,216.999996,215.89944,1.1005560000000116,2
will-john-thune-be-the-next-seante-majority-leader,0x139dc19844ad4545b0f2652f02a51e0e97c9958f,40.889967000000006,40.71586,0.17410700000000645,2
will-john-thune-be-the-next-seante-majority-leader,0x13ed7a7c8d2593d6835fe88cf14e9618615730be,0.0,1981.6563600000004,-1981.6563600000004,1998
will-john-thune-be-the-next-seante-majority-leader,0x1414689e3501fda43666b6624c4a6e67181dbcf4,1997.9960039999996,1.0098,1996.9862039999996,1999
will-john-thune-be-the-next-seante-majority-leader,0x144d3b436b7235aa2c238ae937137368a99d8ddb,1997.9960039999996,0.0,1997.9960039999996,1998
will-john-thune-be-the-next-seante-majority-leader,0x145bd067582b4869dbf336397441cebd70b029db,36443.494025999986,0.0,36443.494025999986,1998
will-john-thune-be-the-next-seante-majority-leader,0x145f4349ca84895bc49465a6b56df800799c6407,15.009998,14.96292,0.047077999999999065,2
will-john-thune-be-the-next-seante-majority-leader,0x14cab277d5b92c1c582d32dd4f4d3900ade13338,33965.87212799999,33786.259920000004,179.6122079999841,3996
will-john-thune-be-the-next-seante-majority-leader,0x152fd1f8a9203ada444e33c0bf1ec64fc4dcf498,0.0,8.892,-8.892,1
will-john-thune-be-the-next-seante-majority-leader,0x154bc726c96076dde2503d5412e4ec87d60cde46,0.0,1995.1628400000006,-1995.1628400000006,1998
will-john-thune-be-the-next-seante-majority-leader,0x154d70bde197f8f9e3748d41f9d1e6de7425b614,7.999872,0.0,7.999872,1
will-john-thune-be-the-next-seante-majority-leader,0x1577cecbfec5f710c1de924f711548a04229404d,218481.17012999995,0.0,218481.17012999995,1998
will-john-thune-be-the-next-seante-majority-leader,0x166f3a2372555a8707b5edfcf3d7b67a97be1c87,13.999998,13.93775,0.0622480000000003,2
will-john-thune-be-the-next-seante-majority-leader,0x16bfecc56f0faa48a4e7bc1c4ef47c06c4d3bd5f,1.839998,1.8234400000000002,0.01655799999999985,2
will-john-thune-be-the-next-seante-majority-leader,0x17bec4eafb8747fc049415ce7256ac3573c9dba0,21980.037960000005,0.0,21980.037960000005,1998
will-john-thune-be-the-next-seante-majority-leader,0x17f5745962b4fd472eb9bc0fdee97794bb0d915d,27.679952,0.0,27.679952,1
will-john-thune-be-the-next-seante-majority-leader,0x17f603fdf0269291fe1b4d5bc46720828bf65d21,4775.206013999999,0.0,4775.206013999999,1998
will-john-thune-be-the-next-seante-majority-leader,0x1806cdb735400039bd5492d2116ab6cb4996c983,1997.9960039999996,1982.9350799999997,15.060923999999886,3996
will-john-thune-be-the-next-seante-majority-leader,0x186e4538554fd4312ba75f34689c3fc309f0fcf0,15983.996004000002,15899.244840000007,84.7511639999957,3996
will-john-thune-be-the-next-seante-majority-leader,0x1a02438e30912d210662f4493eab164f782fe488,1997.9640359999994,0.0,1997.9640359999994,1998
will-john-thune-be-the-next-seante-majority-leader,0x1a0ec99b1cf2f5a80be3ab880328b5665ec8e99c,0.0,1981.6563600000004,-1981.6563600000004,1998
will-john-thune-be-the-next-seante-majority-leader,0x1a9e1b673cc23eb25064462742850b657c980a29,1.6999980000000001,0.0,1.6999980000000001,1
will-john-thune-be-the-next-seante-majority-leader,0x1b2f33cc89c5f829c608cdcf6848f35a02ac2ba5,0.9999820000000001,0.0,0.9999820000000001,1
will-john-thune-be-the-next-seante-majority-leader,0x1b6c376e4829c8ba7df7cfabf89b2a1cf4550755,1.6999360000000001,0.0,1.6999360000000001,1
will-john-thune-be-the-next-seante-majority-leader,0x1b72c5d967253da731d95a474ea553653bc6581f,14.999998,14.91744,0.08255800000000058,2
will-john-thune-be-the-next-seante-majority-leader,0x1b790ce0467c24094f2b858b43f676036a0f5281,0.0,0.056,-0.056,1
will-john-thune-be-the-next-seante-majority-leader,0x1bbbd27e4fdda1e09a10999835d742aa36cb6758,1.799984,0.0,1.799984,1
will-john-thune-be-the-next-seante-majority-leader,0x1be2b11957887fb2553f30b5c88da2d0a2ad385d,1997.9960039999996,0.99586,1997.0001439999996,1999
will-john-thune-be-the-next-seante-majority-leader,0x1c6509c4b5794271a490d2d70c71ce036693acff,1997.8881119999996,0.0,1997.8881119999996,1998
will-john-thune-be-the-next-seante-majority-leader,0x1c8cf97fa22ae51a1ca32a3e77185232910d11f5,73.439907,72.97736,0.4625470000000007,4
will-john-thune-be-the-next-seante-majority-leader,0x1cba7e44bcfd5acc4513f554ab9e86453d086a4c,46015.57781000001,0.0,46015.57781000001,2
will-john-thune-be-the-next-seante-majority-leader,0x1ccec0af6b11602eeb3e045e5cdd705528098fa8,0.0,0.091,-0.091,1
will-john-thune-be-the-next-seante-majority-leader,0x1cd0cc2ffdc08e000a0e5886ce65139fde499258,8011.886094000003,7985.646359999999,26.23973400000432,7992
will-john-thune-be-the-next-seante-majority-leader,0x1cfccc33bb66b2f49a5b147b4225b9f8465a2e95,9989.884116000005,0.0,9989.884116000005,1998
will-john-thune-be-the-next-seante-majority-leader,0x1d384ee3060c56950eed955a850420fec4f018c5,619.3760040000002,0.0,619.3760040000002,1998
will-john-thune-be-the-next-seante-majority-leader,0x1d3e66f82711338a3c45452f0a37914d3dc99a55,7.904,7.96,-0.05600000000000005,2
will-john-thune-be-the-next-seante-majority-leader,0x1dc29860708e004f69c01281fae500bb50276f71,13146.700140000006,6.55661,13140.143530000007,1999
will-john-thune-be-the-next-seante-majority-leader,0x1e16a008e195c8a0184543f85e9afd7c263cb63f,1997.9960039999996,1995.1628400000006,2.8331639999989875,3996
will-john-thune-be-the-next-seante-majority-leader,0x1e6747494d215bf8e8d4bea976c2d7cf48073d5d,239.7600000000001,0.104,239.6560000000001,1999
will-john-thune-be-the-next-seante-majority-leader,0x1eb3085ad604419ff51d1c37dbc78356c71bc7df,0.0,19.96,-19.96,2
will-john-thune-be-the-next-seante-majority-leader,0x1ed39d218de032c0fb6b39e1795fb0971c82f4e2,2077.846074,0.0,2077.846074,1998
will-john-thune-be-the-next-seante-majority-leader,0x1ef6e065f2576d28280006dc88243115cbc412a6,0.999984,0.0,0.999984,1
will-john-thune-be-the-next-seante-majority-leader,0x1f0a343513aa6060488fabe96960e6d1e177f7aa,915242.5844200002,0.0,915242.5844200002,2002
will-john-thune-be-the-next-seante-majority-leader,0x1f0da8bf992ec506f17ac4da634703c97969e766,0.999999,0.0,0.999999,1
will-john-thune-be-the-next-seante-majority-leader,0x1f1596334eca86845a6681e79a6ca04fc2dc9d34,9989.960039999998,9910.279799999997,79.6802400000015,3996
will-john-thune-be-the-next-seante-majority-leader,0x1f542a9e0b46e9b1f86ecfe29158ff0f0fd95f86,1.069998,0.0,1.069998,1
will-john-thune-be-the-next-seante-majority-leader,0x1f649435128cbccb46cb07fb67f8deae5e4e0e0b,1005.928,1002.3800000000001,3.547999999999888,2
will-john-thune-be-the-next-seante-majority-leader,0x1f6cc9f9114acb687b43ae5b122ea98a2988537c,0.999999,0.99485,0.005148999999999959,2
will-john-thune-be-the-next-seante-majority-leader,0x1fb75433098c730214d1a07a8426cf9841e2699d,4.719998,0.0,4.719998,1
will-john-thune-be-the-next-seante-majority-leader,0x1fc7d00311d9c56733f2e217db64dd646d16a2f2,16.999944000000003,16.927049999999998,0.07289400000000512,2
will-john-thune-be-the-next-seante-majority-leader,0x1fdaf2c85fd5fb5e8683f92227a2c2129c0ae2e3,1997.9960039999996,0.0,1997.9960039999996,1998
will-john-thune-be-the-next-seante-majority-leader,0x204b8ddb5f98eaad0d3e53ce7774676ea8102073,14.999996,14.93331,0.06668599999999891,2
will-john-thune-be-the-next-seante-majority-leader,0x20cf95193ab6f3ea8685745a7e1c521393d6ec11,0.9999680000000001,0.99384,0.006128000000000133,2
will-john-thune-be-the-next-seante-majority-leader,0x2127a7ad5d7a193a532865bbe7f66b8346f819d4,45953.916084,45240.79391999999,713.1221640000076,3996
will-john-thune-be-the-next-seante-majority-leader,0x2139ff880571f8223a56544ca433756b8d014b34,0.0,486124.10927999986,-486124.10927999986,1998
will-john-thune-be-the-next-seante-majority-leader,0x2161f541e8af8d95518ec9b2c173e3f7ca3679b4,0.0,41357.101500000004,-41357.101500000004,1998
will-john-thune-be-the-next-seante-majority-leader,0x21da9e797104923278f22c5511cabff91f6457f5,18.999981000000002,18.94155,0.05843100000000234,2
will-john-thune-be-the-next-seante-majority-leader,0x227a0acc1933d8c94103aaeac539d480d8f517f5,14.999983,14.94776,0.052222999999999686,2
will-john-thune-be-the-next-seante-majority-leader,0x22810c8c83dfa8cdd029831dae10881d7b81bcc8,0.0,33422.54400000001,-33422.54400000001,1998
will-john-thune-be-the-next-seante-majority-leader,0x2283431e7f0dea6b261d6ee7cf993810411b2e59,4.379958,4.36696,0.01299800000000051,2
will-john-thune-be-the-next-seante-majority-leader,0x2289d97773378dd2356462383776241d9afa439c,10.999998,10.9716,0.028397999999999257,2
will-john-thune-be-the-next-seante-majority-leader,0x22c9d2960ea38284dd79232b68ea2c4630a4fde5,15.239982,15.20412,0.03586199999999984,2
will-john-thune-be-the-next-seante-majority-leader,0x2370621def71aa1a498ac2195c5b72b22c80e6a8,3.899986,3.8887799999999997,0.011206000000000493,2
will-john-thune-be-the-next-seante-majority-leader,0x2370d48501dbbe1974b6cf228e77d459f4870e10,0.0,621.13824,-621.13824,1998
will-john-thune-be-the-next-seante-majority-leader,0x23dc2c3e62cb9ffb9a0db413ef4f3f8238188f8f,17.999973,17.92392,0.0760530000000017,2
will-john-thune-be-the-next-seante-majority-leader,0x24039ce9aa612f269e73f7456bae2ae380563ebe,519.4100700000001,0.0,519.4100700000001,1998
will-john-thune-be-the-next-seante-majority-leader,0x24371780af8be5e7b2c24da03aa911e09de09e94,8.892,8.883,0.009000000000000341,2
will-john-thune-be-the-next-seante-majority-leader,0x24d094d6cd7f5ed42d97fc5e2932ac30d586548f,10.669881,10.63432,0.03556099999999951,4
will-john-thune-be-the-next-seante-majority-leader,0x2570ee7e571d756f1c025abf6f27b60938660b4b,0.0,1993.1248799999998,-1993.1248799999998,1998
will-john-thune-be-the-next-seante-majority-leader,0x25783f370f9d07cfc939dfc0c2234426d9ae19ea,1.229811,1.22262,0.0071909999999999474,2
will-john-thune-be-the-next-seante-majority-leader,0x25aad50003229d21454e03b3487bbe98a5f90b17,1997.9960039999996,1.00572,1996.9902839999995,1999
will-john-thune-be-the-next-seante-majority-leader,0x25b9a000a1a5eacb268ab72aba0070a7e73250d4,4.7299370000000005,4.71786,0.01207700000000056,2
will-john-thune-be-the-next-seante-majority-leader,0x25ba42bd3a02ade99c68257581447cb96f94bb85,12347.612028,6.15984,12341.452188,1999
will-john-thune-be-the-next-seante-majority-leader,0x25bff97bcef7128e8d48db1bae108fae5e720bef,0.0,21156.422400000003,-21156.422400000003,1998
will-john-thune-be-the-next-seante-majority-leader,0x26200ae4614f3ebe8c0e955d61be455bb93a525c,899.9999959999999,897.31563,2.684365999999841,3
will-john-thune-be-the-next-seante-majority-leader,0x263503cdf73d440de7456abc29b8b65fdb7eef58,14.999985,14.967189999999999,0.032795000000001906,2
will-john-thune-be-the-next-seante-majority-leader,0x2639d0fbcf98b45ca78e966920106a398c5391b7,15.999953,15.9058,0.09415300000000038,2
will-john-thune-be-the-next-seante-majority-leader,0x2689b48a8b2980327a8154895a72ad5369b4bf6b,418.34992,416.34992,2.0,4
will-john-thune-be-the-next-seante-majority-leader,0x27485ed3955c0b2fc55a15f17b12030f1ca54b2b,1.3499619999999999,0.0,1.3499619999999999,1
will-john-thune-be-the-next-seante-majority-leader,0x27eca95e668398bd6cb6bbf29d06d6b6cc5d681e,0.9999979999999998,0.0,0.9999979999999998,1
will-john-thune-be-the-next-seante-majority-leader,0x28726d88346120c4668a04db3dad37101858f455,0.0,0.2,-0.2,2
will-john-thune-be-the-next-seante-majority-leader,0x28c37414b4cde637e73ee9912431959a7502a9be,611.249998,0.0,611.249998,1
will-john-thune-be-the-next-seante-majority-leader,0x2998cde8237a4482847009d306ce8e06a692987c,14.999983,14.9326,0.06738299999999953,2
will-john-thune-be-the-next-seante-majority-leader,0x29b7071e8e6f02790b4da3b36271f0678b54ca5f,0.999936,0.0,0.999936,1
will-john-thune-be-the-next-seante-majority-leader,0x29fb016212d0e26e725f198fb1559768703db3d9,4.999985000000001,0.0,4.999985000000001,1
will-john-thune-be-the-next-seante-majority-leader,0x2a4b7a9c8de0eb2a1159db3ec1774a1dec403539,6.919959,6.890829999999999,0.02912900000000107,2
will-john-thune-be-the-next-seante-majority-leader,0x2a5bfe90cc652f05918870a12c0a8e38d49cf15f,1318.6780019999997,0.6567000000000001,1318.0213019999997,1999
will-john-thune-be-the-next-seante-majority-leader,0x2a5e4d8090c804a5802e1378e5c8fab6b4e54709,1997.896104,0.0,1997.896104,1998
will-john-thune-be-the-next-seante-majority-leader,0x2a63decc716e1c11591656a4440da4084ea7fd37,0.0,0.12,-0.12,1
will-john-thune-be-the-next-seante-majority-leader,0x2a7dc3f33924bbb8288df83ce9576f4229405de5,1.2999979999999998,0.0,1.2999979999999998,1
will-john-thune-be-the-next-seante-majority-leader,0x2a8b8a12c3573fd412d65ebfd84c05cf1db99f70,1.639998,1.6268799999999999,0.013118000000000185,2
will-john-thune-be-the-next-seante-majority-leader,0x2ab7c892cdb06eb928bbca510f2c4d873490e997,31348.49212799999,0.0,31348.49212799999,1998
will-john-thune-be-the-next-seante-majority-leader,0x2b0d54949a47d8430d3216d0372b07bd29e1e13b,12910.709952000001,10.07081,12900.639142000002,2001
will-john-thune-be-the-next-seante-majority-leader,0x2baa99abe06c1df7f9c6c20303b8c1e2d4a87953,10349.542098000002,5.16075,10344.381348000003,1999
will-john-thune-be-the-next-seante-majority-leader,0x2bb1c5cbada17ce2dcf8952ae4b62c747b3691a0,0.999999,0.0,0.999999,1
will-john-thune-be-the-next-seante-majority-leader,0x2bf2b63c1fdef454fbd4276d32ada9f5c9405cb4,1.499998,0.0,1.499998,1
will-john-thune-be-the-next-seante-majority-leader,0x2c0616594d651b570a42665eb152aea75b713845,1997.9960039999996,0.0,1997.9960039999996,1998
will-john-thune-be-the-next-seante-majority-leader,0x2d41e9284eed3ddaeab628894981fc1101cd675e,11708.22006,5.82919,11702.39087,1999
will-john-thune-be-the-next-seante-majority-leader,0x2d5be6534b60224c93fbb11ec17e0db982396be4,219779.88012,109.87361,219670.00650999998,1999
will-john-thune-be-the-next-seante-majority-leader,0x2dd4c530fab11ab2e1d1f4c724b19a7849db1e3a,0.999999,0.99384,0.0061590000000000256,2
will-john-thune-be-the-next-seante-majority-leader,0x2dde54f0ef437f27b35ecd238688ae1d24130973,0.0,1997.200800000001,-1997.200800000001,1998
will-john-thune-be-the-next-seante-majority-leader,0x2f185198d9b0115f22df195397f8ad98fe7c86b2,0.0,0.24,-0.24,1
will-john-thune-be-the-next-seante-majority-leader,0x2f38fd585a6c3bd0f96476f91e609dd4a4df37ba,8.999856,0.0,8.999856,1
will-john-thune-be-the-next-seante-majority-leader,0x2fbe41dd1ee756cdb833423ff2985b65326afccd,0.999999,0.0,0.999999,1
will-john-thune-be-the-next-seante-majority-leader,0x3021f758536239d81b5ed07ec3800b3bac195ec0,19.999928999999998,19.959519999999998,0.04040900000000036,2
will-john-thune-be-the-next-seante-majority-leader,0x30cc26f546858e03ee9141d6de495f0f7c271525,0.0,1993.1248799999998,-1993.1248799999998,1998
will-john-thune-be-the-next-seante-majority-leader,0x30e75ef8f4015cfce7ec613f67bd0c9ea5ff2cc0,16.999921,16.93948,0.060441000000000855,2
will-john-thune-be-the-next-seante-majority-leader,0x3167c8c6aad917c0ae0fc542b8d166f29efe2ae5,6.109998000000001,6.1008000000000004,0.009198000000000484,2
will-john-thune-be-the-next-seante-majority-leader,0x319e2cd24943391ce44060f46c467ccaa7944ef5,123.83973499999999,123.46519,0.3745449999999835,6
will-john-thune-be-the-next-seante-majority-leader,0x31b140a4a926ebfd9b06a59e65eaa93ad308a74b,0.0,1193.18562,-1193.18562,1998
will-john-thune-be-the-next-seante-majority-leader,0x324617ff5a6a14442406bc768c2c51fb2513158d,16.999944000000003,16.927049999999998,0.07289400000000512,2
will-john-thune-be-the-next-seante-majority-leader,0x325908f66d2412e1e7fad2e45f47e4624d70dc71,55644.184116000004,27745.426799999987,27898.757316000017,5994
will-john-thune-be-the-next-seante-majority-leader,0x325da3fe6cf3cd62feee94595b8882c9ffef3960,1997.9960039999996,0.0,1997.9960039999996,1998
will-john-thune-be-the-next-seante-majority-leader,0x327267d7f6ca86ed9494ee2baa8492b1efca08d6,0.999999,0.0,0.999999,1
will-john-thune-be-the-next-seante-majority-leader,0x3329419f97f63d85a8cbe12f472b9dab9e37ca44,0.0,98.2,-98.2,1
will-john-thune-be-the-next-seante-majority-leader,0x333c382c15c4e0dc855840dee56e115abede8564,1.599998,0.0,1.599998,1
will-john-thune-be-the-next-seante-majority-leader,0x3357a85478216210251094544b2eaef1a12e66d8,0.0,5936.577480000002,-5936.577480000002,1998
will-john-thune-be-the-next-seante-majority-leader,0x339cd1fa49c0bae7a399792f9ce80ec74eb701c1,0.0,1997.200800000001,-1997.200800000001,1998
will-john-thune-be-the-next-seante-majority-leader,0x33b75debfff60b478142a4eee28c1f6e37374828,4195.796004,0.0,4195.796004,1998
will-john-thune-be-the-next-seante-majority-leader,0x344b8cefda76a0404d6c21b688d44c2f84a432bb,10629.220139999998,5.298369999999999,10623.921769999997,1999
will-john-thune-be-the-next-seante-majority-leader,0x3488a4fc713490771acdce6ab6a182d576910652,1458.536004,0.0,1458.536004,1998
will-john-thune-be-the-next-seante-majority-leader,0x34e6d2a06d38620cd13c879c98104ede2e7b2184,3196.7180819999994,0.0,3196.7180819999994,1998
will-john-thune-be-the-next-seante-majority-leader,0x34e93c6f5d35c43adfc89da0d347903bad416d52,1.29978,0.0,1.29978,1
will-john-thune-be-the-next-seante-majority-leader,0x35dd5a1f3a4dc74f58637b3b7f1b4682da80f63a,1997.9640359999994,0.0,1997.9640359999994,1998
will-john-thune-be-the-next-seante-majority-leader,0x36c1d14a8437af09ccd92b91e999ea44f49174d0,1.2999539999999998,0.0,1.2999539999999998,1
will-john-thune-be-the-next-seante-majority-leader,0x37af72f0cc98d709dd6bda9d2a98e0ba5f85bb5a,43.139972,42.97064,0.16933199999999715,2
will-john-thune-be-the-next-seante-majority-leader,0x37e7d9c679417c5a06ac61bed70e14b407e0e23a,1.6999339999999998,0.0,1.6999339999999998,1
will-john-thune-be-the-next-seante-majority-leader,0x37f5f5a839f3af7237835a065f48a925e1001e2c,1997.9960039999996,1.00572,1996.9902839999995,1999
will-john-thune-be-the-next-seante-majority-leader,0x381261191b2d8ac2d40ffc2dcb14d3d931656924,0.9999979999999998,0.0,0.9999979999999998,1
will-john-thune-be-the-next-seante-majority-leader,0x38b73c1db3cfa8d13b99fb7bdce1c59ad73891fa,7.896,0.0,7.896,1
will-john-thune-be-the-next-seante-majority-leader,0x3905166aec2c730dd2c8ef8d45ce9fb1162396a6,659.3360039999998,0.0,659.3360039999998,1998
will-john-thune-be-the-next-seante-majority-leader,0x393c6afda7a1bd0f1b42fc0a8b97bdd2a482364f,35.949998,35.79669,0.15330800000000266,2
will-john-thune-be-the-next-seante-majority-leader,0x3998e1a05311f727dc3da908bc5b5a1b1517f091,19.999959999999998,0.0,19.999959999999998,1
will-john-thune-be-the-next-seante-majority-leader,0x39dc8b4c14be188b0e52545abdfe5dc1a25a543c,2.799998,2.78472,0.015277999999999903,2
will-john-thune-be-the-next-seante-majority-leader,0x3a298c1c15aa33dca2fdbe2c3b0e42b91b5639a4,3.7099889999999993,0.0,3.7099889999999993,1
will-john-thune-be-the-next-seante-majority-leader,0x3a90a4b58a4a325f0e388c870e67172f0dfbb0a0,5.209993,5.19552,0.014472999999999736,2
will-john-thune-be-the-next-seante-majority-leader,0x3a981806c2607a343f02eb2e8fcdf4ded48d4901,3.5999600000000003,3.59268,0.007280000000000175,2
will-john-thune-be-the-next-seante-majority-leader,0x3b26824cf3dfef2c10e4d1994f330f2936b93b3c,34205.70005999999,0.0,34205.70005999999,1998
will-john-thune-be-the-next-seante-majority-leader,0x3bef692317d57e7fa0e5f2314db631fd36cf405f,392.52993000000004,390.7802700000001,1.749659999999949,2
will-john-thune-be-the-next-seante-majority-leader,0x3d3210d8970ceafe56976ca81f6e7a99e9233c5c,13.279933000000002,13.27515,0.004783000000001536,2
will-john-thune-be-the-next-seante-majority-leader,0x3d6bde418f26e93b66537d909d2331b247c31b53,69730.02417599998,0.0,69730.02417599998,3996
will-john-thune-be-the-next-seante-majority-leader,0x3daa47a473fd3a89a330e32f7bf1e2a298bf82ce,145454.39600399998,73.69076,145380.70524399998,1999
will-john-thune-be-the-next-seante-majority-leader,0x3e51c2408d24f6cac500a57a7ca6453de6e4adae,1.1999259999999998,0.0,1.1999259999999998,1
will-john-thune-be-the-next-seante-majority-leader,0x3e5a6e1c828339a27005b93ce454a623044cd7af,12969.507966000005,12971.834180000002,-2.3262139999969804,5996
will-john-thune-be-the-next-seante-majority-leader,0x3e6b42d7ca43e17c21caabe629ceb67fc1feadb4,3.26997,3.2571,0.012869999999999937,2
will-john-thune-be-the-next-seante-majority-leader,0x3edd8d8d26aa643bb21fdda7a4d955ae12d02a97,5.309964,5.29032,0.01964399999999955,2
will-john-thune-be-the-next-seante-majority-leader,0x3f3947874ebea9c3c1071e386f07f053a44a9136,1.109793,0.0,1.109793,1
will-john-thune-be-the-next-seante-majority-leader,0x3f8590e79ff23c07add89b0089020f2c8d6ea920,3916.052028000001,0.0,3916.052028000001,1998
will-john-thune-be-the-next-seante-majority-leader,0x3fee3a113ffb25bcd476d047b49480fe2b2ff838,0.0,0.24,-0.24,1
will-john-thune-be-the-next-seante-majority-leader,0x406d9bfee1b069fb975ed714ddd0d997894fccf7,63716.192028000034,63441.494999999995,274.6970280000387,3996
will-john-thune-be-the-next-seante-majority-leader,0x406f6545e9c3df0b3d13ffb8a4fe3e791526f3e3,1997.9960039999996,0.99586,1997.0001439999996,1999
will-john-thune-be-the-next-seante-majority-leader,0x411ff9be9959739dd583cdb17ce0447b3bb64fc0,2597.3580420000003,0.0,2597.3580420000003,1998
will-john-thune-be-the-next-seante-majority-leader,0x42667455d4d38437455013bc2430694123322687,10.999989000000001,10.95446,0.04552900000000193,2
will-john-thune-be-the-next-seante-majority-leader,0x42bd58327701963c306bc0780efc04dd37c7b82a,24.75,24.65,0.10000000000000142,2
will-john-thune-be-the-next-seante-majority-leader,0x433f40be8f85209701c4bc6cd10428d561d1d223,103895.94006,103901.61437999997,-5.674319999976433,3996
will-john-thune-be-the-next-seante-majority-leader,0x443f2225990366e9b0476046ab4698ed78211aa8,0.999999,0.0,0.999999,1
will-john-thune-be-the-next-seante-majority-leader,0x444e1b2ccf56b63e6b54e1357df184843f3401d0,12407.58,489010.5,-476602.92,7992
will-john-thune-be-the-next-seante-majority-leader,0x44f4de051224d75c79eec8129baf1682c9db3e0e,5.999993,0.0,5.999993,2
will-john-thune-be-the-next-seante-majority-leader,0x458cf469f4624c1793535c4fc0b3b8127b9d0be9,1997.9999999999995,0.0,1997.9999999999995,1998
will-john-thune-be-the-next-seante-majority-leader,0x4612eca26850f8bd8a7c75791c720423526d9a05,8.955,0.0,8.955,1
will-john-thune-be-the-next-seante-majority-leader,0x4645e529efc253d125d518a6caee16e4a3bd93f0,51788.152008,25851.04308,25937.108927999998,5994
will-john-thune-be-the-next-seante-majority-leader,0x4673020a8a90144f45f8260559ef3ac11655d8a0,659.3360039999998,0.0,659.3360039999998,1998
will-john-thune-be-the-next-seante-majority-leader,0x46a0f58b32d1987ba457dfb57deb515c6bdb1e1a,0.999999,0.0,0.999999,1
will-john-thune-be-the-next-seante-majority-leader,0x47208fcc0e0ce096cdba3188262ead67ace39a67,1997.9960039999996,0.0,1997.9960039999996,1998
will-john-thune-be-the-next-seante-majority-leader,0x47b8314abefeb21dd8de1a79ba67594548855d28,57.65999800000001,57.533849999999994,0.1261480000000148,2
will-john-thune-be-the-next-seante-majority-leader,0x47d2c8e82bb5d46964d6e51d76a3a6596d1fa647,839.1560039999997,0.0,839.1560039999997,1998
will-john-thune-be-the-next-seante-majority-leader,0x4825bd69c966a386d6f93e6e0930a26b9c3ba33d,7.96,0.035,7.925,2
will-john-thune-be-the-next-seante-majority-leader,0x483a65490630e68c8c2e8859933947a250b9e9fe,11.139916000000001,11.11362,0.026296000000002095,2
will-john-thune-be-the-next-seante-majority-leader,0x487e937d50c04d61f4e34e6d639eb1345382dddb,30.999995999999996,30.887220000000003,0.1127759999999931,3
will-john-thune-be-the-next-seante-majority-leader,0x48cc232169223a859e64c8e4ab723d8dc51ab11c,0.999999,0.99485,0.005148999999999959,2
will-john-thune-be-the-next-seante-majority-leader,0x493034e4726beb6eeb73ac0d7a00013bae171a88,0.9999979999999999,0.0,0.9999979999999999,1
will-john-thune-be-the-next-seante-majority-leader,0x49d1bc8fba008de6914d0b7e927bc9d42af87b96,173393.73260999998,0.0,173393.73260999998,4000
will-john-thune-be-the-next-seante-majority-leader,0x4a561af21084241f430ce29361aeb309c8dbaba1,1997.9960039999996,1982.9350799999997,15.060923999999886,3996
will-john-thune-be-the-next-seante-majority-leader,0x4ab9507f9ba032f1a75fc959ecbfdbc2e263090f,0.9999680000000001,0.0,0.9999680000000001,1
will-john-thune-be-the-next-seante-majority-leader,0x4ad6cadefae3c28f5b2caa32a99ebba3a614464c,4276.59796,0.0,4276.59796,1
will-john-thune-be-the-next-seante-majority-leader,0x4b09e7df2ae7d282576f1e09891f163ab4a0548a,13.999986000000002,13.927900000000001,0.07208600000000054,2
will-john-thune-be-the-next-seante-majority-leader,0x4b5572da07efa13d770d8a087268f9979d780832,1997.896104,0.0,1997.896104,1998
will-john-thune-be-the-next-seante-majority-leader,0x4b738c4c5a39b68eb5237761874cef9150b27ad2,0.999998,0.0,0.999998,1
will-john-thune-be-the-next-seante-majority-leader,0x4b748ac2db2fba49239376ccf57e2e7ec2830fb7,5.989923,5.9773499999999995,0.012573000000000611,2
will-john-thune-be-the-next-seante-majority-leader,0x4b749e8b02497e3feb8601bfaaedf5a5a652ed1a,0.9999979999999998,0.99384,0.006157999999999886,2
will-john-thune-be-the-next-seante-majority-leader,0x4ba5127cf6aa62db6c4208536bbaebbeb2a8db0c,11.999976,0.0,11.999976,1
will-john-thune-be-the-next-seante-majority-leader,0x4bc833a50ee776aa497e43486d6a8eb843011bfe,0.0,6.937,-6.937,1
will-john-thune-be-the-next-seante-majority-leader,0x4c60e1e4dd11fb8c67d4acb0a11346986c0e96c9,11.889999,11.853869999999999,0.036129000000000744,2
will-john-thune-be-the-next-seante-majority-leader,0x4ce8abc215b004830aeac97993ecf9a3c9743e3a,0.0,1997.200800000001,-1997.200800000001,1998
will-john-thune-be-the-next-seante-majority-leader,0x4d2dea94dc8061dcd5e4a0ed130a86b1a258d044,1.299961,0.0,1.299961,1
will-john-thune-be-the-next-seante-majority-leader,0x4d74c939db58074a0337647f007aa8c82823fb53,1880018.076024,1869493.59504,10524.480984000023,23976
will-john-thune-be-the-next-seante-majority-leader,0x4da5ef4bd454b1c71756d4ae2d6d6957aef77655,4795.196004000001,0.0,4795.196004000001,1998
will-john-thune-be-the-next-seante-majority-leader,0x4da704b244ff05f8dbd581a4c83ae7bab7572ae5,0.0,2003.3146800000009,-2003.3146800000009,1998
will-john-thune-be-the-next-seante-majority-leader,0x4de07a090ae416ca945dfcb764e10c0e367a9cd2,8.369886,8.358,0.011885999999998731,2
will-john-thune-be-the-next-seante-majority-leader,0x4dffd7a1a631be0ce8163ca9c0c290600eca9acb,4.9999199999999995,0.0,4.9999199999999995,1
will-john-thune-be-the-next-seante-majority-leader,0x4e40597a29dfc192b81f3a80078bdfaa79411e77,3995.898102000001,0.0,3995.898102000001,1998
will-john-thune-be-the-next-seante-majority-leader,0x4e7a23444cb877ac6bace50a0291de290886443b,19979.996004000008,10.01805,19969.97795400001,1999
will-john-thune-be-the-next-seante-majority-leader,0x4e8666e8e864708b49522eb7cb524c3f01ca405e,4.999875,0.0,4.999875,1
will-john-thune-be-the-next-seante-majority-leader,0x4ea75df5b9457d1903a2f598a53a69c8df33515b,5.119962999999999,5.10279,0.01717299999999966,2
will-john-thune-be-the-next-seante-majority-leader,0x4ee75033cc039595e7682775c43f4b3d56bfa527,39959.996004,0.0,39959.996004,1998
will-john-thune-be-the-next-seante-majority-leader,0x4ffd248a4331dee8a6f90d84657803a9a912c274,14.999985,14.92275,0.07723499999999994,2
will-john-thune-be-the-next-seante-majority-leader,0x5069a2cba0fd445019b2b724919e77f132e8d443,6833.042118000001,6788.64456,44.39755800000148,3996
will-john-thune-be-the-next-seante-majority-leader,0x50dae9dc43178253151b870c08cce24a6c12e94b,23975.892107999993,23814.4617,161.4304079999929,3996
will-john-thune-be-the-next-seante-majority-leader,0x50e6f26d68eeb0cae7969c503be430d651012e57,0.9999979999999998,0.0,0.9999979999999998,1
will-john-thune-be-the-next-seante-majority-leader,0x5107306163df16bdc5e87a6cbca4478fcf4cbe10,51.019998,50.75958,0.26041800000000137,2
will-john-thune-be-the-next-seante-majority-leader,0x517f0c7a435a60ddfea73eb5622f9202b4e1ba02,0.999998,0.0,0.999998,1
will-john-thune-be-the-next-seante-majority-leader,0x52275e5bc66cca892e61b99522883929a714ae44,1998.9960029999997,0.99586,1998.0001429999998,2000
will-john-thune-be-the-next-seante-majority-leader,0x53096b69bc06f86589012cca2e3aac1278f3e092,56203.732008,28053.598320000005,28150.133687999994,5994
will-john-thune-be-the-next-seante-majority-leader,0x5335c80d92b6623faf62505a4ee23daf3439876d,1.3299720000000002,1.31803,0.01194200000000012,2
will-john-thune-be-the-next-seante-majority-leader,0x53403997a6347aec75b11096bbfffe82ae5ec691,0.0,39320.640000000014,-39320.640000000014,1998
will-john-thune-be-the-next-seante-majority-leader,0x5362457f46b88bad23a53ee231e7ed2153c300d0,0.0,9477.273240000002,-9477.273240000002,1998
will-john-thune-be-the-next-seante-majority-leader,0x53b33223e317bbc1644f4d0df6ea63af5b3bd06a,0.0,0.24,-0.24,1
will-john-thune-be-the-next-seante-majority-leader,0x53f668b4e92ee6eb51b0fa9ddfe650a4605d0fbf,14.129998,0.0,14.129998,1
will-john-thune-be-the-next-seante-majority-leader,0x54a2aebc667633f3eed01c43dc23877b44c7dc4b,0.999964,0.0,0.999964,1
will-john-thune-be-the-next-seante-majority-leader,0x559b8c3ad1aec22b622c96a67464c5da9716b270,6.33998,0.0,6.33998,1
will-john-thune-be-the-next-seante-majority-leader,0x55a02a69fffed44d7bfbf7ddae9a031adebe23c7,1997.9960039999996,0.0,1997.9960039999996,1998
will-john-thune-be-the-next-seante-majority-leader,0x55cc7afe8a4c4e2a0fabebb298c64810276f86b8,1.3999979999999999,0.0,1.3999979999999999,1
will-john-thune-be-the-next-seante-majority-leader,0x56607a13febd8ae11a9540125b93c307b0bd3d62,301.4099269999999,299.78997,1.6199569999999426,4
will-john-thune-be-the-next-seante-majority-leader,0x56b4c2cc2545b4a45d95edbd9b3d383a9c33648e,0.0,8.883,-8.883,1
will-john-thune-be-the-next-seante-majority-leader,0x575ec70b9f73e889a948c69a0aefb6828cf63b8e,0.999998,0.0,0.999998,1
will-john-thune-be-the-next-seante-majority-leader,0x57a9bce32da7007298f626d7147ed9b6755a99d7,19979.98002,10.086,19969.89402,1999
will-john-thune-be-the-next-seante-majority-leader,0x58439029c30dfbf581ad62f3c5d75d5b6e53679c,61118.686133999974,0.0,61118.686133999974,3996
will-john-thune-be-the-next-seante-majority-leader,0x586d9704a7e9b7f7ee073346e6dd52357b7ae086,10908.944135999998,5.441520000000001,10903.502615999998,1999
will-john-thune-be-the-next-seante-majority-leader,0x58ad51de010203219092ed39a7eae2aa6a13d166,17.999982,17.9073,0.09268199999999993,2
will-john-thune-be-the-next-seante-majority-leader,0x58e540aa28209faa67ad826324d071f618a0ad64,4395.538062,0.0,4395.538062,1998
will-john-thune-be-the-next-seante-majority-leader,0x5958d541b0185d94693334bd7a36305b52316b51,28.529909,0.0,28.529909,2
will-john-thune-be-the-next-seante-majority-leader,0x59893c62916425813e416f5b7162b789e306eae0,5.409954,5.3890199999999995,0.020934000000000452,2
will-john-thune-be-the-next-seante-majority-leader,0x598adfc5d53ad030ce0d97cb45a3371cc32cfcc5,15.999925,0.0,15.999925,1
will-john-thune-be-the-next-seante-majority-leader,0x59987382207c731831817c61c204ef078d7b49b9,1998.9959719999997,0.99485,1998.0011219999997,2000
will-john-thune-be-the-next-seante-majority-leader,0x59d37a523a45c654e3df064a46bd4351de6e59c7,1997.9640359999994,0.0,1997.9640359999994,1998
will-john-thune-be-the-next-seante-majority-leader,0x5a9da8a165c11a2bcf3ac42cc04b93d7c67920a2,5.679969000000001,5.66208,0.017889000000001154,2
will-john-thune-be-the-next-seante-majority-leader,0x5b72542203e71e736fba4ed358b022aa6eb50a38,17.999998,17.9586,0.041398000000000934,2
will-john-thune-be-the-next-seante-majority-leader,0x5ba554daf5bfae482d25aadb86d85dbc23237744,44.899964999999995,44.6244,0.2755649999999932,2
will-john-thune-be-the-next-seante-majority-leader,0x5bf933c1e614bddb16ce4f7259c3d741ee6746e1,6.919959,6.8978399999999995,0.022119000000000888,2
will-john-thune-be-the-next-seante-majority-leader,0x5c5b7f6108e0e315c97f14d9066f3338f49758b3,1.019998,0.0,1.019998,1
will-john-thune-be-the-next-seante-majority-leader,0x5ca79ffcd53e41186871efa244cdea550a7bdcb8,17.989998,17.94366,0.04633799999999866,2
will-john-thune-be-the-next-seante-majority-leader,0x5cfd1732fb3f3059025af87d40254d6c24068ebc,6.359980999999999,6.34035,0.01963099999999951,2
will-john-thune-be-the-next-seante-majority-leader,0x5d1048f76c13558f9c3a25685d960357957edca1,0.0,26.063850000000002,-26.063850000000002,2
will-john-thune-be-the-next-seante-majority-leader,0x5d9738f326f34c2036590e52646bdbfb52e0328f,0.9999979999999999,0.0,0.9999979999999999,1
will-john-thune-be-the-next-seante-majority-leader,0x5da729847ba11e202090ad0ee9ad8166facc3ec5,0.9999440000000002,0.0,0.9999440000000002,1
will-john-thune-be-the-next-seante-majority-leader,0x5dd40116749707726ee0add7af77e3e38816d19a,15.999998000000003,15.9588,0.041198000000003177,2
will-john-thune-be-the-next-seante-majority-leader,0x5de7b5c392048eda64998eda3e66f000ff9dba13,6873.116004000001,0.0,6873.116004000001,1998
will-john-thune-be-the-next-seante-majority-leader,0x5ea72187d4897b3c9598497794286eb210d8ef79,1898.0999999999995,0.0,1898.0999999999995,1998
will-john-thune-be-the-next-seante-majority-leader,0x5ed959fd8018f434f8565a9456a2f3001dd7947a,25973.976024000003,0.0,25973.976024000003,1998
will-john-thune-be-the-next-seante-majority-leader,0x5ef20c8100a84843faad4f0a615409c60e3e19db,22.999892,0.0,22.999892,1
will-john-thune-be-the-next-seante-majority-leader,0x5f8db961dadaebd98134545845d3413661b04f08,7.968,0.0,7.968,1
will-john-thune-be-the-next-seante-majority-leader,0x6098e4354f0f873ef78ae3449a364b1db028bb40,110269.50211799997,54.96254,110214.53957799998,1999
will-john-thune-be-the-next-seante-majority-leader,0x60a60a382cbebc426171545a69b30b6329d1a8df,1997.9960039999996,0.0,1997.9960039999996,1998
will-john-thune-be-the-next-seante-majority-leader,0x61a20e05a8ce8e19671cafe974c8555fd82ade30,1997.8881119999996,0.0,1997.8881119999996,1998
will-john-thune-be-the-next-seante-majority-leader,0x61dcfbf83038567ec93e0fb1d934d6c88956406d,1.549776,1.5407,0.009076000000000084,2
will-john-thune-be-the-next-seante-majority-leader,0x61e25c4f6be2fa5f94135eb1af4d86dcc7fed2af,0.999936,0.0,0.999936,1
will-john-thune-be-the-next-seante-majority-leader,0x61e4448fb1d0863515b7664dec71498b431e5339,1998.9959719999997,0.99485,1998.0011219999997,2000
will-john-thune-be-the-next-seante-majority-leader,0x61f8f127539346dcc28565369977f95f46afd5a4,16.999944000000003,16.978499999999997,0.021444000000006014,2
will-john-thune-be-the-next-seante-majority-leader,0x62685caa7f51850c870c65bc39b436a8234af138,199.79600400000004,0.0,199.79600400000004,1998
will-john-thune-be-the-next-seante-majority-leader,0x62bcc7fa45f1b31257621daa3360b1dc65a7207f,12.999792,0.0,12.999792,1
will-john-thune-be-the-next-seante-majority-leader,0x63be891eb1f3c5746e0f34e3d912635ec54b9e6e,6.979968,6.958,0.02196800000000021,2
will-john-thune-be-the-next-seante-majority-leader,0x63c31c7d10a4ec9806ce1c4ace4d5834afbb9dca,1998.9960029999997,0.99586,1998.0001429999998,2000
will-john-thune-be-the-next-seante-majority-leader,0x63d43bbb87f85af03b8f2f9e2fad7b54334fa2f1,3.66019,0.0,3.66019,2
will-john-thune-be-the-next-seante-majority-leader,0x6446bee55d21ca447a937c3e248b4550441b1a2e,1997.9960039999996,0.99586,1997.0001439999996,1999
will-john-thune-be-the-next-seante-majority-leader,0x64b2fe307cccdcd21288ec1d7fea2a4b285f75dc,15.999951999999999,15.943620000000001,0.056331999999997606,2
will-john-thune-be-the-next-seante-majority-leader,0x6529f865a42dd6c6c5fd74c98bef09028a5afa50,0.0,33422.54400000001,-33422.54400000001,1998
will-john-thune-be-the-next-seante-majority-leader,0x652a7ddce16e39313be151edd0a4618a493b598c,1997.9960039999996,1993.1248799999998,4.8711239999997815,3996
will-john-thune-be-the-next-seante-majority-leader,0x65615f9d586866d0dd49592ad396f9ac7980ea9a,2597.396004,0.0,2597.396004,1998
will-john-thune-be-the-next-seante-majority-leader,0x6565b28a6c3a203e14f2e03907342793bd097281,1324.999998,1321.1154000000001,3.884597999999869,2
will-john-thune-be-the-next-seante-majority-leader,0x6578e1dd549479893f601f81fb74ee6bd14b2c74,15.999968,0.0,15.999968,1
will-john-thune-be-the-next-seante-majority-leader,0x6626c7860965be897704a1225383d09cae4cdc3a,679.3160039999998,0.0,679.3160039999998,1998
will-john-thune-be-the-next-seante-majority-leader,0x66973e9ad96043f17dabf0fcb02316d2b7bb19ae,218673.10799999995,218229.55199999997,443.5559999999823,3996
will-john-thune-be-the-next-seante-majority-leader,0x669e352adcb73741ad0b6b255eb427c565266ac9,42.969982,42.73185,0.23813200000000023,2
will-john-thune-be-the-next-seante-majority-leader,0x669e4df08aa201f53abff0ea3dff4e01bb261bbb,33.043184,32.940329999999996,0.10285400000000067,4
will-john-thune-be-the-next-seante-majority-leader,0x6716f5aad304e75ef383fbd588d7a6f9c3341fc6,11.999918,11.929339999999998,0.07057800000000114,2
will-john-thune-be-the-next-seante-majority-leader,0x6738af3bffc24ba564d6dae62e4a75576bfbbe66,13396.890062999997,17.05311,13379.836952999996,2002
will-john-thune-be-the-next-seante-majority-leader,0x673fdf969b419af768e0e52251e24aa3b23bb8ed,31.999982,31.86886,0.13112199999999774,2
will-john-thune-be-the-next-seante-majority-leader,0x674b599840ef708166ba6f316fd5cf44b46ec20b,0.0,19.68,-19.68,1
will-john-thune-be-the-next-seante-majority-leader,0x676e06e90ed0e8b91d9d9142909415215d8c0fcc,24.999959000000004,0.0,24.999959000000004,1
will-john-thune-be-the-next-seante-majority-leader,0x67b30bc1a6ffdf9db1824861d09ff38aee0e9fa1,0.999984,0.0,0.999984,1
will-john-thune-be-the-next-seante-majority-leader,0x67f2aa1061c96891f1ea7d600d26c3041930c2fc,1997.8881119999996,0.0,1997.8881119999996,1998
will-john-thune-be-the-next-seante-majority-leader,0x690799d6ea5edb88474d0618cfd18d86f202ae03,26.839997999999998,26.72544,0.11455799999999883,2
will-john-thune-be-the-next-seante-majority-leader,0x690d878d0fdc4aba851f2352570ad11431527388,0.0,1422115.9804799997,-1422115.9804799997,1998
will-john-thune-be-the-next-seante-majority-leader,0x690ebdccd6b42c7b07c95c664f31d3a35015ac6e,5.0699879999999995,5.05856,0.01142799999999955,2
will-john-thune-be-the-next-seante-majority-leader,0x693c9dafd9ff891783e3cd0c7c252918db076f7d,39320.640000000014,0.0,39320.640000000014,7992
will-john-thune-be-the-next-seante-majority-leader,0x6a875f55c229e9f36787d152333942c94f80b709,1.999968,0.0,1.999968,2
will-john-thune-be-the-next-seante-majority-leader,0x6af42c4dbc9d6002f7dbf3ab7e63cd4da2025d38,5.999988,0.0,5.999988,1
will-john-thune-be-the-next-seante-majority-leader,0x6b3a6ca39fa48b1d032b9f4f28bc05bc75f299f2,0.999999,0.99485,0.005148999999999959,2
will-john-thune-be-the-next-seante-majority-leader,0x6b46c2a651e37921ae3301e13c4ee28c5900bd47,1997.8881119999996,0.0,1997.8881119999996,1998
will-john-thune-be-the-next-seante-majority-leader,0x6b46e0d1ace6906246fe8acc30a424e149dc9d70,55.329924000000005,55.4414,-0.11147599999999613,2
will-john-thune-be-the-next-seante-majority-leader,0x6b561ed0518a67eee3590737da1afb22e7d73da6,1.199931,0.0,1.199931,1
will-john-thune-be-the-next-seante-majority-leader,0x6b744de0ad6909d5b154afa7fb16a9a051a07d47,1.599972,0.0,1.599972,1
will-john-thune-be-the-next-seante-majority-leader,0x6bc77c09f292ac2d435c6b3736920cf7ddb8d861,0.999999,0.99384,0.0061590000000000256,2
will-john-thune-be-the-next-seante-majority-leader,0x6bf9ff86193f06e2b10ae5aba1aac2c36558cd2f,0.0,19.68,-19.68,1
will-john-thune-be-the-next-seante-majority-leader,0x6c486140b1be4a727fa25ba5a8612ae7b9f581e4,24.999941999999997,24.89095,0.10899199999999709,2
will-john-thune-be-the-next-seante-majority-leader,0x6c6bf5bb5489fdfde29193e96c61d018130b05a6,0.999998,0.0,0.999998,1
will-john-thune-be-the-next-seante-majority-leader,0x6ca63a1dae8dc445d52050781625a07ef449a05c,10529.376084,10477.272239999998,52.10384400000112,3996
will-john-thune-be-the-next-seante-majority-leader,0x6cae2a4820d32cd5d5a9c79d142361dca3bb35b0,13526.428032,6.733549999999999,13519.694481999999,1999
will-john-thune-be-the-next-seante-majority-leader,0x6d08faec3e1254115824fa3481812c304252ad42,1997.8881119999996,0.0,1997.8881119999996,1998
will-john-thune-be-the-next-seante-majority-leader,0x6d4ae8dc536fd1e652680cddd24ed16fee5c04c2,6.999924,0.0,6.999924,1
will-john-thune-be-the-next-seante-majority-leader,0x6d7620d12fdbefe9a93f82d06cf0485ac4a15379,3796.1960040000004,0.0,3796.1960040000004,1998
will-john-thune-be-the-next-seante-majority-leader,0x6d835a3e37a8d68ab38862dc9b89c9835b36c0c2,7991.844156000001,0.0,7991.844156000001,3996
will-john-thune-be-the-next-seante-majority-leader,0x6d87fcd151d27a681a1c59203c1a0b185e921ad4,0.9999680000000001,0.99485,0.005118000000000067,2
will-john-thune-be-the-next-seante-majority-leader,0x6e653be1c01c532d3185c59d709449c3cbb3f85d,1.27986,1.2723200000000001,0.00753999999999988,2
will-john-thune-be-the-next-seante-majority-leader,0x6e97f072c621be821ae92ad7bb09f2f38918d34c,1997.9980020000005,0.0,1997.9980020000005,1998
will-john-thune-be-the-next-seante-majority-leader,0x6eca3493a3df006d2866df0a55765b999ce5b7cf,0.0,12649.258080000001,-12649.258080000001,1998
will-john-thune-be-the-next-seante-majority-leader,0x6f53670f4e7535b339469bef3b08738967542358,0.0,1997.200800000001,-1997.200800000001,1998
will-john-thune-be-the-next-seante-majority-leader,0x6fe1c6a0b6605e0af00d59b6d211a311bbda6b00,11.999986,11.935920000000001,0.06406599999999862,2
will-john-thune-be-the-next-seante-majority-leader,0x6ffb4354cbe6e0f9989e3b55564ec5fb8646a834,157.842,12061.066860000003,-11903.224860000002,5995
will-john-thune-be-the-next-seante-majority-leader,0x701b7c68781f9c8aa2fec891fbf4621d56b09af3,39200.72004,0.0,39200.72004,1998
will-john-thune-be-the-next-seante-majority-leader,0x7024ae3d70d8e0c5c7a55ef579e5bb4434b95c14,5993.996003999997,0.0,5993.996003999997,1998
will-john-thune-be-the-next-seante-majority-leader,0x7038098fe58162474c5954775c3e425d51e85548,1998.9959719999997,0.99485,1998.0011219999997,2000
will-john-thune-be-the-next-seante-majority-leader,0x70458c769c5f325c856ab8809338388c03ef4538,0.0,1983.6743399999996,-1983.6743399999996,1998
will-john-thune-be-the-next-seante-majority-leader,0x706527d838b292ef72fcb021d10003459b46c100,68.999892,0.0,68.999892,1
will-john-thune-be-the-next-seante-majority-leader,0x70f1ecfa0d426fe2e7f5a4b88eb15e688f6cb8f8,117342.53600400002,116382.86064,959.6753640000243,3996
will-john-thune-be-the-next-seante-majority-leader,0x71341309589c19fde533aff735e6d947b8725361,10948.992047999996,5.4556499999999994,10943.536397999997,1999
will-john-thune-be-the-next-seante-majority-leader,0x7135569dbda8daf49bec8343bc6603dd126cf5a7,0.999999,0.0,0.999999,1
will-john-thune-be-the-next-seante-majority-leader,0x71376fc24ded612b44492a1976b362896fb58402,0.0,19.74,-19.74,1
will-john-thune-be-the-next-seante-majority-leader,0x7156565ef1748d466c11c22c307629d8c9135d33,38261.550149999995,0.0,38261.550149999995,1998
will-john-thune-be-the-next-seante-majority-leader,0x71dd5a16e67a6de83dafe151640109a8f93de49f,5.759930000000001,5.74072,0.01921000000000106,2
will-john-thune-be-the-next-seante-majority-leader,0x71ed0bc95433cdf1be29f43219725fce9addd9eb,0.0,459358.8213600002,-459358.8213600002,1998
will-john-thune-be-the-next-seante-majority-leader,0x71f8d0ffae77422339d6629aebf6c14bfbff01df,1998.9960019999996,1.00572,1997.9902819999995,2000
will-john-thune-be-the-next-seante-majority-leader,0x723b07baa325c1b753a5110f808d10dc29276ddf,32.999998000000005,0.0,32.999998000000005,1
will-john-thune-be-the-next-seante-majority-leader,0x7246ab2117518b12ac4b5b9d28c118976a572bf2,16.999998,16.92962,0.0703780000000016,2
will-john-thune-be-the-next-seante-majority-leader,0x728372de91a4ed196f588ec2f16501a6cfe2e84a,5.279911,5.26071,0.0192009999999998,2
will-john-thune-be-the-next-seante-majority-leader,0x72a26387a5ade3df9afabe190716be6aa4461a08,0.999936,0.0,0.999936,1
will-john-thune-be-the-next-seante-majority-leader,0x72f09e05f9841678c8c1fc47c47c91134e0ee92b,199.79600400000004,0.0,199.79600400000004,1998
will-john-thune-be-the-next-seante-majority-leader,0x72fb14be8a366e02858035451bdaf36b3ee80ea9,8631.252107999999,0.0,8631.252107999999,3996
will-john-thune-be-the-next-seante-majority-leader,0x730f6ec03dab1179380bd262efb9b10904a3be88,23.319944999999997,0.0,23.319944999999997,1
will-john-thune-be-the-next-seante-majority-leader,0x732218d2b6666638faf3eba157655d6a2c519b03,82.59994300000001,82.36935,0.23059300000001315,2
will-john-thune-be-the-next-seante-majority-leader,0x7354fe3a4be99f689bf22795d3ad30cc2ba8f206,7.968,0.0,7.968,1
will-john-thune-be-the-next-seante-majority-leader,0x736527711ff2ab108bd34864289c2bfd98cf59e7,11887.992107999997,5.927490000000001,11882.064617999997,1999
will-john-thune-be-the-next-seante-majority-leader,0x738f784acf4e70a3ea8e1c4442d4d3856034f30e,17.999998,17.9586,0.041398000000000934,2
will-john-thune-be-the-next-seante-majority-leader,0x73b49761901bb0ba53d1f894cdc7a5a3e879e56e,1997.9980020000005,1.0149,1996.9831020000006,1999
will-john-thune-be-the-next-seante-majority-leader,0x73e1fb6505d8e667edb32210f9f993cd99ed2fff,1997.9960039999996,0.0,1997.9960039999996,1998
will-john-thune-be-the-next-seante-majority-leader,0x740262ebf63801651e54f4a1ef5e4855ec0833e3,1997.9960039999996,1.00572,1996.9902839999995,1999
will-john-thune-be-the-next-seante-majority-leader,0x74707ba19ac167b7d611d28989406b91ec736b90,1997.9960039999996,0.0,1997.9960039999996,1998
will-john-thune-be-the-next-seante-majority-leader,0x747fa7bf0a54a7aaf8a37982c24125e229066616,35963.96403599999,0.0,35963.96403599999,1998
will-john-thune-be-the-next-seante-majority-leader,0x749085e3cd977409e8a3bd06cf338ab08029b9f0,9.869998,0.0,9.869998,1
will-john-thune-be-the-next-seante-majority-leader,0x74a0e15b47f83750ee5f75c67a9b7c977ddd184d,1997.8881119999996,0.0,1997.8881119999996,1998
will-john-thune-be-the-next-seante-majority-leader,0x74d6bc4d7d9dc3a107ac74f69244190eb52f4ac3,1997.9640359999994,0.0,1997.9640359999994,1998
will-john-thune-be-the-next-seante-majority-leader,0x74f6b4d4c70cb784afef7a7bf64a233a373f412e,3.759921,3.74073,0.019190999999999736,2
will-john-thune-be-the-next-seante-majority-leader,0x7590825dd40bcee72d1910f08fd5654b0db132f9,0.0,1936.0619999999997,-1936.0619999999997,1998
will-john-thune-be-the-next-seante-majority-leader,0x77a064dea23a365692ed05421eb5db93f0b590ef,14441.079988,14449.855679999993,-8.775691999993796,3997
will-john-thune-be-the-next-seante-majority-leader,0x77a5b7d1e1f547a8d3a4b0cc6799dcb64257f4bc,1997.9960039999996,0.0,1997.9960039999996,1998
will-john-thune-be-the-next-seante-majority-leader,0x7814c8482ecd7b36b857137edffef555eaf88417,525.8299430000001,522.7848800000002,3.0450629999999137,4
will-john-thune-be-the-next-seante-majority-leader,0x783996b0d4a81ae0b3011d2e17890cfc2c489dd1,15.999984,15.9176,0.08238399999999935,2
will-john-thune-be-the-next-seante-majority-leader,0x78633256b8c8d14401752039c2d8c9a86017fa62,299.696004,0.0,299.696004,1998
will-john-thune-be-the-next-seante-majority-leader,0x78c8caa22e98b5874ac809a66647421e28d231eb,199799.96803200006,19580.4,180219.56803200007,3996
will-john-thune-be-the-next-seante-majority-leader,0x7945eb1248516a9105270b36fa52b8d5f88921e5,1.999996,0.0,1.999996,2
will-john-thune-be-the-next-seante-majority-leader,0x7969f666e852ddbed8d7a0a89c2e07710ad22321,5.179951,5.16075,0.0192009999999998,2
will-john-thune-be-the-next-seante-majority-leader,0x797d37aa1e0833995605a850176b1081f70bb730,4.499898,0.0,4.499898,2
will-john-thune-be-the-next-seante-majority-leader,0x7987da44cee5de2bc4fbbe38246c5e7115267ed2,39959.996004,39777.04314000001,182.95286399999168,3996
will-john-thune-be-the-next-seante-majority-leader,0x79b93e37d5a5efc08ff287143c98da55bb7fb623,6.951,0.0,6.951,1
will-john-thune-be-the-next-seante-majority-leader,0x79f6e6816628ef3ff6549f43a041d11ca3af08ba,42.319964999999996,42.10452,0.21544499999999545,2
will-john-thune-be-the-next-seante-majority-leader,0x7a99588d226db167770bb5601daa1fb3d064d6ca,0.0,0.24,-0.24,1
will-john-thune-be-the-next-seante-majority-leader,0x7abac276f76bf6ab4f2c9b8f6efc8ef897247c24,0.0,1983.6743399999996,-1983.6743399999996,1998
will-john-thune-be-the-next-seante-majority-leader,0x7ae58673f682329487e7d9f1ed62a5cf65dc625d,7.999984,0.0,7.999984,1
will-john-thune-be-the-next-seante-majority-leader,0x7b1d908953dd389ea9cdd74a04859451e52cc64e,11748.225980999998,11740.62762,7.5983609999984765,3997
will-john-thune-be-the-next-seante-majority-leader,0x7bc65fc96d566c8770aa2980f5f9cb43d10b9204,9.029889,9.001439999999999,0.028449000000001945,3
will-john-thune-be-the-next-seante-majority-leader,0x7c1e0f7a4cbd594bea22571bc54fee7e918fc021,1997.9960039999996,0.99485,1997.0011539999996,1999
will-john-thune-be-the-next-seante-majority-leader,0x7c403e193beade942a1057d0e6cee1b3186f0fc0,0.999984,0.0,0.999984,1
will-john-thune-be-the-next-seante-majority-leader,0x7de39ca29dbbd31a7da7ce5aba69b61d3807c8c3,0.9999680000000001,0.0,0.9999680000000001,1
will-john-thune-be-the-next-seante-majority-leader,0x7deb34af718a66a1cdd18e4fde37e0d7246e0184,82.79995300000002,82.37503000000001,0.4249230000000068,4
will-john-thune-be-the-next-seante-majority-leader,0x7dfd778b567ef5db7f6a8679edcf0125718f763e,5.379968000000001,5.35735,0.02261800000000047,2
will-john-thune-be-the-next-seante-majority-leader,0x7e2e4513a0adde69295601468fb6779e147ca68b,7.872,7.896,-0.02400000000000002,2
will-john-thune-be-the-next-seante-majority-leader,0x7e4c8e7f3e08fe739a87063337f6afc0ad7e4831,29969.894105999996,29872.95713999999,96.93696600000476,3996
will-john-thune-be-the-next-seante-majority-leader,0x7e96dfd871063e35ae4bf8f9707bc9690ae300b5,13666.29003,6.812189999999999,13659.47784,1999
will-john-thune-be-the-next-seante-majority-leader,0x7ed13f931479278240ffee26803537118b6524a1,39.789899,39.62783,0.16206899999999536,4
will-john-thune-be-the-next-seante-majority-leader,0x7f8201b94232635c77d8271b75d5f9c0d10200f9,1997.9960039999996,0.0,1997.9960039999996,1998
will-john-thune-be-the-next-seante-majority-leader,0x7fb633bdf88f2615d60555ee857d949ddf7341ad,1997.9960039999996,1.00572,1996.9902839999995,1999
will-john-thune-be-the-next-seante-majority-leader,0x7ff2c600bdf5f568a51c63d3f89c68f24d06176e,4.049991,4.04092,0.009071000000000495,2
will-john-thune-be-the-next-seante-majority-leader,0x800a6482d5631d8e00cf6eb53c7090c6ffc83da3,1.699929,0.0,1.699929,1
will-john-thune-be-the-next-seante-majority-leader,0x802567e98eb932930b54dc5463de3be01137852f,1997.9640359999994,0.0,1997.9640359999994,1998
will-john-thune-be-the-next-seante-majority-leader,0x80414d7645088c3345ae7b02f37442f283e7d0a2,0.0,0.2,-0.2,1
will-john-thune-be-the-next-seante-majority-leader,0x8041529bc1c8645224da6468379f3237d8b0251b,0.999999,0.0,0.999999,1
will-john-thune-be-the-next-seante-majority-leader,0x8055ae09bfeeac2f46dffe254cc1868f2df444c4,105547.11234,0.0,105547.11234,2001
will-john-thune-be-the-next-seante-majority-leader,0x806ed4cf860dfd2ecce29ac495a3f7688b694837,1.999998,1.97,0.02999799999999997,2
will-john-thune-be-the-next-seante-majority-leader,0x80e85454b30291aaf55f0edd3a818f00a50b88ef,10.439973,10.41285,0.027122999999999564,2
will-john-thune-be-the-next-seante-majority-leader,0x80f8dea37d11b33b36fae1c336a40970746eafb3,20.999896000000003,0.0,20.999896000000003,1
will-john-thune-be-the-next-seante-majority-leader,0x81525952f172646a4104030e9a9ef1e769c7bfda,2097.04837,0.0,2097.04837,1
will-john-thune-be-the-next-seante-majority-leader,0x815979a350625a56e3f1d15de4507d2b44676265,0.999999,0.0,0.999999,1
will-john-thune-be-the-next-seante-majority-leader,0x81b464fc316cc5162cbbfebc4d0e223367d1e532,0.9999440000000002,0.0,0.9999440000000002,1
will-john-thune-be-the-next-seante-majority-leader,0x820e9937b2b4261ae23bc1c42c7fbf984a17634f,17981.996004,17884.217879999997,97.77812400000403,3996
will-john-thune-be-the-next-seante-majority-leader,0x823d6e09d22043ccad7b4c8884f2a62468b7c56c,0.0,1993.1248799999998,-1993.1248799999998,1998
will-john-thune-be-the-next-seante-majority-leader,0x823dd9b264036285445dbc24156fb5b30c9c5c5d,0.0,73999.92599999999,-73999.92599999999,1998
will-john-thune-be-the-next-seante-majority-leader,0x8291b91a6e98414e568e068f05fc10ca730a50c9,1997.9960039999996,0.0,1997.9960039999996,1998
will-john-thune-be-the-next-seante-majority-leader,0x835c51d10be6a1165789817ea6131ed649ddbeee,12071.888030000006,9.99361,12061.894420000006,2001
will-john-thune-be-the-next-seante-majority-leader,0x837c12af6ab777787deafc61d423143322c9f4a6,1.1999259999999998,0.0,1.1999259999999998,1
will-john-thune-be-the-next-seante-majority-leader,0x83ece68c2d79b299ebdb880a2366d3eb402876ab,12527.37009,6.24205,12521.12804,1999
will-john-thune-be-the-next-seante-majority-leader,0x846c2e65e1f72588bb7b5cda712a8414a257ebc6,11068.830090000003,5.51463,11063.315460000003,1999
will-john-thune-be-the-next-seante-majority-leader,0x84f05d6157918c46968e2003948a2ae04bf5fe2a,56683.036223999996,28198.293479999997,28484.742744,5994
will-john-thune-be-the-next-seante-majority-leader,0x8507bf8a45d2925a63029178e134b2f272dfad2c,10.999989000000001,0.0,10.999989000000001,1
will-john-thune-be-the-next-seante-majority-leader,0x857b53942b7dc7cb09881fdb3a8959ade7d57f31,17.999979,17.929959999999998,0.07001900000000205,2
will-john-thune-be-the-next-seante-majority-leader,0x85d883e0d9f8e1024b0e21b4688ac5304f70b8ce,11.509885,11.47545,0.034435000000000215,4
will-john-thune-be-the-next-seante-majority-leader,0x869a56b6d4b7dd5ab061d70b21de49f7110fd4a1,0.0,8.046919999999998,-8.046919999999998,1
will-john-thune-be-the-next-seante-majority-leader,0x878f45b5b59764dbe942f0401ae5d13c5d5e07b5,29.149932,0.0,29.149932,1
will-john-thune-be-the-next-seante-majority-leader,0x87d7318b8af178eddfaf6cc114ca3ccc0aef8929,5.9399999999999995,5.928,0.011999999999999567,2
will-john-thune-be-the-next-seante-majority-leader,0x87db0899037c15dd4fdd05d6be9136aa16114321,14.999908,0.0,14.999908,1
will-john-thune-be-the-next-seante-majority-leader,0x883080e4bbc010894c012056cec6502f73afe62f,0.0,8.883,-8.883,1
will-john-thune-be-the-next-seante-majority-leader,0x889b16f80049db0cb45a0bd666adedcd02fa990e,116927.55539999997,59877.94212000001,57049.61327999996,5994
will-john-thune-be-the-next-seante-majority-leader,0x88eac4aeb0a4e2b976ce8bfa16470c7bb1770512,9.89,0.0,9.89,1
will-john-thune-be-the-next-seante-majority-leader,0x8967ec3278099e9c38db82d4df26d51c9323f747,39959.992008000016,0.0,39959.992008000016,3996
will-john-thune-be-the-next-seante-majority-leader,0x89d61169108a7ea1334ea3de74a649a545b2fa3e,0.999999,0.0,0.999999,1
will-john-thune-be-the-next-seante-majority-leader,0x89e73f74e4db3c4f255f4ead45bd1f7d54ab6cb3,39959.920079999996,39750.84936000001,209.0707199999888,3996
will-john-thune-be-the-next-seante-majority-leader,0x8a3b9824dc99752d3298377350c2bc7a5c7432b5,0.0,1.01286,-1.01286,1
will-john-thune-be-the-next-seante-majority-leader,0x8ae0a26c6e33073d11aa6e4b9da7fe4515ac5e5d,2.199947,0.0,2.199947,1
will-john-thune-be-the-next-seante-majority-leader,0x8afb4330377f47f81a1227184a9581337a94ba65,0.9999440000000002,0.0,0.9999440000000002,1
will-john-thune-be-the-next-seante-majority-leader,0x8b06174bca5ea6e364df335dd460b05c03228819,17.969991,17.88912,0.08087100000000191,2
will-john-thune-be-the-next-seante-majority-leader,0x8b130decfa48d92c337049d2a554958522bf3ff9,20.999938999999998,20.928069999999998,0.07186899999999952,4
will-john-thune-be-the-next-seante-majority-leader,0x8bec4a8f06c238a67cc17be07b0a856d6bcfe864,199799.92607400002,99.78006,199700.14601400003,1999
will-john-thune-be-the-next-seante-majority-leader,0x8c05ffd6b97284db43ea6f1de5dd94edad154867,30.649995999999998,30.605439999999998,0.04455600000000004,3
will-john-thune-be-the-next-seante-majority-leader,0x8c0725b64e543508555535bcba37651f07c7ec66,0.0,0.986,-0.986,1
will-john-thune-be-the-next-seante-majority-leader,0x8ca05b99a43e66c10c3adbbde38649b4b155b858,15576.906001999996,15634.018019999996,-57.11201799999981,3998
will-john-thune-be-the-next-seante-majority-leader,0x8d040e4bb4cdd0247eea443ee2d83a5ffe97c695,11.789998000000002,11.73702,0.05297800000000308,2
will-john-thune-be-the-next-seante-majority-leader,0x8d750a1c2a88fa4451115857af126e4efe42ed98,0.0,0.084,-0.084,1
will-john-thune-be-the-next-seante-majority-leader,0x8ddfd8529a09275613614b5c9dc46f165af5d093,3.179979,3.16827,0.011708999999999747,2
will-john-thune-be-the-next-seante-majority-leader,0x8e325123af7182b922c8b67d5755de1fe5828664,1.499904,0.0,1.499904,1
will-john-thune-be-the-next-seante-majority-leader,0x8e58615094173612bed9f0165a7fe8d2ad1f7009,39939.89612399999,0.0,39939.89612399999,1998
will-john-thune-be-the-next-seante-majority-leader,0x8ed5172fd3eafbca85d46fbf3f4e93e11ead91ce,0.0,8.874,-8.874,1
will-john-thune-be-the-next-seante-majority-leader,0x8f162d4488d9dc60768a52ce3191f657f88f479b,0.9999979999999998,0.0,0.9999979999999998,1
will-john-thune-be-the-next-seante-majority-leader,0x8fcfd71f48f88b6d6d0d65b23e0ed408ddd8127f,22257.71600399999,22285.63205999999,-27.916055999998207,3996
will-john-thune-be-the-next-seante-majority-leader,0x9026dcdff0afa8002c9eec1ff9029277b4bb6c52,4.999998,0.0,4.999998,1
will-john-thune-be-the-next-seante-majority-leader,0x9093c90dcb823480a127baf3f47c1372618a10cb,0.0,1993.1248799999998,-1993.1248799999998,1998
will-john-thune-be-the-next-seante-majority-leader,0x9106a96325aba74049c0cc182187f9447010b912,0.0,8.892,-8.892,1
will-john-thune-be-the-next-seante-majority-leader,0x92027b660c56aef28a013e9aea937922a389f4da,14.999980000000003,14.9523,0.047680000000003275,2
will-john-thune-be-the-next-seante-majority-leader,0x92a2228be3a24b1d2afb2bb05ef0911aeb968ec5,199.79600400000004,0.0,199.79600400000004,1998
will-john-thune-be-the-next-seante-majority-leader,0x94814d2a648437f1d0bd33ab306d4ca79c5f26fe,0.0,396553.72932,-396553.72932,1998
will-john-thune-be-the-next-seante-majority-leader,0x948389be6fb867df3faac4dbb317ce242172f59b,4.899998,0.0,4.899998,1
will-john-thune-be-the-next-seante-majority-leader,0x951b81183e0ebf194be2bff90cf45970abf812fa,3036.938022,0.0,3036.938022,1998
will-john-thune-be-the-next-seante-majority-leader,0x95663973aee082b1f3fed8104d92f191853f12ba,1.039824,1.03272,0.007103999999999999,2
will-john-thune-be-the-next-seante-majority-leader,0x963cc2c4f09e12ffdcc209e4c7c603de76f87bc6,430.9999890000001,428.06189,2.9380990000000793,2
will-john-thune-be-the-next-seante-majority-leader,0x96a45b19604cd6238a38e5b818fa166f5a5d4d01,0.0,4.18792,-4.18792,2
will-john-thune-be-the-next-seante-majority-leader,0x96b13d65fd9e2ef35051bbb0865cf08f99d2db68,1.6499980000000003,1.6367999999999998,0.013198000000000487,2
will-john-thune-be-the-next-seante-majority-leader,0x96b59f71f635da5da031e3e93448c54fe226f5e7,3601.6512199999997,0.0,3601.6512199999997,1
will-john-thune-be-the-next-seante-majority-leader,0x96ce581918a0e34aaf42e950f1893ebb4369c565,1997.896104,0.0,1997.896104,1998
will-john-thune-be-the-next-seante-majority-leader,0x973896a3c6974e66dfe9f1efc6619040df1ee686,0.0,4026.2696999999985,-4026.2696999999985,1998
will-john-thune-be-the-next-seante-majority-leader,0x97d1a27333083dc0b48de6dd8fa8e996cc91509b,12.999955,12.95604,0.04391500000000015,2
will-john-thune-be-the-next-seante-majority-leader,0x9815c92c9371ad7cbaa5d0af14448b1c5a7887a4,65933.98601400002,0.0,65933.98601400002,1998
will-john-thune-be-the-next-seante-majority-leader,0x9882fc5d26192879b7578dd2b159d47c58fe683c,13.999967,13.95056,0.04940700000000042,2
will-john-thune-be-the-next-seante-majority-leader,0x9899fd6c97e6a83a61f447f0d2affc3eb37f822e,5993.898102000001,0.0,5993.898102000001,1998
will-john-thune-be-the-next-seante-majority-leader,0x98be8f262de9a6af8f6039e3115e3d6884adbde5,0.0,0.028,-0.028,1
will-john-thune-be-the-next-seante-majority-leader,0x990e046af2e3b2c5511955353d0a0f2f6997a4f7,11.999998000000001,11.96775,0.03224800000000094,2
will-john-thune-be-the-next-seante-majority-leader,0x990e39d08e7adf9af678ed57bdb84b4cae1d27a9,998.884116,0.0,998.884116,1998
will-john-thune-be-the-next-seante-majority-leader,0x994d4051e437277cd4a002a994daf89defa5aa22,916.969998,912.9182899999998,4.05170800000019,2
will-john-thune-be-the-next-seante-majority-leader,0x998ea53b91c2a73d71811889bc10e38e9847da3b,6.9993,6.97809,0.02120999999999995,2
will-john-thune-be-the-next-seante-majority-leader,0x99a18b3de03fc7bf03bfbfb13f827ef6d018b0c3,0.0,6.216,-6.216,1
will-john-thune-be-the-next-seante-majority-leader,0x99bd73d01a93c9384da16296dcc82886d95914dd,29.999965,29.90286,0.09710499999999911,2
will-john-thune-be-the-next-seante-majority-leader,0x9ac7b0e2b6560dd89499d21b554c1e43d02c95d4,5.979904,5.955909999999999,0.02399400000000096,2
will-john-thune-be-the-next-seante-majority-leader,0x9b16ff88b022daebb10841db08ef549604486e84,37802.068091999994,0.0,37802.068091999994,1998
will-john-thune-be-the-next-seante-majority-leader,0x9b2b7f9e60e819552064a5993d3a64e5d9ef6e47,5.399998,5.392320000000001,0.0076779999999994075,2
will-john-thune-be-the-next-seante-majority-leader,0x9b41d227177ce99201e4ba111d725b6ccb16ad43,54725.114106,27225.267480000002,27499.846626,5994
will-john-thune-be-the-next-seante-majority-leader,0x9b69543764c1a7b200635ee05c0c299c8f43337f,6.679938,6.654909999999999,0.025028000000000716,2
will-john-thune-be-the-next-seante-majority-leader,0x9b813a5713a6462b6a4a97beb74f197ea9f49ab8,0.0,33456.51,-33456.51,1998
will-john-thune-be-the-next-seante-majority-leader,0x9ca50a64dd2c2bc99c3457dfe446e81d2f9ce82c,1997.8881119999996,2003.3146800000009,-5.426568000001225,3996
will-john-thune-be-the-next-seante-majority-leader,0x9cbeb43f5ebc0a12651ffb6878b62b6e58a46c5a,16.409937,16.37433,0.035606999999998834,2
will-john-thune-be-the-next-seante-majority-leader,0x9cef2923ef3c9ce12888db9ad99adefc76c8601c,0.9999979999999999,0.0,0.9999979999999999,1
will-john-thune-be-the-next-seante-majority-leader,0x9d0c3ecbdb71811fb42b9a50e07b097522d8c724,5.939934,5.922,0.01793400000000034,2
will-john-thune-be-the-next-seante-majority-leader,0x9d16b541a157902ed7c19faeb5a3fe6a9bf0a9dd,11.999998000000001,11.96775,0.03224800000000094,2
will-john-thune-be-the-next-seante-majority-leader,0x9d2abde6974dfd1df52987ba0d7b5f7b9997577b,1997.9960039999996,0.0,1997.9960039999996,1998
will-john-thune-be-the-next-seante-majority-leader,0x9dd9e18b9dcc393705e73966bc79eccbbd9108bd,0.0,10189.8,-10189.8,1998
will-john-thune-be-the-next-seante-majority-leader,0x9def0c6c9fff38ca99ed2ba3c97008ba0ab1633e,1.9999980000000004,0.0,1.9999980000000004,1
will-john-thune-be-the-next-seante-majority-leader,0x9e0b7102d2aedc365c8c24781c3ce0870b90964b,0.0,0.2,-0.2,1
will-john-thune-be-the-next-seante-majority-leader,0x9e24fa792a9aea998c6c8ab1ecd8abfd2be76ad8,135843.94008,135553.7106,290.22948000000906,3996
will-john-thune-be-the-next-seante-majority-leader,0x9e323a0358fae97ec33fd3c7f2e229b0d3caaedb,19831.936001999995,19785.935579999998,46.00042199999734,3998
will-john-thune-be-the-next-seante-majority-leader,0x9e32ab4e4f1350b9af82e813523580eaf19ed6b6,3776.2160039999985,3786.7294800000004,-10.513476000001901,3996
will-john-thune-be-the-next-seante-majority-leader,0x9e690e91aa9733d20a11ebe622efca10e5b98387,0.0,19.759999999999998,-19.759999999999998,1
will-john-thune-be-the-next-seante-majority-leader,0x9f0c2a6074da419b29735bd3eaf5d244380a8aa7,0.0,0.21999999999999997,-0.21999999999999997,1
will-john-thune-be-the-next-seante-majority-leader,0x9f44b7bc53815fb5a208eaca694adf0a966c3db9,32607.298062000013,0.0,32607.298062000013,1998
will-john-thune-be-the-next-seante-majority-leader,0x9f6622d94a5da1a0a3229956efc7ff70bdffd42e,0.0,0.035,-0.035,1
will-john-thune-be-the-next-seante-majority-leader,0x9f7a2b2a3f05b485069517cc295c8472ba218b26,5.898359999999999,0.0,5.898359999999999,1
will-john-thune-be-the-next-seante-majority-leader,0x9f98e1bf31d886df8304bb2ca7c59fad8cd4fdc2,200918.78609399998,197141.3213399999,3777.4647540000733,3996
will-john-thune-be-the-next-seante-majority-leader,0x9fdd9e06a37f88c0bc41a74c7f4ea365431a749b,49.499998,49.29234,0.207657999999995,2
will-john-thune-be-the-next-seante-majority-leader,0x9fe06cf87f5c97301cd22e695474b8d79d5e2b2c,1.29997,0.0,1.29997,1
will-john-thune-be-the-next-seante-majority-leader,0xa0276addb921d3b7b34412e9bd877d9e62957235,2213444.218122,2148011.74924,65432.468882000074,5995
will-john-thune-be-the-next-seante-majority-leader,0xa02df2c2e851059bf29491accaa6b099ea8546ef,12.999955,12.95604,0.04391500000000015,2
will-john-thune-be-the-next-seante-majority-leader,0xa079b7194eae10909c93e86076e724e930808e1f,10.349965999999998,10.31976,0.030205999999997957,4
will-john-thune-be-the-next-seante-majority-leader,0xa0b1a46166dbe51e24c77ae5bd405b0ab02447e0,1.8899470000000003,0.0,1.8899470000000003,1
will-john-thune-be-the-next-seante-majority-leader,0xa11ba7af2e60b4b5f6acd686b4a69698f6dc0073,7.888,7.888,0.0,2
will-john-thune-be-the-next-seante-majority-leader,0xa13ace815fc1165ad1700bbcd0f198e935178c2a,69550.222158,0.0,69550.222158,3996
will-john-thune-be-the-next-seante-majority-leader,0xa1b73ef8900f66bd547717ae8d437db72d21d600,0.0,1.99172,-1.99172,1
will-john-thune-be-the-next-seante-majority-leader,0xa1ecbb0234e77037f312eb3c383488081c00dcb9,11.999976,0.0,11.999976,1
will-john-thune-be-the-next-seante-majority-leader,0xa206bdf95cedc0b77b249db8bab1dff560b13339,19.509897,0.0,19.509897,1
will-john-thune-be-the-next-seante-majority-leader,0xa2116db9c29539e0dcf6e70580621e97147187e7,15.999968,0.0,15.999968,1
will-john-thune-be-the-next-seante-majority-leader,0xa2320b0bce1ed575c58c349f7b3d36450eefb751,13526.352108000001,6.75024,13519.601868000002,1999
will-john-thune-be-the-next-seante-majority-leader,0xa265f458856b3fc58b0eafb493cb3d48d021a453,1.4098799999999998,0.0,1.4098799999999998,1
will-john-thune-be-the-next-seante-majority-leader,0xa275d96c6020751825a887d9f3410a70347428ba,1.039998,0.0,1.039998,1
will-john-thune-be-the-next-seante-majority-leader,0xa294f2ddc88b9355f86fa2abb92c31055e9babba,1997.8881119999996,0.0,1997.8881119999996,1998
will-john-thune-be-the-next-seante-majority-leader,0xa2a2cb7b8e6091f72c9fcf6eeb8e783fd155da4c,1.599939,0.0,1.599939,1
will-john-thune-be-the-next-seante-majority-leader,0xa2af056252540fd90da6e33a4d95dce6e75e7fe0,0.999999,0.99283,0.007168999999999981,2
will-john-thune-be-the-next-seante-majority-leader,0xa2c4ff8007ff9312f2464f8a2bcea16125fa6637,1997.8881119999996,0.0,1997.8881119999996,1998
will-john-thune-be-the-next-seante-majority-leader,0xa2ce0fb9545feb0c43a41192746c679994c17306,239.7600000000001,239.7600000000001,0.0,3996
will-john-thune-be-the-next-seante-majority-leader,0xa344e8c27a9b099269da0ee5e81572a6089e7a72,0.0,0.035,-0.035,1
will-john-thune-be-the-next-seante-majority-leader,0xa350763877a2edd0505b1b5b821251d0364535bf,1997.9960039999996,0.99485,1997.0011539999996,1999
will-john-thune-be-the-next-seante-majority-leader,0xa350fd478fe5dec74c83f4089e2b3f195461e840,0.0,2003.3146800000009,-2003.3146800000009,1998
will-john-thune-be-the-next-seante-majority-leader,0xa3b3e606c1d3125ddb9506cc3d458536577b7c65,0.999999,0.99485,0.005148999999999959,2
will-john-thune-be-the-next-seante-majority-leader,0xa43bc909c6ffb930ca9396c427148d910d9b6db3,13.999998,13.95312,0.04687799999999953,2
will-john-thune-be-the-next-seante-majority-leader,0xa452ea84d1b0a73a1938d231c458f2591f6dc4ea,50.999948999999994,50.84037,0.1595789999999937,2
will-john-thune-be-the-next-seante-majority-leader,0xa47b942160dd33b67176e16cbe319dd70769c554,39360.59999999999,39360.68399999999,-0.08399999999528518,3997
will-john-thune-be-the-next-seante-majority-leader,0xa5454f8e4d93f88a4b4f5ed4d61ddcd0513e9ab2,36783.096084,0.0,36783.096084,1998
will-john-thune-be-the-next-seante-majority-leader,0xa5637a1590e03a7741e0ee851e11ed09e167229f,0.9999979999999998,0.0,0.9999979999999998,1
will-john-thune-be-the-next-seante-majority-leader,0xa56934c22e54ca754fc1c4627421be56d9dd42b1,0.0,742.5367200000002,-742.5367200000002,1998
will-john-thune-be-the-next-seante-majority-leader,0xa60e8b511c84358b9baa1b1cfc2943fa29e7f417,14.999996,14.93331,0.06668599999999891,2
will-john-thune-be-the-next-seante-majority-leader,0xa640be16eeb242fbe63f139092738eddf869f661,0.0,2003.3146800000009,-2003.3146800000009,1998
will-john-thune-be-the-next-seante-majority-leader,0xa69d1f423e078c5b7edfc0b455d7bf63e6536640,0.0,0.028,-0.028,1
will-john-thune-be-the-next-seante-majority-leader,0xa6e0718c5f143af66d3fefe7c52a940e26ce7bb8,19.849997999999996,19.759029999999996,0.09096800000000016,2
will-john-thune-be-the-next-seante-majority-leader,0xa73d2e7b254fbc57ac17135d09f7e34dcf95f3bc,0.9999979999999998,0.99384,0.006157999999999886,2
will-john-thune-be-the-next-seante-majority-leader,0xa7b8d035e331b4728321786af8eb589acbb04346,0.0,0.056,-0.056,1
will-john-thune-be-the-next-seante-majority-leader,0xa8093e46204571a2bd82aa563c7f1a8f07264bc1,34.999964999999996,34.89045,0.1095149999999947,2
will-john-thune-be-the-next-seante-majority-leader,0xa848c8be9dd0ab9de9abcdec703417d2a6464797,19620.359999999993,0.0,19620.359999999993,1998
will-john-thune-be-the-next-seante-majority-leader,0xa8670bcb6c2cffebd9029e8185c2d5933905905a,1.399959,0.0,1.399959,1
will-john-thune-be-the-next-seante-majority-leader,0xa8d64dc23f6a88c9b302172e099aafff917e6cea,2717.2760040000007,1.3565399999999999,2715.9194640000005,1999
will-john-thune-be-the-next-seante-majority-leader,0xa8db224cf85bbae68037e1ba9510caf62a14af26,1997.9960039999996,0.99485,1997.0011539999996,1999
will-john-thune-be-the-next-seante-majority-leader,0xa8ec48b78ab6ade3ef09ab5a52e4d9457534450d,5.28996,5.26888,0.021079999999999544,2
will-john-thune-be-the-next-seante-majority-leader,0xa8ecb3266fa9b745dbfa4db897dbb136ee6b2c2d,59760.172007999994,29831.099039999994,29929.072968,5994
will-john-thune-be-the-next-seante-majority-leader,0xa911fd9d02de3f4b89fc81cf9a7c50e85c9b6974,0.0,7.872,-7.872,1
will-john-thune-be-the-next-seante-majority-leader,0xa92f237e88d3fc194c57c7b6d1776bd12897e551,1.099998,0.0,1.099998,1
will-john-thune-be-the-next-seante-majority-leader,0xa93f3aab033b0f03b7969cb22811f30f6cdb44cc,1998.9960029999997,0.99485,1998.0011529999997,2000
will-john-thune-be-the-next-seante-majority-leader,0xa946a4162f79f56f5840af7888f4c4c5c3054af4,11.999946,11.9556,0.04434599999999911,2
will-john-thune-be-the-next-seante-majority-leader,0xa9f841a6a59dd269353a13419f0103be60817f9f,0.0,1993.1248799999998,-1993.1248799999998,1998
will-john-thune-be-the-next-seante-majority-leader,0xaa9ea63d22afc845267729e405bb5ca1ce6d8eae,0.0,1993.1248799999998,-1993.1248799999998,1998
will-john-thune-be-the-next-seante-majority-leader,0xaad31fe6a3d94e4dd1e878d3d02be80ea3231853,0.999999,0.0,0.999999,1
will-john-thune-be-the-next-seante-majority-leader,0xab1b5a56c56ae5ec60696c0fd1567dd15b9cf856,1.2999980000000002,0.0,1.2999980000000002,1
will-john-thune-be-the-next-seante-majority-leader,0xabc6b49fafcdee3122e4bf7c488719c8eb3f359a,1997.9960039999996,1982.9350799999997,15.060923999999886,3996
will-john-thune-be-the-next-seante-majority-leader,0xabe49bf57fc3b50f443ba5c388c74833f841ad33,0.999999,0.99485,0.005148999999999959,2
will-john-thune-be-the-next-seante-majority-leader,0xac09c6c057bfd76efc54f3078f8cc472b9887db3,1997.9960039999996,0.99485,1997.0011539999996,1999
will-john-thune-be-the-next-seante-majority-leader,0xac3b743dd5d4bdbba077d6ba0a1e96fdb74c468e,1997.9960039999996,1982.9350799999997,15.060923999999886,3996
will-john-thune-be-the-next-seante-majority-leader,0xac61b0c45d1a39f60987facce4f41a6a5a284299,24.999975000000003,24.87125,0.12872500000000286,2
will-john-thune-be-the-next-seante-majority-leader,0xacb2e7a26609ca5c82ee38bb7b1eef79a2075889,1997.9960039999996,0.0,1997.9960039999996,1998
will-john-thune-be-the-next-seante-majority-leader,0xace8120e131ae34685a58f940a3503928a2ac6b0,13.999924,13.9336,0.06632399999999983,3
will-john-thune-be-the-next-seante-majority-leader,0xad7177a3f06ac56fdb0a25c7f0745129319f666d,0.9999680000000001,0.99485,0.005118000000000067,2
will-john-thune-be-the-next-seante-majority-leader,0xadecf853e310fe1ab6d78186dcbcd3d18ce2ed90,15.999984,15.9176,0.08238399999999935,2
will-john-thune-be-the-next-seante-majority-leader,0xadf3c05e552258c1d1e55c74e4d700340e7023ca,8.892,8.892,0.0,2
will-john-thune-be-the-next-seante-majority-leader,0xae061f0d61d123307923177a23e78690110c77e1,2445.8499980000006,2452.97457,-7.124571999999262,2
will-john-thune-be-the-next-seante-majority-leader,0xae17c5ae99f3a48bae0f18bd8e7b3636e71b80c3,1.899909,0.0,1.899909,1
will-john-thune-be-the-next-seante-majority-leader,0xae5ce32e40f5fcb1d911756653a1398868061aea,7.96,0.0,7.96,1
will-john-thune-be-the-next-seante-majority-leader,0xae61c2353f8e3b4a4a13b69bc681ee039b3fda90,1997.9960039999996,0.0,1997.9960039999996,1998
will-john-thune-be-the-next-seante-majority-leader,0xaecb0cd6ecf8b170a22c55cddc31be0a95436950,0.9999440000000002,0.0,0.9999440000000002,1
will-john-thune-be-the-next-seante-majority-leader,0xaef64197bc411ddb84597a9296820613f40cec3a,4.889975,4.875780000000001,0.01419499999999907,2
will-john-thune-be-the-next-seante-majority-leader,0xaf196c7467ec7d7761cb127e671bb1aec66c4a65,3.6399329999999996,3.62229,0.01764299999999963,2
will-john-thune-be-the-next-seante-majority-leader,0xaf2ad59732827d76e1d18f94e381b480178ee75b,50.029914999999995,50.02992,-5.000000001587068e-06,2
will-john-thune-be-the-next-seante-majority-leader,0xb02cac3e16883c412d5509cd09e847bd1fe65c90,7.904,0.0,7.904,1
will-john-thune-be-the-next-seante-majority-leader,0xb048013e6763e19d19577e122af687b80bafd0de,8.856,8.883,-0.026999999999999247,2
will-john-thune-be-the-next-seante-majority-leader,0xb2a6dcece26701f6a04d3d168f2e45c578c888e2,0.9999680000000001,0.99384,0.006128000000000133,2
will-john-thune-be-the-next-seante-majority-leader,0xb30b077a184d5987374ebd7f1099392e92ebd8f9,200.889923,199.81385,1.076073000000008,4
will-john-thune-be-the-next-seante-majority-leader,0xb321be6d84ecabb4a781ac2b9378bbe9ad6f6018,0.999999,0.0,0.999999,1
will-john-thune-be-the-next-seante-majority-leader,0xb3eb5a4d5855b6e649adbfa2e1ad1df9c897633f,1.599939,0.0,1.599939,1
will-john-thune-be-the-next-seante-majority-leader,0xb3f2d382d9fbf80fb08cf9c4c6a525a01cb3c413,39959.888112000015,0.0,39959.888112000015,1998
will-john-thune-be-the-next-seante-majority-leader,0xb48c2b9c4d74d3374ccd7c0f541344a15354d085,3.279969,3.27028,0.009688999999999837,2
will-john-thune-be-the-next-seante-majority-leader,0xb4f32e969359e8c23d9771f1ce16255d895cb82b,6273.6720479999985,0.0,6273.6720479999985,1998
will-john-thune-be-the-next-seante-majority-leader,0xb57b197a8f71248903ff29617be3e19e139ce98f,0.0,2003.3146800000009,-2003.3146800000009,1998
will-john-thune-be-the-next-seante-majority-leader,0xb5881b7024898097fbb972fdd6cbfade76c9619f,0.0,2003.3146800000009,-2003.3146800000009,1998
will-john-thune-be-the-next-seante-majority-leader,0xb5a1230df5738d1be55b4477335478993db68387,82.99999799999999,82.73911,0.26088799999999424,2
will-john-thune-be-the-next-seante-majority-leader,0xb5a4ee50e6424550670c71e49ead29a52361c7c5,0.0,0.26,-0.26,1
will-john-thune-be-the-next-seante-majority-leader,0xb64bf56c8c5b1f9f781360fbeb03f164d42eb819,1997.8881119999996,0.0,1997.8881119999996,1998
will-john-thune-be-the-next-seante-majority-leader,0xb6e8f90cc3cabd45d386ffd7da8304762feeb5e7,6.289975000000001,6.26171,0.028265000000001095,2
will-john-thune-be-the-next-seante-majority-leader,0xb74c23c1c2dab954f5700ff25bdc904b6a83e29c,7.88,0.0,7.88,1
will-john-thune-be-the-next-seante-majority-leader,0xb78e7a4b2a357f4f24a24434ccf4d4b5af9130e3,3995.9840159999994,3952.543499999999,43.44051600000057,3996
will-john-thune-be-the-next-seante-majority-leader,0xb81336dd708231a826c8cdb0fdf76e441b0d38c5,0.0,0.156,-0.156,1
will-john-thune-be-the-next-seante-majority-leader,0xb815c7e5bdd323428215344bdf9ec0ceb5b2fdc6,5993.898102000001,0.0,5993.898102000001,1998
will-john-thune-be-the-next-seante-majority-leader,0xb82b20cb690ee727624ffa84706cbfa7e4c1a748,0.9999979999999998,0.99384,0.006157999999999886,2
will-john-thune-be-the-next-seante-majority-leader,0xb83f4e3eafe31b03ec679b10577e70498664a255,38241.6201,0.0,38241.6201,1998
will-john-thune-be-the-next-seante-majority-leader,0xb84b1e2414d5bb3cedf8d6f32ee92343af918992,1997.9960039999996,1982.9350799999997,15.060923999999886,3996
will-john-thune-be-the-next-seante-majority-leader,0xb89edfd0ada8e1fca2b409fd96ead69434bebdc4,0.0,75006.09881999998,-75006.09881999998,1998
will-john-thune-be-the-next-seante-majority-leader,0xb93ffeca3b763e16bd2fb74bef0c26d2f3d2835d,1997.9960039999996,1.0149,1996.9811039999997,1999
will-john-thune-be-the-next-seante-majority-leader,0xb964f9a95938fa18d3d0c96de7e697243f085f76,3955.974065999999,0.0,3955.974065999999,1998
will-john-thune-be-the-next-seante-majority-leader,0xb9992c65b6cd7829cbf2c53807a17d8ef272c7ec,1.499998,0.0,1.499998,1
will-john-thune-be-the-next-seante-majority-leader,0xb9aa502f6d2d1ed0494bac35ba6a445935d46509,1.2599639999999999,0.0,1.2599639999999999,1
will-john-thune-be-the-next-seante-majority-leader,0xb9e7e044a5e39efab8ae3e9ca09b0c69d80d3fc2,1997.9640359999994,0.0,1997.9640359999994,1998
will-john-thune-be-the-next-seante-majority-leader,0xba0600d10576a7de7afe3fa79c142a66293afe6c,1997.9960039999996,0.0,1997.9960039999996,1998
will-john-thune-be-the-next-seante-majority-leader,0xba3f2fb14fc2fc2e84e80af3388a82b4b3df5b6b,0.0,9.082999999999998,-9.082999999999998,2
will-john-thune-be-the-next-seante-majority-leader,0xba87839b238e64f82bba36c37384333ad769103b,15744.239999999998,0.0,15744.239999999998,1998
will-john-thune-be-the-next-seante-majority-leader,0xba9ac6d5629933e2632b2557fcc0f03b711f71a5,0.0,352.80683999999997,-352.80683999999997,1998
will-john-thune-be-the-next-seante-majority-leader,0xbaec3992b6a19bd133b43e93af5845e0aa6bb6f3,6.66996,6.6528,0.01715999999999962,2
will-john-thune-be-the-next-seante-majority-leader,0xbb0670339579b46a1e6c8836b801e9ccafad1a96,191.09994799999998,66.46063,124.63931799999999,3
will-john-thune-be-the-next-seante-majority-leader,0xbb3758c551f632c5fe15fc4a819140dc2e8df3a8,1.2999950000000002,0.0,1.2999950000000002,1
will-john-thune-be-the-next-seante-majority-leader,0xbb3eef3b59cd149a1e3b0086ffd7c1cf81a2e0e9,0.0,8.874,-8.874,1
will-john-thune-be-the-next-seante-majority-leader,0xbb79e70bc7385ca87d59c795c01e379efddb4ce8,0.0,1548.4300200000005,-1548.4300200000005,1998
will-john-thune-be-the-next-seante-majority-leader,0xbbd65da7fb50e37d7d835220b77cd503dae8a121,14.289971,14.252279999999999,0.037691000000000585,2
will-john-thune-be-the-next-seante-majority-leader,0xbbf89ed60e549a062c1cb69ffdcfe2c7b5ad3400,1997.896104,0.9999,1996.896204,1999
will-john-thune-be-the-next-seante-majority-leader,0xbc24d8f74e6bb62001a9062c6c278b782e84b9b1,1.2698999999999998,1.26111,0.008789999999999853,2
will-john-thune-be-the-next-seante-majority-leader,0xbcc9b02b93df01d30f5c53d9adec3e24619eedad,0.9999979999999998,0.99384,0.006157999999999886,2
will-john-thune-be-the-next-seante-majority-leader,0xbcd5bad04d79a1c106a9dfa584dc43c0080333db,0.999999,0.99485,0.005148999999999959,2
will-john-thune-be-the-next-seante-majority-leader,0xbd50bb3b22e375804a1646d1cd5a29be023c8703,12.999998,12.916599999999999,0.08339800000000075,2
will-john-thune-be-the-next-seante-majority-leader,0xbdf4672b86a07a337bd0b515408b71ea715926a8,0.9999680000000001,0.99485,0.005118000000000067,2
will-john-thune-be-the-next-seante-majority-leader,0xbe30f9d3c383b9c92b4a620fb1b392630e24e53a,5.05994,5.04279,0.01715,2
will-john-thune-be-the-next-seante-majority-leader,0xbe48b0eb91251d75495097f68f9caf73e6ae5c58,1.7999429999999998,0.0,1.7999429999999998,1
will-john-thune-be-the-next-seante-majority-leader,0xbe5d145d92de71b5ca18d587013a30f8322e84ff,1.89987,0.0,1.89987,1
will-john-thune-be-the-next-seante-majority-leader,0xbeb63d7f124b35f1b4eb5bba5ae3f5e2e7dc2d96,3.269993,3.2571,0.012893000000000043,2
will-john-thune-be-the-next-seante-majority-leader,0xbedce70fc65cf95c4a492125be9e8bce5e009818,1997.9640359999994,0.0,1997.9640359999994,1998
will-john-thune-be-the-next-seante-majority-leader,0xbf2dc7a9c914bbfebaf4dac9e070bee44d1c1c17,1.3999599999999999,0.0,1.3999599999999999,1
will-john-thune-be-the-next-seante-majority-leader,0xbf32757054c796672c48e7d0aa6fea6dab6a2339,17981.996004,17857.324800000002,124.6712039999984,3996
will-john-thune-be-the-next-seante-majority-leader,0xbf33ea18feb011d256a4a184a9181b9150611f68,17142.836004000004,8.570640000000001,17134.265364000003,1999
will-john-thune-be-the-next-seante-majority-leader,0xbf51897c4efe520753f0f1c70a106ea9cc7bab87,1.999998,0.0,1.999998,1
will-john-thune-be-the-next-seante-majority-leader,0xc0272675675d5c905ba7a1abd6ef502e2be03310,7.888,7.888,0.0,2
will-john-thune-be-the-next-seante-majority-leader,0xc0fb131e1716b7b76c7c632d38f669c9cf625aff,7472.5120080000015,3.74523,7468.766778000001,3997
will-john-thune-be-the-next-seante-majority-leader,0xc1920a51dc2f49a1a934791b389c8bcc6066ee3a,1.29997,0.0,1.29997,1
will-john-thune-be-the-next-seante-majority-leader,0xc1b8c09f482f16c6bfc70a599158b1bc5d9c8be5,90.05995999999999,0.0,90.05995999999999,1
will-john-thune-be-the-next-seante-majority-leader,0xc1e555a0f8aea41fd851e5dca6277adb3bd3d0fa,199.79600400000004,0.0,199.79600400000004,1998
will-john-thune-be-the-next-seante-majority-leader,0xc217ec3703d63ccf48cab39623ddcf701725501a,1.5999830000000002,0.0,1.5999830000000002,1
will-john-thune-be-the-next-seante-majority-leader,0xc219125994a7775573b7105dfab5484f5abac0ec,51528.41200799999,25583.19119999999,25945.220808000002,5994
will-john-thune-be-the-next-seante-majority-leader,0xc23589c16efc3232866b853254771b470bb5045f,0.0,1983.6743399999996,-1983.6743399999996,1998
will-john-thune-be-the-next-seante-majority-leader,0xc277abaeb44eb4797bbf8f52b5ec6c639c97dac9,0.0,2003.3146800000009,-2003.3146800000009,1998
will-john-thune-be-the-next-seante-majority-leader,0xc2981eace3b0a50aa2d1a1e60210ddc030c162c1,1997.8881119999996,0.0,1997.8881119999996,1998
will-john-thune-be-the-next-seante-majority-leader,0xc2c4f60966c29b2de6f3082ded7ec3360c8d29f3,1.29978,0.0,1.29978,1
will-john-thune-be-the-next-seante-majority-leader,0xc2cfebdcbe7c202132d5f83a9b3e5e644df216c7,23975.944056000008,0.0,23975.944056000008,1998
will-john-thune-be-the-next-seante-majority-leader,0xc30d0f07a321f9b47e7fe1542d7f4858989412ef,3995.960040000001,0.0,3995.960040000001,1998
will-john-thune-be-the-next-seante-majority-leader,0xc3a5e0f953b91851753e485eca1d6db20980be3e,0.0,0.084,-0.084,1
will-john-thune-be-the-next-seante-majority-leader,0xc46ae0812f0bf7002ac1700fe144a54704479dc8,0.0,0.035,-0.035,1
will-john-thune-be-the-next-seante-majority-leader,0xc5549ecbfc0e908e446d1c32074222198738b1ea,0.9999979999999999,0.0,0.9999979999999999,1
will-john-thune-be-the-next-seante-majority-leader,0xc5a037f78ee6e3962327110ec7ba5c2058617e80,1.2999539999999998,0.0,1.2999539999999998,1
will-john-thune-be-the-next-seante-majority-leader,0xc5b4938d508a150fba2aad2a22b6a6c8a6f552e0,15983.996004000004,15888.855240000003,95.14076400000158,3996
will-john-thune-be-the-next-seante-majority-leader,0xc6587b11a2209e46dfe3928b31c5514a8e33b784,11571128.582070002,0.0,11571128.582070002,1999
will-john-thune-be-the-next-seante-majority-leader,0xc668645cbaeb36f4183433566dbb3c3ce01479c1,1.469998,1.45971,0.010287999999999853,2
will-john-thune-be-the-next-seante-majority-leader,0xc6a2ce88ff5ab600762af01ccd47bc0fa2585ca6,0.0,1993.1248799999998,-1993.1248799999998,1998
will-john-thune-be-the-next-seante-majority-leader,0xc6ef44fffcacf73788fec7f3a98b5d2bb037a04c,5.359998,5.337689999999999,0.02230800000000066,2
will-john-thune-be-the-next-seante-majority-leader,0xc6f11816fd10c945c75b34b9ec217a9960c29eb6,4.889975,4.875780000000001,0.01419499999999907,2
will-john-thune-be-the-next-seante-majority-leader,0xc7c85607f45cca474874f1bd365d397caff18fa0,0.0,8.874,-8.874,1
will-john-thune-be-the-next-seante-majority-leader,0xc7d946d40a4ad6c155463d3e3e277f6151e35ce1,0.0,7.888,-7.888,1
will-john-thune-be-the-next-seante-majority-leader,0xc85d86f59a69fe9029c785e7d9e960d4ba64b6ce,0.9999979999999999,0.0,0.9999979999999999,1
will-john-thune-be-the-next-seante-majority-leader,0xc870e5bdd72790d41535634810400f2bc6f5b33a,23975.996004,23868.507600000004,107.48840399999608,3996
will-john-thune-be-the-next-seante-majority-leader,0xc8a0a3caef0128b18d622eaebe80da6cfc99b509,38761.144056000005,0.0,38761.144056000005,1998
will-john-thune-be-the-next-seante-majority-leader,0xc8c1ae8bec4d474c79d451190dd1d7c8d4fa118c,0.0,8.892,-8.892,1
will-john-thune-be-the-next-seante-majority-leader,0xc90f6488482885029d76bb3fc45c106fd4d9f42d,0.9999680000000001,0.99384,0.006128000000000133,2
will-john-thune-be-the-next-seante-majority-leader,0xc93d84ea1b76827ea610b4d60dd8eb5960dcb1ec,0.0,0.16,-0.16,1
will-john-thune-be-the-next-seante-majority-leader,0xc96ac4f78b47941b2c8dc216c611f58904062080,4.779926000000001,4.76721,0.012716000000000172,2
will-john-thune-be-the-next-seante-majority-leader,0xc97d55697512187001ee0c993412d57232d1732b,271.918,0.0,271.918,3
will-john-thune-be-the-next-seante-majority-leader,0xca549b597376323ddaf4991d3f298835944ff7ad,11.439998000000001,11.3652,0.07479800000000125,2
will-john-thune-be-the-next-seante-majority-leader,0xca6bb016486a27c0d20667bc41f29e9a2895f285,5.1299459999999995,5.1116,0.018345999999999307,2
will-john-thune-be-the-next-seante-majority-leader,0xca7431c48da1983ffac04360e72103bcd3807cab,15.999998000000001,15.93376,0.06623800000000202,2
will-john-thune-be-the-next-seante-majority-leader,0xca9118c5790902d3b8f4e2e5c46454fea4de6ec8,25973.856144000005,25840.014120000003,133.8420240000014,3996
will-john-thune-be-the-next-seante-majority-leader,0xcab1b25a385eafc304b4f3b1b0b4cc1e3c42e2d2,0.999984,0.0,0.999984,1
will-john-thune-be-the-next-seante-majority-leader,0xcaf626b5f2ca98fe4bfae06953674121cf72cb30,14.99997,14.946959999999999,0.053010000000000446,2
will-john-thune-be-the-next-seante-majority-leader,0xcb1655012006a51cc633e8623ec61313ed6358da,279.7160040000001,0.0,279.7160040000001,1998
will-john-thune-be-the-next-seante-majority-leader,0xcb2fd9ba91094920236cc44cfccd43bc79bf454f,4535.426034,4512.6828000000005,22.743233999999575,3996
will-john-thune-be-the-next-seante-majority-leader,0xcbba64cddd05171925ffd05d8f8abd38c83fdbff,0.0,0.60939,-0.60939,1
will-john-thune-be-the-next-seante-majority-leader,0xcbd30d1ea1d70e0a239260db4d0431a2c8fc5ac4,9820.170000000002,0.0,9820.170000000002,1998
will-john-thune-be-the-next-seante-majority-leader,0xcc1af80f4f268f0b0fe58ce80a6a16f9ebbe2431,0.0,9.025,-9.025,2
will-john-thune-be-the-next-seante-majority-leader,0xcc2458e365bfe5568d394e0bb1e6730481f38e19,509489.8201799999,505236.03822000016,4253.78195999976,7992
will-john-thune-be-the-next-seante-majority-leader,0xcca30983a7530a53bccdd77a6bd3f5fad2e5f457,0.999984,0.0,0.999984,1
will-john-thune-be-the-next-seante-majority-leader,0xccac86080ebe1c9fbb47e980717a93f2981865f4,60619.21210799999,30023.60633999999,30595.605768,5994
will-john-thune-be-the-next-seante-majority-leader,0xccae9e60227c8b554582595b57ce05ef75152568,13117.075961999994,13084.287359999998,32.78860199999508,3998
will-john-thune-be-the-next-seante-majority-leader,0xccee378668caeca44a4e9db94d8e43fbf573b46b,18.999892,18.9783,0.02159199999999828,2
will-john-thune-be-the-next-seante-majority-leader,0xcd3cc1faf504db0b33dba6ec7a5e804061c0e3d7,5.989995,5.97135,0.018645000000000245,2
will-john-thune-be-the-next-seante-majority-leader,0xcd7c259a31c8a54c1bc4699e0a76caa42a5dcbde,5.709946,5.69499,0.014956000000000635,2
will-john-thune-be-the-next-seante-majority-leader,0xcd805e1720fddea4b1874a2fb790916146967e2c,14.999997999999998,0.0,14.999997999999998,1
will-john-thune-be-the-next-seante-majority-leader,0xcd848fef16134e0c654b3c43e4eb1da6be3e00c2,14125.856003999997,14093.772119999998,32.08388399999967,3996
will-john-thune-be-the-next-seante-majority-leader,0xcd885be3c22ad13a43fac42b29a5894a8617a28a,38561.32807199999,0.0,38561.32807199999,1998
will-john-thune-be-the-next-seante-majority-leader,0xcd9846970d9c54008c93729f5116af36a033129c,11987.996004000002,0.0,11987.996004000002,1998
will-john-thune-be-the-next-seante-majority-leader,0xce4a39d6363acbc2ce40b80ade5357812203c1d5,8.889932,8.8704,0.019531999999999883,2
will-john-thune-be-the-next-seante-majority-leader,0xce4e05a9a0f6a4fe0bd6be83391d1f8e1d761029,7.904,7.904,0.0,2
will-john-thune-be-the-next-seante-majority-leader,0xce6bcb5c9aa9cb06d274b86e4ee0c7f7da969d4e,0.9999680000000001,0.0,0.9999680000000001,1
will-john-thune-be-the-next-seante-majority-leader,0xce82e23ebb00be564c2ec353e3bc49d854fc3244,0.0,0.035,-0.035,1
will-john-thune-be-the-next-seante-majority-leader,0xcfb4024f2c42627de5f20206fc2a9128463705da,1.749924,0.0,1.749924,1
will-john-thune-be-the-next-seante-majority-leader,0xd066e6906858be3d6ee4fb93f44a01976404858c,20.999896000000003,0.0,20.999896000000003,1
will-john-thune-be-the-next-seante-majority-leader,0xd06e56a8914b0828b677dc2ea6cabb32edebf1d8,39.44,0.0,39.44,1
will-john-thune-be-the-next-seante-majority-leader,0xd09f39295d90566bfa05a3f625e920dcac7baee4,26.869998000000002,26.75726,0.11273800000000378,2
will-john-thune-be-the-next-seante-majority-leader,0xd132eb9952f833ca92ac07b5ea9b4beedef06904,0.999984,0.0,0.999984,1
will-john-thune-be-the-next-seante-majority-leader,0xd18ad2db20ce4571ff7919674e0cb74ecc2daa79,1997.8881119999996,0.0,1997.8881119999996,1998
will-john-thune-be-the-next-seante-majority-leader,0xd1c0d652223678275525ef397d676fd96220bc0a,0.999936,0.0,0.999936,1
will-john-thune-be-the-next-seante-majority-leader,0xd2114386f0abf156cb439b72308ee9b142018659,3.429954,3.4150199999999997,0.014934000000000225,2
will-john-thune-be-the-next-seante-majority-leader,0xd218e474776403a330142299f7796e8ba32eb5c9,1.425,0.0,1.425,1
will-john-thune-be-the-next-seante-majority-leader,0xd25cf47f50324bc29f9cc928be1236d871be8a3f,71.97995,71.61229,0.36766000000000076,4
will-john-thune-be-the-next-seante-majority-leader,0xd35743a91a3a46d3cd5d7007908781bfe6d04f9b,0.0,1983.6743399999996,-1983.6743399999996,1998
will-john-thune-be-the-next-seante-majority-leader,0xd395cc9017030236f7ee3abac6a9d57134518ae4,1997.9960039999996,0.0,1997.9960039999996,1998
will-john-thune-be-the-next-seante-majority-leader,0xd3c4295b7ff667a6ccaab4e4189454bdf61b3ca8,1997.8881119999996,0.0,1997.8881119999996,1998
will-john-thune-be-the-next-seante-majority-leader,0xd3ebdbf87e0928ef43fb571db02abc81f1fb556e,1998.9960029999997,0.99586,1998.0001429999998,2000
will-john-thune-be-the-next-seante-majority-leader,0xd45ad5a8d0e5b68eb7b8bbb74967ec36fdb7fa85,24974.906094000005,24869.066039999998,105.84005400000751,3996
will-john-thune-be-the-next-seante-majority-leader,0xd51024fed27b00a9b15144c8b1c189e7a48377f5,345.279968,343.48395999999997,1.796008000000029,2
will-john-thune-be-the-next-seante-majority-leader,0xd52b62d2e03d8a3541a5b4830e508273782f48a5,199.79600400000004,0.0,199.79600400000004,1998
will-john-thune-be-the-next-seante-majority-leader,0xd5f89ba1830b4e33e57572d85060d46000ee6778,1997.9640359999994,1985.69232,12.271715999999287,3996
will-john-thune-be-the-next-seante-majority-leader,0xd667cdecd6dbc2ad0ee71015db4bbc7f06687a55,0.0,7.896,-7.896,1
will-john-thune-be-the-next-seante-majority-leader,0xd668684995b72230713186e408b8af7c7b096c02,4.999934,0.0,4.999934,1
will-john-thune-be-the-next-seante-majority-leader,0xd674adde81251fb98254679a4ab13943cb56187b,1997.9960039999996,0.0,1997.9960039999996,1998
will-john-thune-be-the-next-seante-majority-leader,0xd68671174d4a55a9834ff7decd065adb5dcba22e,76203.67004999999,75950.69327999999,252.97676999999385,3996
will-john-thune-be-the-next-seante-majority-leader,0xd69226c6852ce15f6b3a2f3154c479512543d736,18.749987000000004,0.0,18.749987000000004,1
will-john-thune-be-the-next-seante-majority-leader,0xd6e8a4f377908a221c43058ff26c368780f18e17,269.73,89.91,179.82000000000002,3996
will-john-thune-be-the-next-seante-majority-leader,0xd83b9c395c7c1a47c7b4195bad361895c1818d7f,0.999999,0.0,0.999999,1
will-john-thune-be-the-next-seante-majority-leader,0xd86c8b59ea9a094504ce0ef38d42f32740afd431,0.0,1997.200800000001,-1997.200800000001,1998
will-john-thune-be-the-next-seante-majority-leader,0xd8d9e103583a92956ed0af4d69dd5918707b66f0,0.0,0.1,-0.1,1
will-john-thune-be-the-next-seante-majority-leader,0xd90648cf082ede62b962d7595a00de127d38ca45,7052.932007999998,3.5388,7049.393207999998,3997
will-john-thune-be-the-next-seante-majority-leader,0xd970db28c672e970d9181f64c6837c713c225139,0.9999680000000001,0.0,0.9999680000000001,1
will-john-thune-be-the-next-seante-majority-leader,0xd98569057908826857c8a4554aa358d98d242bde,0.0,22.659,-22.659,3
will-john-thune-be-the-next-seante-majority-leader,0xda01b821926fdbfdde40733cad7e4454930d37fb,0.0,39320.640000000014,-39320.640000000014,1998
will-john-thune-be-the-next-seante-majority-leader,0xda2596b3ac161a6c9392aef2b986a8d7051ae937,44.949998,44.76045,0.18954800000000205,2
will-john-thune-be-the-next-seante-majority-leader,0xdaca9e3fd23b287f82065bf026ded77da5b8e2d8,15.999998,15.943620000000001,0.05637799999999871,2
will-john-thune-be-the-next-seante-majority-leader,0xdafa6bf7478bb563b88efccc5f4092c29fe03d87,17402.576004,17410.53203999999,-7.956035999992309,3996
will-john-thune-be-the-next-seante-majority-leader,0xdb0b87cdc1a9b6251b8b36c6d57606f527dcfae4,1.499998,0.0,1.499998,1
will-john-thune-be-the-next-seante-majority-leader,0xdb0e66823ac6b1cae2466d654b18a9de6eed110c,0.999998,0.0,0.999998,1
will-john-thune-be-the-next-seante-majority-leader,0xdb21fac3a4ad7b8e4f962c90ee41de0ed3aa4bcc,0.999999,0.0,0.999999,1
will-john-thune-be-the-next-seante-majority-leader,0xdb8a3f922f791501d56ed410418ad685240b0e99,32627.320020000017,0.0,32627.320020000017,1998
will-john-thune-be-the-next-seante-majority-leader,0xdb946e835578f5e4bbe2603d67a47d03b733e6fb,1997.8881119999996,0.0,1997.8881119999996,1998
will-john-thune-be-the-next-seante-majority-leader,0xdc072dfe1a60093c0766553ea63e5f97f15612f7,1.5599610000000002,1.54752,0.012441000000000146,2
will-john-thune-be-the-next-seante-majority-leader,0xdc82d7c1469d6b63c2d864a5696d5d041a5b61bd,2.1999980000000003,0.0,2.1999980000000003,1
will-john-thune-be-the-next-seante-majority-leader,0xdca64eb3e0bffabd7c24aa5c0e619230b0f8a580,0.0,16.728,-16.728,1
will-john-thune-be-the-next-seante-majority-leader,0xdcb4827b2ce06708b38baa59e2e4c627f857cf25,4.1299980000000005,0.0,4.1299980000000005,1
will-john-thune-be-the-next-seante-majority-leader,0xdd9e3857bd563a62724127935ec24412a3061a1f,1.0799979999999998,0.0,1.0799979999999998,1
will-john-thune-be-the-next-seante-majority-leader,0xde4fbcd43366f28709cfb2c2966eb66ba85857a2,30.109827,0.0,30.109827,1
will-john-thune-be-the-next-seante-majority-leader,0xde948e28c8cb4b7090a1a1e4240603b991659a8e,0.9999680000000001,0.0,0.9999680000000001,1
will-john-thune-be-the-next-seante-majority-leader,0xdf0c6acd7662c6df3268745483f721eb72ddfed7,11.999998000000001,11.935920000000001,0.0640780000000003,2
will-john-thune-be-the-next-seante-majority-leader,0xdf53a3767acd8fd0add4c7a1c94c129a584249d0,0.0,2003.3146800000009,-2003.3146800000009,1998
will-john-thune-be-the-next-seante-majority-leader,0xdfad30a38a5aaaa2626dee3460cc6214c9bd8902,40.819815,0.0,40.819815,1
will-john-thune-be-the-next-seante-majority-leader,0xdfc2508d0565918b956f3c760988f6bad49705e5,0.9999680000000001,0.99384,0.006128000000000133,2
will-john-thune-be-the-next-seante-majority-leader,0xdfcd214285f8c882126b7fba51d7703cf861d959,7.999984,0.0,7.999984,1
will-john-thune-be-the-next-seante-majority-leader,0xdfcfa4b105ae7ce7dabc3a7b932a61feabeac625,14.999983,14.94776,0.052222999999999686,2
will-john-thune-be-the-next-seante-majority-leader,0xe01333652dca9e25d4a1c9c5f9777a4f25a67554,319.67600399999986,0.0,319.67600399999986,1998
will-john-thune-be-the-next-seante-majority-leader,0xe0413a28e3b70612ae44b6ab7d214ca79b3cc539,4.099944000000001,4.08618,0.013764000000000998,2
will-john-thune-be-the-next-seante-majority-leader,0xe04b8f24e3ccd4509368b60c756ec1ee7eac1a79,1997.9980020000005,0.0,1997.9980020000005,1998
will-john-thune-be-the-next-seante-majority-leader,0xe126e5433dab7c2aed8c1b670df9fef90ae96d5a,4.709925,0.0,4.709925,1
will-john-thune-be-the-next-seante-majority-leader,0xe1adbd00fdbbe938c44a2a6f5b0554ffccf6c8a2,0.0,0.26,-0.26,1
will-john-thune-be-the-next-seante-majority-leader,0xe229cb62fd96c21b23b0d724f2c18fcff49d3ca1,64335.48411599999,0.0,64335.48411599999,3996
will-john-thune-be-the-next-seante-majority-leader,0xe2ccb3c04b652fd2293cda0f42fcd6d6e3df72e1,1.5999830000000002,0.0,1.5999830000000002,1
will-john-thune-be-the-next-seante-majority-leader,0xe2f1d7975c11a9fd51299710fd1e68850992ba4d,74565.356004,73951.01496,614.3410440000007,3996
will-john-thune-be-the-next-seante-majority-leader,0xe3726a1b9c6ba2f06585d1c9e01d00afaedaeb38,0.0,490.64723000000004,-490.64723000000004,19
will-john-thune-be-the-next-seante-majority-leader,0xe38d0c27ebce943b93eec9939cfbf20a654dcdd9,13.999986000000002,13.94204,0.05794600000000116,2
will-john-thune-be-the-next-seante-majority-leader,0xe39122d93c28143cd8104079ed1b7f8af60e760c,43516.43600399999,43203.91284,312.5231639999911,3996
will-john-thune-be-the-next-seante-majority-leader,0xe41c33dd4fb594222afd1e7deef28b37d7f15e79,0.0,0.24,-0.24,1
will-john-thune-be-the-next-seante-majority-leader,0xe43408d3f14f32dbb9bfa5d75c216a4ad19fcb3e,0.0,115696.88729999997,-115696.88729999997,1998
will-john-thune-be-the-next-seante-majority-leader,0xe4ad3978f3ebbbd5b68fa8837b84033d92a69a7f,111.979998,111.44585,0.5341480000000018,2
will-john-thune-be-the-next-seante-majority-leader,0xe4ce5c5bbe25a659645f67c06e35b047a61bf3d2,49949.98201800001,0.0,49949.98201800001,1998
will-john-thune-be-the-next-seante-majority-leader,0xe513a779700ffba1e30f6753a74dd890b7811e55,640.9059479999999,0.0,640.9059479999999,1999
will-john-thune-be-the-next-seante-majority-leader,0xe58fe7e307cbdf7b533f0c60c14638a3facc32ac,0.0,0.07,-0.07,1
will-john-thune-be-the-next-seante-majority-leader,0xe5a54522b1ffaa9484c731e2f269f97f8ca94d60,0.0,639.3599999999999,-639.3599999999999,1998
will-john-thune-be-the-next-seante-majority-leader,0xe5e194f275e2695fc523e8cdd43050bb14689897,1997.9980019999934,0.0,1997.9980019999934,1998
will-john-thune-be-the-next-seante-majority-leader,0xe618ad17bca59c2da4c1e18c938e70f422e7a18c,0.9999509999999999,0.0,0.9999509999999999,1
will-john-thune-be-the-next-seante-majority-leader,0xe694f4ff2b94458728f07067419f59ef00fe93cf,55.439958,55.1393,0.30065799999999854,2
will-john-thune-be-the-next-seante-majority-leader,0xe6db366d7c7ee87947bf58e51dd51c17ddfb7d3a,1997.9960039999996,0.0,1997.9960039999996,1998
will-john-thune-be-the-next-seante-majority-leader,0xe79115680c6d09c086395e3a47d14185449f82a1,19979.996004000008,0.0,19979.996004000008,1998
will-john-thune-be-the-next-seante-majority-leader,0xe7d896f7a0ad843ff6bdf1b8694f62619e70555e,99.99999000000001,0.0,99.99999000000001,1
will-john-thune-be-the-next-seante-majority-leader,0xe81ba2065313355673e294afe7172b6ef0bba849,17.779972,17.70045,0.07952200000000076,2
will-john-thune-be-the-next-seante-majority-leader,0xe81fb0461216af6812743ec2ce7365823150369e,1.599825,0.0,1.599825,1
will-john-thune-be-the-next-seante-majority-leader,0xe8212c2db30de93fa6fe01ee6a69c4379e83450f,3656.3360040000002,1.83024,3654.5057640000005,1999
will-john-thune-be-the-next-seante-majority-leader,0xe86dd15e336e128d26a07ee486f4c647e4e22b2b,1.199964,0.0,1.199964,1
will-john-thune-be-the-next-seante-majority-leader,0xe892cdb8ee55d5a8d5cc00ccd8cf986d4de5b4df,47.61994,47.32344,0.29650000000000176,2
will-john-thune-be-the-next-seante-majority-leader,0xe8f0369dcddf8025fa42b815bb6d1232c4e6b6c1,0.0,0.035,-0.035,1
will-john-thune-be-the-next-seante-majority-leader,0xe9be01f83f9655a4c680bdcac15df25187d01abc,44.999998000000005,0.0,44.999998000000005,1
will-john-thune-be-the-next-seante-majority-leader,0xe9d08c386579cec56f7e899dd531b5ec4bf1fec1,7.88,7.896,-0.016000000000000014,2
will-john-thune-be-the-next-seante-majority-leader,0xea381db6f1b51492580e62c16148ec5102d14610,1997.8881119999996,0.0,1997.8881119999996,1998
will-john-thune-be-the-next-seante-majority-leader,0xead65a9ae4fc23714c0a25de1c6b2527054561e1,1997.8881119999996,0.99384,1996.8942719999995,1999
will-john-thune-be-the-next-seante-majority-leader,0xeb1ff2d72e4c6a785cd481f7961b13855b69991e,1997.9960039999996,0.0,1997.9960039999996,1998
will-john-thune-be-the-next-seante-majority-leader,0xeba3ae20e71a904c952fe7c971ef677125df4d5d,1998.9960029999997,0.99586,1998.0001429999998,2000
will-john-thune-be-the-next-seante-majority-leader,0xebbb6eea260c91440454f061fdb566c76c55817d,2.6799980000000003,0.0,2.6799980000000003,1
will-john-thune-be-the-next-seante-majority-leader,0xec3d1b38d29a7405b57dc2538a49b2d12bbdf2e1,0.0,14.76,-14.76,1
will-john-thune-be-the-next-seante-majority-leader,0xecabae40e06cb4f782e74e5bc212ce5809314584,5.28996,5.26888,0.021079999999999544,2
will-john-thune-be-the-next-seante-majority-leader,0xeccef630ea680aa68794cc4a527d8608ce54c400,30.999998,30.80722,0.19277800000000056,2
will-john-thune-be-the-next-seante-majority-leader,0xed13d85a6c8c8f9ed0ed7463e58bfb61230ec237,5.099944000000001,5.08728,0.012664000000000897,2
will-john-thune-be-the-next-seante-majority-leader,0xed5826a8f2ca70c59214d96b5efaccce765d2bcd,1.9999480000000005,0.0,1.9999480000000005,1
will-john-thune-be-the-next-seante-majority-leader,0xed614df309c9d60f3f9ee082edf3c4eea4b0a4c2,19840.136004,19834.265880000003,5.870123999997304,3996
will-john-thune-be-the-next-seante-majority-leader,0xed7fc73a7f0fcecdcc83c5c7561503971aab5e45,0.9999720000000001,0.99283,0.007142000000000093,2
will-john-thune-be-the-next-seante-majority-leader,0xedd67cde0a43c168c47985bb241ca480ec4150b5,0.0,0.33422,-0.33422,1
will-john-thune-be-the-next-seante-majority-leader,0xedf7f729bba82d893c075f715804d20fd2860382,6.049988,6.02579,0.024198000000000164,2
will-john-thune-be-the-next-seante-majority-leader,0xedfbf63dee9dcfbf3dfdf8748eb65f026e9fafee,4.999985000000001,0.0,4.999985000000001,1
will-john-thune-be-the-next-seante-majority-leader,0xee0ef91dc5e110b029267fce682c5c005891bc3b,0.999999,0.0,0.999999,1
will-john-thune-be-the-next-seante-majority-leader,0xee354a3bfcd4afca3569f46811c0f9c4b0250eb9,0.9999680000000001,0.99485,0.005118000000000067,2
will-john-thune-be-the-next-seante-majority-leader,0xeeee0b842669eb30f2a38c20f8c6250b0263df74,1.579905,1.56894,0.010964999999999892,2
will-john-thune-be-the-next-seante-majority-leader,0xef56c97f7e9ed40645e03c0a1b41ce4b1830ec07,5.869998,5.84304,0.026957999999999593,2
will-john-thune-be-the-next-seante-majority-leader,0xef5a767d8ff2d077e3794a08ca54161122e1d720,18.229967,18.19041,0.03955699999999851,2
will-john-thune-be-the-next-seante-majority-leader,0xef8452d0ee0938f9dfd4fa8ec690bb65bdeb16fc,37382.48209799999,0.0,37382.48209799999,1998
will-john-thune-be-the-next-seante-majority-leader,0xef8b0011df1db263cafb954ac97a0aa8537a76d3,0.9999680000000001,0.0,0.9999680000000001,1
will-john-thune-be-the-next-seante-majority-leader,0xefa0f856e422d8ba563be27945371e0dcfb0ba8a,9.449998,9.40459,0.045408000000000115,2
will-john-thune-be-the-next-seante-majority-leader,0xefaec35e58f61cd973ce58204d7885d729014cd6,20139.836004,20189.350440000002,-49.5144360000013,3996
will-john-thune-be-the-next-seante-majority-leader,0xefdd9e3f1c333537035c0b67a132d2446fd234d2,15.999968,0.0,15.999968,1
will-john-thune-be-the-next-seante-majority-leader,0xf023b6db82516509058ad96515d4fc3c2ecd54cc,41.739935,41.4382,0.30173500000000075,2
will-john-thune-be-the-next-seante-majority-leader,0xf040d2c6c8b8e98d170e05b3821bbb05ea55586c,1997.9960039999996,0.0,1997.9960039999996,1998
will-john-thune-be-the-next-seante-majority-leader,0xf0b0ef1d6320c6be896b4c9c54dd74407e7f8cab,0.0,153013.52821000002,-153013.52821000002,30006
will-john-thune-be-the-next-seante-majority-leader,0xf0b654575529099e802f4d50f30798379de27ec8,10914.08004,10.474789999999999,10903.60525,2001
will-john-thune-be-the-next-seante-majority-leader,0xf0bded561593bf412c52daac9976d2f9cdee36be,4155.816024000002,0.0,4155.816024000002,1998
will-john-thune-be-the-next-seante-majority-leader,0xf11305e8a695dc0c6a72a5372b8feba2ab5eed98,1997.9960039999996,0.0,1997.9960039999996,1998
will-john-thune-be-the-next-seante-majority-leader,0xf12e40186c7de6e2631b273e6396d19f18e33e66,217.99998,216.94206999999997,1.057910000000021,2
will-john-thune-be-the-next-seante-majority-leader,0xf1e632b77fa72630d43cea9b0cdbfc0dd778121a,10129.842018,5.0479199999999995,10124.794097999998,1999
will-john-thune-be-the-next-seante-majority-leader,0xf226a53dcca7c5019830f4b1acbe1c14ac736308,0.0,65012.822100000005,-65012.822100000005,1998
will-john-thune-be-the-next-seante-majority-leader,0xf22db4363046dcc7e0968d281809d3b44637ce8a,0.0,289.71000000000004,-289.71000000000004,1998
will-john-thune-be-the-next-seante-majority-leader,0xf287c3919c63b40cc9bb14c42b01231c384b15d5,0.0,0.035,-0.035,1
will-john-thune-be-the-next-seante-majority-leader,0xf2cb7579732d3bf1523c21bad46455cee088a965,0.9999380000000001,0.0,0.9999380000000001,1
will-john-thune-be-the-next-seante-majority-leader,0xf2dd3dc3ad2668799c17c5674f7e4d8ec621823e,1.9999959999999997,1.98768,0.012315999999999772,3
will-john-thune-be-the-next-seante-majority-leader,0xf3179b693edd29123e0b89d5cbe57a8c6bd5874a,71.859861,71.53402,0.32584099999999694,4
will-john-thune-be-the-next-seante-majority-leader,0xf36ce26b04bb87dbbe0b2220976581463d07ebbf,269.73,383.6160000000001,-113.88600000000008,3996
will-john-thune-be-the-next-seante-majority-leader,0xf4246fe8c3b079c545025291aff044edc119763b,41.039998000000004,40.86846,0.1715380000000053,2
will-john-thune-be-the-next-seante-majority-leader,0xf487c97efb6dfdc16b6942f869082545c40d3011,0.0,1997.200800000001,-1997.200800000001,1998
will-john-thune-be-the-next-seante-majority-leader,0xf4a7d2e0f9d1cbdfba0580a6d00035c4989e9687,14.999908,0.0,14.999908,1
will-john-thune-be-the-next-seante-majority-leader,0xf57dc96c1371f65e2f66ab7e37995a6ed5c09bf5,1997.8881119999996,0.0,1997.8881119999996,1998
will-john-thune-be-the-next-seante-majority-leader,0xf59c7b80f06a656e76d113d9f0f67e5ea480115b,1.978,0.0,1.978,1
will-john-thune-be-the-next-seante-majority-leader,0xf5bbea2829245d0f837afc713251a46ebaa743bd,1.109776,1.1044500000000002,0.005325999999999942,2
will-john-thune-be-the-next-seante-majority-leader,0xf602354978752463393b5c411db53c17ba1892ef,13446.536003999998,6.72072,13439.815283999998,1999
will-john-thune-be-the-next-seante-majority-leader,0xf657a927313356d1b4b29544343a15eeb1f26bb7,1997.8881119999996,0.0,1997.8881119999996,1998
will-john-thune-be-the-next-seante-majority-leader,0xf66084b08d9d032f3aea89adc902a381dd05ed1f,1.0698860000000001,1.06037,0.00951600000000008,2
will-john-thune-be-the-next-seante-majority-leader,0xf67daf8287bc5c36e5af4b216c7966b4e0841d36,0.0,19.68,-19.68,1
will-john-thune-be-the-next-seante-majority-leader,0xf6f40968b08b5a2d514624a5569b084d24651862,31228.700039999996,0.0,31228.700039999996,1998
will-john-thune-be-the-next-seante-majority-leader,0xf71b744c44935e8516922d736dc0e5f7287a107c,13985.996004000002,13928.557499999999,57.43850400000338,3996
will-john-thune-be-the-next-seante-majority-leader,0xf724a32523f10c9304b9a43b930485f39e1a0fa4,0.0,8.006319999999999,-8.006319999999999,1
will-john-thune-be-the-next-seante-majority-leader,0xf7375ff92b524e9b7bf27a21f7e825d9c8f75feb,0.9999440000000002,0.0,0.9999440000000002,1
will-john-thune-be-the-next-seante-majority-leader,0xf7529f9f50d787acd4ec638886fb0221532febaa,4755.230009999999,0.0,4755.230009999999,1998
will-john-thune-be-the-next-seante-majority-leader,0xf791e4f7cc5185f7c37e68684bcbf2548d99489e,7.904,8.892,-0.9879999999999995,2
will-john-thune-be-the-next-seante-majority-leader,0xf7975413697c3b35909612cfdb8d76f76ce2a696,1997.9640359999994,0.0,1997.9640359999994,1998
will-john-thune-be-the-next-seante-majority-leader,0xf7b15907253ff877af04481c36f8abab7b00f9c6,15728.256,15728.256,0.0,3996
will-john-thune-be-the-next-seante-majority-leader,0xf805ae10fc9b116136ced5d2eb2a7598bc7f5dc8,117762.082038,58.933220000000006,117703.14881799999,1999
will-john-thune-be-the-next-seante-majority-leader,0xf9903036fcb49492558ba316e750b73440d93e64,8.169858000000001,8.152619999999999,0.01723800000000253,3
will-john-thune-be-the-next-seante-majority-leader,0xf9bd726bb29e325b4b5acea94bb91a73e2a233c9,0.0,0.1,-0.1,1
will-john-thune-be-the-next-seante-majority-leader,0xf9ce48189b1d2e936651b84764aa1a121d0f60d4,0.9999680000000001,0.99384,0.006128000000000133,2
will-john-thune-be-the-next-seante-majority-leader,0xf9d5d46e34b5157dc01b5adbdc408b925d07570e,7.888,7.888,0.0,2
will-john-thune-be-the-next-seante-majority-leader,0xfa5ea85e74020c19eca0d958e06fd39d36eb091f,1997.9960039999996,1993.1248799999998,4.8711239999997815,3996
will-john-thune-be-the-next-seante-majority-leader,0xfa6013640e0716ace6686286b502a89dd558fc6a,2.569929,0.0,2.569929,1
will-john-thune-be-the-next-seante-majority-leader,0xfa6b51523915ecf8d4123fce6731febb93eda885,0.0,2.94814,-2.94814,1
will-john-thune-be-the-next-seante-majority-leader,0xfaa69e2b05b6c2b559ab073324b41685d59bf2b2,14.999985,14.953050000000001,0.046934999999999505,2
will-john-thune-be-the-next-seante-majority-leader,0xfab15f5e0146405aa4f9182a07dba7b8f1eabe7a,12.329998000000002,12.28815,0.04184800000000166,2
will-john-thune-be-the-next-seante-majority-leader,0xfad00fae5db957ae7a897d6f945aa7f6f1c9182b,1.499998,0.0,1.499998,1
will-john-thune-be-the-next-seante-majority-leader,0xfb0c86432c85e754e67cf5b48d96051a2fde98bc,0.0,509.48999999999984,-509.48999999999984,1998
will-john-thune-be-the-next-seante-majority-leader,0xfb1d758349fed7cf8c5d62f2036983ccf2705209,7.519941,7.4995199999999995,0.02042100000000069,2
will-john-thune-be-the-next-seante-majority-leader,0xfb46f019564edb8a65e83ce45d9a0e91973c19a1,1.8999979999999999,0.0,1.8999979999999999,1
will-john-thune-be-the-next-seante-majority-leader,0xfb60e288b65ed21bb139b072eb8b7368817c2292,1997.9960039999996,1983.6743399999996,14.321664000000055,3996
will-john-thune-be-the-next-seante-majority-leader,0xfb8beec43beb26b1dc3a3dc1c8498123ba66756c,3556.436003999999,1.78104,3554.654963999999,1999
will-john-thune-be-the-next-seante-majority-leader,0xfbaecf142dc5c87f02a3da1f481b86d55f57f174,1997.9960039999996,0.0,1997.9960039999996,1998
will-john-thune-be-the-next-seante-majority-leader,0xfbb2915731f629c63c4bdbabc6683599ca2d8444,219779.98002000002,218075.82588000002,1704.1541399999987,3996
will-john-thune-be-the-next-seante-majority-leader,0xfbfef5bf5440f4d3e420f8840263270d7d7d0084,12.999986999999999,12.94618,0.05380699999999905,2
will-john-thune-be-the-next-seante-majority-leader,0xfc3bdb54839e98e6d88ecdbe31c18d4acd3a457b,10.999927,10.964319999999999,0.03560700000000061,2
will-john-thune-be-the-next-seante-majority-leader,0xfca161df1b3c3199a7ba1a19c700fe59a9f02e6c,1997.9640359999994,0.0,1997.9640359999994,1998
will-john-thune-be-the-next-seante-majority-leader,0xfcc23501ec663f46bbce529e392b87436c22f508,19.629987,0.0,19.629987,1
will-john-thune-be-the-next-seante-majority-leader,0xfcff9d38a1ec84c296913f0ff42e72a9ca79c653,50.029841999999995,49.826699999999995,0.2031419999999997,2
will-john-thune-be-the-next-seante-majority-leader,0xfd2768a57b4ec89983a9bd60cc53050fd62e87f2,19.969969999999996,19.92753,0.04243999999999559,2
will-john-thune-be-the-next-seante-majority-leader,0xfd4e701abc30c30f5ce02aab9401034f0d052bc5,0.0,0.16,-0.16,1
will-john-thune-be-the-next-seante-majority-leader,0xfd92ffd12f2b0a60696d56643970e03e0dc190ad,17.999959999999998,17.90043,0.0995299999999979,2
will-john-thune-be-the-next-seante-majority-leader,0xfd9af414541b20bf13365bd4ab63e3443e5c6285,1.0999729999999999,0.0,1.0999729999999999,1
will-john-thune-be-the-next-seante-majority-leader,0xfdde5dbf3d6f4723ee91a41169d7b3b91e9ed3a7,12287.626074000002,6.124090000000001,12281.501984000002,1999
will-john-thune-be-the-next-seante-majority-leader,0xfe43b7a325fd9b55495167351c6d2a0c2ae13dfe,49.319720000000004,0.0,49.319720000000004,1
will-john-thune-be-the-next-seante-majority-leader,0xfe893a4dc3f274221dfbd72be919607ee7112e4c,13985.996004000002,13902.083999999999,83.91200400000344,3996
will-john-thune-be-the-next-seante-majority-leader,0xfe911a4e80ee71b47cd1ee690733ac4062e970ff,0.0,11477526.984000001,-11477526.984000001,1998
will-john-thune-be-the-next-seante-majority-leader,0xfebdb26b80120a76a05725b121d4754a694e9a19,36003.884075999995,0.0,36003.884075999995,1998
will-john-thune-be-the-next-seante-majority-leader,0xff33bc34d3c2aab35096ef01e85a35a8388da274,14.999908,0.0,14.999908,1
will-john-thune-be-the-next-seante-majority-leader,0xff81f5599e1c61dfd0d4899303e90c967627fb89,44.505,44.37,0.13500000000000512,2
will-john-thune-be-the-next-seante-majority-leader,0xffa0453f483803c940f6a8ecde4384164a3f2d6c,7.96,0.0,7.96,1
will-john-thune-be-the-next-seante-majority-leader,0xffc13b774db12c531c02cccaa2211f8ba663510c,21977.996004,21873.62448,104.37152400000195,3996
will-john-thune-be-the-next-seante-majority-leader,0xffca7cb648578b9bd605278869d177c8150f75f9,37.63992799999999,37.44366,0.19626799999998923,2
will-john-thune-be-the-next-seante-majority-leader,0xffcaefbd0c5e21974bb6ed231294ef5775d84b2d,37622.312028,0.0,37622.312028,1998
will-john-thune-be-the-next-seante-majority-leader,0xffe8237ba3a347241439a2c87521123ab50394c1,29969.946054000007,29935.094939999995,34.851114000011876,3996
