user_id,total_buy,total_sell,net_amount,num_trades,num_markets
0x000a0384e6ccedab80fbe870e86f9134d2b22572,63.90400000000001,0.0,63.90400000000001,10,3
0x000d257d2dc7616feaef4ae0f14600fdf50a758e,14408.320230000001,12065.993470000003,2342.326759999998,6,3
0x0015acce7275f3c3a08071521a41af7c4edc1a8a,1.469998,1809.8283600000002,-1808.3583620000002,1999,2
0x0021fe9b777545f63dc28b610c9173b8f8b78658,9980.009999999998,9970.02,9.989999999997963,3996,1
0x004c9d8daa107e52366cf59c43b43a3924540f1d,6.674,0.04,6.634,3,1
0x0053a5eeca6ea3402fe2774225b4ad006a033ccf,48671.272008,24286.069620000006,24385.202387999994,5994,1
0x0054c4a7d35537869f23042ae7cb540c5c7a7f85,161699.41828000004,0.07806,161699.34022000004,16017,5
0x006109fbf51e2e5d5fb75acc1567b59e37b2a51b,3995.884116000001,0.0,3995.884116000001,1998,1
0x006cb7b96618e26dd7d16c7e0ae395c73a7f0ecf,35.559999999999995,0.0,35.559999999999995,10,1
0x006fbbaac590d2f8ead996c615d2b92485774e8f,199799.98002000002,0.0,199799.98002000002,1998,1
0x00735153971209e2d27b76aba35abfd96d531977,51.759189,51.70638,0.05280899999999633,2,1
0x008071fc60e783bfe582b6b94437146c3a3fde3b,0.05,0.0,0.05,1,1
0x008360bc28e1b7ae6b9f67d668f3c5b46eb8764c,12.999998000000001,0.0,12.999998000000001,1,1
0x008b227561209f720b3bd998565e8f0f70195959,332957.13086,0.0,332957.13086,3998,1
0x008cd1a524af68615cad8d1d17410190291c4d28,0.359991,0.35747999999999996,0.002511000000000041,2,1
0x0094700215cded9645254418a7a8ed1bf2fddee2,109.99999799999999,109.62163,0.3783679999999947,2,1
0x0096b750532228a5681e4e5275333f4379d0362d,7.499946000000001,0.0,7.499946000000001,1,1
0x009b4d5ca41ce6e3727ac953f690d30cdb4b0dd7,25.889998999999992,23.97,1.9199989999999936,2,1
0x00a8fecdb131cbfc5ed4d23a08f6a1ce57c7ba13,10.859944,10.86687,-0.006925999999999988,2,1
0x00c1dbc08fc2adef4f975c81b3913c1ba5b337cf,7122.667999999999,0.0,7122.667999999999,2003,1
0x00cdd33575c5b03729df3df1742d963fd2bb9e15,1.9999980000000002,0.0,1.9999980000000002,1,1
0x00e126d0a0aee0e4aa55352bbe205091aded4593,0.64,0.0,0.64,1,1
0x00ea6b89004a3109d3eaf755163f9719510ba1fc,2.549448,0.0,2.549448,2,2
0x00ff1d253378304a2d3aca00641871d2a1b51a07,1.049998,0.0,1.049998,1,1
0x010740f5db8c697c03d7b54808ffaa4d81762acc,5118.458430000001,0.0,5118.458430000001,1999,2
0x011daaa9c08dd04d3f09892ae53b7cb8ebb72bf2,35324.63800200001,32967.79920000001,2356.8388019999984,3996,1
0x012e0c7d54cc2e592b2a8119b5c6a70eba0a86df,0.549998,0.5395500000000001,0.010447999999999902,2,1
0x013dfde55219aaedd1cd4076d120128fe4d6b1c7,29.999998,0.10526,29.894738,2,1
0x013f136bf7c84aac45888b04791ec92f4d5006bb,24.892000000000003,0.0,24.892000000000003,7,1
0x0150c33d1e4e8a6fe8b718dda7fa42c8e4059792,5683.631,0.0,5683.631,2,1
0x01578983187cc5b04fccffc58adafa5eef286ad7,378575.9499999999,0.0,378575.9499999999,3997,1
0x015c1eb3f5db28ae74bb5d866fef669969737449,0.0,0.02,-0.02,1,1
0x015e15c815be86a32441c4b465885b3d3268a590,94.81,0.0,94.81,1,1
0x01705245a9cc875be5a4ff13038a0ce181e06ece,378575.76,0.0,378575.76,3999,1
0x0193f9ae5b138774f78ad5a8ecffafa69b2c56df,0.09,0.0,0.09,1,1
0x0194eaa809ed984bc5cbe8f49966d9a9bed3677e,12.399998,12.38069,0.019308000000000547,2,1
0x019caef22687338d34fd70c198475f041598edf7,34.31493,34.31493,0.0,2,1
0x01a27842fecee40d5785ee84e6c7240bb092ce31,56.572,49.45,7.122,9,2
0x01a42acba60b2c549f83c75260c6a5ba65a2e1c9,0.3,0.0,0.3,1,1
0x01ced6207acf2460dc0657e281fe1b94c7ddb82f,117273.07453499998,116817.57760000002,455.4969349999592,3998,1
0x01d665d8f7b7deaf9087f3f487e7877d52f7bf6e,2.0,0.0,2.0,1,1
0x01e64adf9306e6a81bb8944e09ce0c10a4403b32,2661.3360000000002,0.0,2661.3360000000002,1998,1
0x01e8966737b02414370af4e1e31492e5e8403925,0.099999,0.10110000000000001,-0.0011010000000000048,2,1
0x01eabc42e75188605c10559c18dd6478699fa907,0.0,132.58697999999998,-132.58697999999998,4,4
0x01ef6455e56b53040b2eb03442a9015e0927488b,1.0099449999999999,0.0,1.0099449999999999,1,1
0x01f7c19e1ef71bd2efcc00e6a10049ee3e8f02df,0.0,10.93608,-10.93608,1,1
0x02127306f4b28a99290c6d886e63b183896a136a,944865.0544000003,0.0,944865.0544000003,9996,1
0x0227ed3da004b04e0ede0ba9d5e1e91136527874,0.9999989999999997,0.0,0.9999989999999997,1,1
0x02590e3a172c5ebbc616f021d9ec51e9ab639c01,1.0,0.0,1.0,1,1
0x025fe40994656cd156c5fedba10eb1bd24968a2e,0.299971,0.0,0.299971,2,1
0x02957e72d3b68bc8399e8f90a19e46b9f5c905a1,189619.61999999997,94.525,189525.09499999997,2005,1
0x029f5a2f709bf78d3cb93d536f1511b6a24e0ea4,1.2999539999999998,0.0,1.2999539999999998,1,1
0x02bea3e58a17ba3befe857c6591a916621754f1c,1944153.9000000008,0.0,1944153.9000000008,9990,1
0x02dda377bf4159f67e9d2f10d76299f787e4eae6,0.8699989999999957,0.0,0.8699989999999957,1,1
0x02dee5d4f5dd31991fc07e1643fdaa51a2117a65,284.66434000000004,0.0,284.66434000000004,4,1
0x02e6c81aa9e6476a894ae7b164c5564916309aaf,1166492.3400000003,0.0,1166492.3400000003,5994,1
0x02e85ed4a3b1b14956e23a29bb298303d092bf28,193418.38800000004,0.0,193418.38800000004,1998,1
0x02fe323488dea3ed1f400482ace7dff27c66d87a,4.999998000000001,0.0,4.999998000000001,1,1
0x030b13ea9d6f9df43c4bd0a0131126f0aeb0e8df,53.829898,53.5049,0.3249980000000008,2,1
0x030f2317c4bae3e5694d4cd3aeb2672969d110db,1.2797189999999998,0.0,1.2797189999999998,1,1
0x031698633316a2c4c09cba67ef88a2c351da0226,0.19999799999999998,0.0,0.19999799999999998,1,1
0x0319fae6d50dd334e0f9fc888ba7d50ba123fa8d,0.0,10.156,-10.156,3,2
0x032349e4c17fdc64287fca118c1c110c94dba026,0.0,0.036000000000000004,-0.036000000000000004,1,1
0x032d63bc72a9d6fee627452acc5b707f988fede2,49734.21599999999,0.0,49734.21599999999,13986,1
0x0343d081ffa5c136ebe8be7f65109e74f1a5fe31,19.986,0.0,19.986,3,1
0x0345d686a35275a81ef7901d8977d83ab48a08be,568291.1399999999,0.0,568291.1399999999,5994,1
0x034f01fea926e4a2ce539c2a6c699dc2bcddf8b4,301.44864,316.04358,-14.594940000000008,3,1
0x03840968649d45d0173405c6e924a6711c72d4ef,2223.21456,0.0,2223.21456,1,1
0x0388d846dec321dbf89f757d3a2337cbd7554b9b,0.6599989999999987,0.0,0.6599989999999987,1,1
0x038d49ef43b07771ceec94eb93e4c4b4ff6c01d5,1997.9440559999994,0.99485,1996.9492059999993,1999,1
0x038fb10470766a785f1b815eb5519a2dd248cabf,0.0,0.996,-0.996,1,1
0x039763581210ca7bfa63aa28d32775d3376779d5,143575.35384,0.0,143575.35384,2000,1
0x03983ad0f5e1113870d92ed2403097c4c5642ccc,143764.87884000002,0.0,143764.87884000002,2002,1
0x03988c52391682985817b32af71cd21035471ed4,0.999999,0.0,0.999999,1,1
0x03a2447f432de95d3dfa7b4f0bd2dcf7ef6e83a1,5673.648999999999,0.0,5673.648999999999,2,1
0x03a5222b721e53b579499f2ecd65be3b573a322e,2.0699979999999996,0.0,2.0699979999999996,1,1
0x03a9420819c5c894104bd8277e0d74e1520aa0a5,1889176.6500000004,0.0,1889176.6500000004,19986,1
0x03b18d9b49f8047b0e5be406de93f7273fa764a2,98.999998,0.0,98.999998,1,1
0x03cdb2be92f4c495cee888746b700b6e4fbd0e5d,1.0050000000000001,0.0,1.0050000000000001,1,1
0x03cdc8fb6c728328db647878664ea83d525f0691,0.0,0.065,-0.065,1,1
0x03f36680b5cd98ec5e5cd532fb8668c3c8cf5779,5686.604,27.916,5658.688,2,1
0x0404509fcafaaaffce316fe7e224a0ca73e64d23,279.58901000000003,0.0,279.58901000000003,4,1
0x040e57ebde92cc34ea4d4c7b35a89e0843fa0f36,59335.1894,0.0,59335.1894,8000,1
0x041fd5cc0932bb14be38d61652338b6a328ff2c1,35524.43999999999,0.0,35524.43999999999,9990,1
0x0434bf2506551d642397c4c8ce6f2f927df07f84,50.179998,50.128679999999996,0.05131800000000197,2,1
0x04536498f4c252a008720f3edf0b0ee5fb4140c3,379144.9999999999,0.0,379144.9999999999,3999,1
0x0453876c70f6f07fffde01573a2eebcd487a2f7e,9.0,0.0,9.0,2,2
0x045541f8cd63f006bc9ce6c47e370f1bef2f421e,300.46923,300.16846,0.30077,2,1
0x0459abc4ac9d58f93aa2dbdafc171451c94bd44e,0.019998000000000002,0.0,0.019998000000000002,2,2
0x0466d9ecca4f6440bc3ab09deb8bca5641f9029f,0.44997899999999996,0.44685,0.0031289999999999374,2,1
0x0469a1d12bd7a0842b271977c1c5666d744cc2e0,0.299996,0.0,0.299996,1,1
0x046db288c74bb3749860aeb594ed1f5305f14bb4,9.999998999999999,0.0,9.999998999999999,1,1
0x047cdf5c03804396da535ad91f23c1760cb75306,0.9999999999999913,0.0,0.9999999999999913,1,1
0x0480dcec491b048a4644e8123ca3cccb9bba0142,5734.527,0.0,5734.527,2,1
0x0486ccdb7705c2803489dd48750ddd857d1958e5,3995.960040000001,0.0,3995.960040000001,1998,1
0x0487753ca0fe3fb4407337cf5bdfb0b634be1cba,0.20999999999999927,0.04131999999999802,0.16868000000000125,2,1
0x049309756aaf06edb706a1df5b99a7fa1b442d20,39.790000000000006,0.0,39.790000000000006,5,2
0x04a4cfa1401c6c2ace9603729a48378e7a283a7f,52.509437999999996,52.45488,0.054557999999993,2,1
0x04bd15e9e8d3bc0811cdba2c901ee0d732167ab8,27.54243,27.48729,0.05513999999999797,2,1
0x04bef81d8f672d22cd9be3aae47baedb3b97af5d,13.5,13.48354,0.016460000000000363,2,1
0x04c712dd3838723786030715cddc61e86a186c52,0.0,0.986,-0.986,1,1
0x04e8f1aee4ffbae3fff8b6af3fe84273425bf091,28440.88799999999,0.0,28440.88799999999,7998,1
0x0511e98a886a9350aba3183a4190408d100d6b30,1.0,0.5,0.5,2,1
0x05363d94cb418f1da97fd8c1db8d3d61c069536c,190165.16115999996,0.0,190165.16115999996,2006,1
0x0538e5bf9c5d995a5b14e42cd1c9245aa6fde384,10.889999999999853,3.66232,7.227679999999854,3,1
0x0548b20f1d193eff999949df312a20cb4a1d4521,1997.8881119999996,0.0,1997.8881119999996,1998,1
0x0557c51c7df3ae271f31674b19b66a94b61a7090,9.96,0.0,9.96,1,1
0x056f8df676e867454417d7feefc06bfa9b1a2e46,11.40568,11.39424,0.011440000000000339,2,1
0x0583329e6083d3a4225df3208b7495d8022c7bdb,0.05994,0.0,0.05994,1,1
0x0599c08ea443056fcd341ca0ef2b36accb5963d0,1997.9960039999996,0.0,1997.9960039999996,1998,1
0x05a9267ab462bacba7ae9828d3d54c871cb4756f,1944153.9000000008,0.0,1944153.9000000008,9990,1
0x05aa56ddd62965840ff6aae6e5b00d003deaef03,1.2099989999999998,1.1505,0.05949899999999975,2,1
0x05ad38ebe52f42517719d67b6660ab8e138547a3,0.0,0.336,-0.336,1,1
0x05b177327cfa7e24420354116d3794f416b251c7,0.0,7.872,-7.872,1,1
0x05be37c24de9c54f239fb19812fc8068c8cbc3a4,50.779998,50.72628,0.05371799999999638,2,1
0x05bf7b759c1ee1d68757dbfb70ef5f5fb1c714d3,2577.419999999999,0.0,2577.419999999999,1998,1
0x05c5388c3058e9380f6e8fa24ced79eab123bdf3,184.999815,184.80964,0.19017500000001064,2,1
0x05c5aab002faa347cffcab3e557231bb574873e1,399.999897,0.0,399.999897,1,1
0x05d72bf3b0ef93ec9eb083247875099f2f93ec88,0.949962,0.93702,0.012942000000000009,2,1
0x05e0a97975b6ab0266f9743680413ef9bbc972ff,1.018,0.0,1.018,1,1
0x05e99590c6de72b16a0e089324a77f7e48346c04,0.02,0.0,0.02,1,1
0x05f019dcb4a0b665026143d94f09aa070ee3f131,0.08,0.0,0.08,4,2
0x05f66ca34ff0c1f1e7d8fc3d062e8df2387ccba4,0.02999899999999988,0.0,0.02999899999999988,3,3
0x0612d9243f134ad2c6abbfa0a97b7b3d05795936,51.549399,51.4968,0.05259900000000073,2,1
0x061f781a6bca3d14897064dd44e9db924d4dd4e6,1.032,0.0,1.032,1,1
0x062220c4417780078bb586274b62657ea200f50e,17.73227,17.69454,0.03772999999999982,3,1
0x0625fe924338e93c53c0e67c66e6dce5a7cf6c3d,3.959797,0.0,3.959797,3,3
0x0626b2416e1d596155bb086f9c145eebbe752ed9,50.739998,50.68644,0.05355800000000244,2,1
0x064500278def8d7140b39038641bff558ae22a33,37102.75810200001,0.0,37102.75810200001,1998,1
0x0652699e792fc34e3d4986418c0ebe062c9b9012,0.169998,0.16473000000000002,0.005267999999999995,2,1
0x06730ab1e96c6a28f2d31d0159918aef31b32e81,630.5773199999999,0.0,630.5773199999999,7,2
0x067a36bd09f75aab5e9fc731fe7aa6c9a1ec404c,1.23639,0.0,1.23639,4,3
0x06939399b2ce75f7c16b44bec19c19802e457be4,0.0,671.328,-671.328,1998,1
0x06a2426a1c2aa9171b1bbcf51e465b1419bfddab,139780.034046,138331.80972000002,1448.2243259999668,3996,1
0x06a4945b7effb186ab29e9ab8f927073639cda51,59298.450240000006,0.0,59298.450240000006,7994,1
0x06ac57c4ccf056d700d5861e9fcd18fb65e8589f,2.309999,2.232,0.07799899999999971,2,1
0x06c51d52d4a0315506aa1e5ae910536f60aca6f1,51.559388999999996,51.50678,0.0526089999999968,2,1
0x06d050eee05eb3d5d9815c75253de13811438c1e,1.279935,0.0,1.279935,1,1
0x06d1866e23b1a453d98aa5d686589735d9aceb6c,0.0,0.051000000000000004,-0.051000000000000004,1,1
0x06e59a32097c6556d13a75c63a4a3a88b0fcf79a,7.0,3.5,3.5,2,1
0x06f3ac6f934f9832ad7dbc8745ad21ef8d3586a0,1997.9960039999996,1997.200800000001,0.7952039999986482,3996,1
0x06f71ebdd71a3d8798bc2491856a0eaaa3c15e40,1944153.9000000008,0.0,1944153.9000000008,9990,1
0x06fc74353ef609412f94043b8c9f739d34bf4fb6,162.999996,157.7024,5.297595999999999,3,1
0x0702e547ad1794ba78e0196ba152ccf4da8039da,13985.986014000006,13916.070000000005,69.91601400000036,3996,1
0x070613fc50f5e0189433a4146cc8525a0a9046e6,2.999984,1.0,1.999984,3,2
0x0709226de1491a6068183d90a31521e6a9688612,378955.56999999995,0.0,378955.56999999995,3997,1
0x070d22d0870674b0e27fbf0dead20cbb1b3edc10,96511.46465600001,96205.72439999998,305.7402560000337,3998,1
0x071db80fbddb49e12dcceb3335ddfc703d5872c2,9.999839999999999,0.0,9.999839999999999,1,1
0x072afc0a066adc5b75c989de372adb952268cee6,7182.5835799999995,411.9841899999992,6770.59939,82,3
0x07325a9c4fdec0f3f1524349de1191066971c290,24.999999000000003,24.453000000000003,0.5469989999999996,2,1
0x0740bb5dc69ab4ef061b38e97b8b9c49c05dd934,54.06998599999999,0.0,54.06998599999999,2,1
0x074c7ee0d306a4c9ba568ac21e11d2b7295ba72f,56.896,0.0,56.896,16,1
0x075c825ae052187b011375365d6587a292c74e47,238900.28457599995,238119.68195999993,780.6026160000183,7992,1
0x0765535c1c58b3a9ed01b1a90162ff6d213dc04a,0.1,0.0,0.1,1,1
0x076bda3a07cfe5ae56f78809cbf20035e23d7902,1.9999989999999999,0.0,1.9999989999999999,1,1
0x076ca0207aaa48365da2eb6a917edcbdee5e4e7b,4.0,308.91630000000004,-304.91630000000004,7,7
0x076fa0937a63b6bf6f4e69e91bcc2b44b4738bed,0.04,0.0,0.04,2,2
0x07759924dd8636b7344ad9906c5ddf7bb2f365a8,17.999982,17.917299999999997,0.08268200000000192,2,1
0x07828809ac4cd95574b7f2d3ff9749ba861450eb,0.6693300000000001,0.66866,0.0006700000000000594,2,1
0x0785aa9cfdfb6a0421513e02b50ba608afe891da,143693.10268,94.525,143598.57768000002,2002,1
0x078bb200a7ed1e3c6fa122961ef79a7db0d45385,20.886,0.0,20.886,5,2
0x079e1badc86b736da559e217956584f5c5b7e18a,92.0156,91.9234,0.09220000000000539,2,1
0x07a135f0e17a0504dcc825cfab86d024ab26073f,1997.9960039999996,1993.1248799999998,4.8711239999997815,3996,1
0x07ad537540a7dfcc90265364139ad73198769d03,1150460.5478400001,0.0,1150460.5478400001,5994,1
0x07b26121ab137a731ca1bbdb136ad5ef02aae23d,189643.17317999995,0.0,189643.17317999995,2001,1
0x07b5f1d4cefef4e0dbabd9abe28984a00d1d5dd9,2.999997,0.0,2.999997,1,1
0x07cb6cf3dae2a9b28962c2c3b4d1c0ac4cb8b7b9,51.439509,51.38702,0.05248900000000134,2,1
0x07cd28fc2a0d524c5cfd040d42e83ab9a6f7206f,46.44,0.0,46.44,6,2
0x07cd3b93cb93798822815a386656f26a41da0f15,2917.0480319999997,2909.727360000001,7.320671999998467,3996,1
0x07eace8fe8abec91052efcd37e871a1f45fee2e4,5.439951000000001,5.41863,0.021321000000000367,2,1
0x07f31e735a5912f7dead8bb1044f25bd9f6dbc1a,5.91,5.898,0.012000000000000455,2,1
0x07f5680c0d6a2fabb58f024103eb8da422d3efdc,271.026,0.0,271.026,3,1
0x07ffab556a0ba2b91d1cb6cde4244e99e9b27ff4,4214.30148,0.0,4214.30148,1998,1
0x080e05867e56df239d508071c010a7b14bcf15f6,9.529999,0.0,9.529999,1,1
0x081b21e31dcc26038bac514ae2231767ffb243f7,5986.018,0.0,5986.018,2,1
0x082bc6af096e06763fc3c1803cb1dd9b9ead9b53,5709.579000000001,0.0,5709.579000000001,2,1
0x08325309c56e74516a35dd87c86fb9d25db806a6,0.04,0.0,0.04,2,2
0x08403c979fba2d334a6dd719bbdcc0060ea3773b,20.12,19.0545,1.0655000000000001,2,1
0x084a73f1e5326a9c26a8d35d1bbc63441fea3d77,4.999998,0.0,4.999998,1,1
0x08569d69a3be49c7d1ad85c12f27ff4bfa7b4e23,13.324,0.0,13.324,2,1
0x0856a17c9f122e35e4a7d95b974d13e28c1c6b93,7119.111999999998,0.0,7119.111999999998,2002,1
0x0863c6647b5b9723105b2ab150273edc25703fa8,378765.3799999999,0.0,378765.3799999999,3999,1
0x08676f4306e004059f9dd5f745bdb5496ad68009,378670.3799999999,0.0,378670.3799999999,3998,1
0x08683d7adc3155e8ca8d1c1e7c35e206b2ab33f3,0.0,8.883,-8.883,1,1
0x087e1d4c87edf21ce24f529f4d6c2eff9c85e85c,0.02,0.0,0.02,1,1
0x088be43330bbe6e62b3e5a2b5ef13b83dca78dc7,189620.23433999997,0.0,189620.23433999997,2001,1
0x088fd8d0bf02563f7c4d606fdb1c5c6525ca9c20,0.9999940000000002,0.0,0.9999940000000002,1,1
0x08b230fad6f98257e7f284168426d8d32edc9ff3,51.339811,51.16239000000001,0.17742099999998828,2,1
0x08d3b12aa3f170af0beb15cad85423bc7d17a3ea,189525.18999999994,0.0,189525.18999999994,1999,1
0x08d6c05ec58764bd4fae4ff68dbb5e2962dc48aa,9.99999999999993,3.7402,6.259799999999931,10,5
0x08d9ea5e94e4f5aa6dd15a9b4047431e0a0a4d7c,51.359998,51.30396,0.05603800000000092,2,1
0x08e79fded34d233b14078e120cf50f37175135eb,1.035,0.0,1.035,1,1
0x08ef3ea43bb45e3cee4ea74844450b89b2263f76,9.99999,9.97997,0.020020000000000593,2,1
0x08fa10061b2b2d705837816b9c690b505f2b0201,6004.981,0.0,6004.981,2,1
0x08febb00595266602106eff73eeb640df27b5ba3,42629.327999999994,0.0,42629.327999999994,11988,1
0x0911dbc3b81d296af84ef26048b621a1e44fd441,0.9999940000000002,0.0,0.9999940000000002,1,1
0x0924588df156a51f021cd3cd2c1ec85d5647d8ba,4795.196004000001,0.0,4795.196004000001,1998,1
0x092c3b59483103e8c9d80adc7311f87ab60d1241,0.7799860000000001,0.7722,0.007786000000000071,2,1
0x09399666162394901a5e90713caf7549e1705e4f,1.0999979999999998,1.17276,-0.07276200000000022,2,1
0x0941eba3aaf1f4bd21236d79bdd3add12ab68d06,0.0,0.132,-0.132,2,1
0x0949cbee146ce87d05f9cb30327f24453b4f51fd,17.78,0.0,17.78,5,1
0x09598ceadf30c20c30ea07e9388db0e48d56557c,126279.71374999998,0.0,126279.71374999998,2005,1
0x0963a8378b9cb850d95f7502b863b31b795c27da,0.319968,0.3168,0.0031679999999999486,2,1
0x096aa9a7bf22c661540f22a68af675627ab6bd16,956545.7280000001,0.0,956545.7280000001,9994,1
0x096c6d0a8c4f75a3c7de0fa3cf38b39d1744c6ff,14.999998,0.0,14.999998,1,1
0x097126841e4de907a5790648e093ee5f80835ec3,58362.59999999999,71.03439,58291.56560999999,2000,2
0x09757ccc77155a2729f897db00a8a2a5d36406a4,20.679299999999998,20.6586,0.020699999999997942,2,1
0x0977b497e08752efabb20816bde3ca7581dd37f9,189619.42999999996,0.0,189619.42999999996,2004,1
0x098aa3d53ca69f703cfb44ecea4cb52e73bb0d28,5.5,0.0,5.5,1,1
0x0990ec33feb92bec5c9b882786fd04af3002555f,59321.224140000006,0.0,59321.224140000006,7999,1
0x099332d76ec61c6926a7b3bf5e24e17cd1a3425f,101.99960399999999,98.69405,3.3055539999999866,3,2
0x09ca188ebcefbe9ff5256407be270e8ea55c17a2,63081.430850000004,0.0,63081.430850000004,2001,1
0x09cb694f3cc67122d12c2b2ef588ea7717962c6c,13.999986,13.96797,0.03201600000000049,2,1
0x09e8246fdf5eb4348cc3d2410b90b27bb26b984c,0.9999989999999999,0.998,0.001998999999999862,2,1
0x0a147100954f3371d891565bd0912179370a7b6d,189525.18999999994,0.0,189525.18999999994,1999,1
0x0a1bdecc9013edda2313a12a4d1d9eafa6ced57d,0.0,0.068,-0.068,1,1
0x0a2787cc4aabaf05d8be89d6efd684ab96dcdef0,99899.95404599997,99478.32209999999,421.6319459999795,3996,1
0x0a2bb43bbb90cbaa608f54e5ab9fe779fdfad5ac,5635.706,29.91,5605.796,2,1
0x0a390e503cd253972112bd7c88b06257bdc1b87c,14.149756000000002,14.133239999999999,0.01651600000000286,2,1
0x0a4acb4eebb5e1fad0bd7b0ff6d51e0116833129,4.769998999999999,47.07640000000001,-42.30640100000001,5,1
0x0a7802dac561fc4fa0b854c110fe4fcf2fbb6378,333.92036,0.0,333.92036,5,1
0x0a7a88f758142809b5f1b7ec2d1f92d783119d35,1511265.7000000002,0.0,1511265.7000000002,15988,1
0x0a7e83f99b8e0bb99edf12bdae2a5c4d313b21b2,0.0,0.336,-0.336,1,1
0x0a84fd66ab0c0c4fe39a7f06475fc736638d7512,379334.6199999999,0.0,379334.6199999999,4001,1
0x0a866177667d708d0412bad213bc7c69d1c397e8,2.799999,2.7159000000000004,0.0840989999999997,2,1
0x0ab59170445da008ecd7a243b412f5429c21407f,0.35,0.3267,0.023299999999999987,2,1
0x0abc48ae3a825cd1190bd0a70a0ca927943bd966,103781.62162,0.0,103781.62162,13991,1
0x0acde3d09972349da7284e15b073c3d6945f34fd,0.9999940000000002,0.0,0.9999940000000002,1,1
0x0ad05becf69805020e4683379ec96d66c74c0dc7,189.43,0.0,189.43,2,1
0x0ae276f0e6fe022ac252324733e45b275caaaf97,45.77799999999999,0.0,45.77799999999999,12,2
0x0ae7a8db8eb6851d814347105789adb3dcf37e23,0.0,11.957,-11.957,2,1
0x0b1007d83be15993e7ed917c600b5440162df76f,6.662,0.0,6.662,1,1
0x0b175a903eecc6d9b8beced1f294b709599623f9,0.939987,0.0,0.939987,1,1
0x0b1accfcf39ece9b0b08c67bd355c2bc7735efe7,170813.01599999997,210177.1120000001,-39364.096000000136,3998,2
0x0b1cb19ce7763383e7de7f18c4102e5befba80d7,0.16983,0.16966,0.00017000000000000348,2,1
0x0b2207c59d65ce04d948f18ea10b4fc6fcdeb4fc,0.23999800000000002,0.0,0.23999800000000002,2,1
0x0b247573adf4bc2a5fd4e70a268caa5665e9313d,0.12999799999999997,0.12532,0.004677999999999988,2,1
0x0b27e6fee2d1d830313ab0ebea4ab3aba9b97628,5673.63,30.907,5642.723,2,1
0x0b2a14fed507beb930bf1b4ddec43468b1eaa7a2,13.799999999999999,13.665869999999998,0.13413000000000075,2,1
0x0b2a73495a1a9de5f904a9c16a4da9b35426a4fc,757720.7599999998,0.0,757720.7599999998,7996,1
0x0b31f3561be0872b7d78befaca6a32b74b6da48f,0.9999680000000001,0.0,0.9999680000000001,1,1
0x0b3ddac8d47aec2d46a6832319013e77180208bc,4214.30148,0.0,4214.30148,1998,1
0x0b469ae3153727fcc15c7d66ecf441cda848a7ea,0.59994,0.0,0.59994,1,1
0x0b4990b6364c5a448f06945a421bb04c596e44c2,14.999920000000001,14.94776,0.05216000000000065,2,1
0x0b49f8840bb58149e541ee3c02cf89173cf1c1cc,0.0,16.728,-16.728,1,1
0x0b4ce1637b415d818c54b3be6e540ea6e59b5c74,189050.75999999995,0.0,189050.75999999995,1998,1
0x0b5a4452ca14b5673e0c6c4731a682092b7310c1,0.0,0.10200000000000001,-0.10200000000000001,2,1
0x0b6a38082e2a83d35026404c624b9c4bcf802d9c,14.829963,14.85435,-0.024387000000000825,2,1
0x0b7aea525d167abca794e7ea21f13d055525b87e,13.099998,0.0,13.099998,1,1
0x0b7bfabb85f62c5a6b14fa9d8a71f1ce3f8a92a8,0.229996,0.0,0.229996,2,2
0x0b80a10e9b23ba9021ade040e70a5797ae98943e,0.9999989999999999,0.997,0.002998999999999863,2,1
0x0b8198c3cafe6b819f848c61800f4231974c0dd9,5623.73,23.928,5599.802,2,1
0x0b8c66a85b381135e11fa63601d5a994f347848c,1.1599709999999999,0.0,1.1599709999999999,1,1
0x0bb15fa97ec506ec97bf6a3edb9924c010e349aa,4.999998000000001,0.0,4.999998000000001,1,1
0x0bb41282cc2cb01261b24408dbe7beac5e6724e8,1.699998,0.0,1.699998,1,1
0x0bbe511b04bc19aa1a45b9a2427d32d2753bee84,14.999919000000002,0.0,14.999919000000002,3,2
0x0bec5739d31daee974c87528598b451aae02de07,1944153.9000000008,0.0,1944153.9000000008,9990,1
0x0bf492327294e7995c1368faf5eb3cb527fb636f,2.7199609999999996,0.0,2.7199609999999996,2,2
0x0bf700122ee3019b9b81e0e12e078e343c4f710b,69929.992008,2033223.7406999995,-1963293.7486919996,5995,1
0x0c14188679670b857d6b89f22fdd613291544ed6,6.999998,0.0,6.999998,1,1
0x0c1915745024cdca5203a65103435ee35e72a081,16.279985999999997,0.0,16.279985999999997,1,1
0x0c24089fbf9855538d37a3686d6e00f8300837e5,0.46955899999999995,0.0,0.46955899999999995,1,1
0x0c25d484eedf12448416b740a70137421b85e5f7,0.0,1993.1248799999998,-1993.1248799999998,1998,1
0x0c2d581e5b24463fcf204c526a51d267ed1b6fe5,3995.960040000001,3946.429620000001,49.53042000000005,3996,1
0x0c3fe38bf7df0e167296d09d9dbcb29ae17eb50a,777661.5600000003,0.0,777661.5600000003,3996,1
0x0c43ee3a7cf48c06e0f4ba63311cff6182060e99,22.999914000000004,22.90125,0.09866400000000297,2,1
0x0c616399ddf3d7fc95234ffdf1f8351b3ba440f6,3.319999,3.2208,0.09919900000000004,2,1
0x0c98e3c19af9c6568f6fc8a973f993fdf3120771,378955.3799999999,0.0,378955.3799999999,3997,1
0x0ca4a6c383a4a38817194e74351807652f8c07cd,18.149859000000003,0.0,18.149859000000003,1,1
0x0ca73c7841514586671b737ba596d4edb2130c31,3995.996004000001,0.0,3995.996004000001,1998,1
0x0caa5dba4e8becb6cc6236f81ee9096f06cc5b1b,1999.9960019999996,0.99687,1998.9991319999997,2000,1
0x0cabe92fb1c20f206d58260d89590429a5d97489,21.313,0.0,21.313,2,2
0x0cb10c40b0776e9ee8cef970af85724654dda76c,0.0,2.148899999999996,-2.148899999999996,1,1
0x0cb7713e3c2912584149b6397de17ec1cda69995,5.999998000000001,0.0,5.999998000000001,1,1
0x0cd803eda750795e6bf6f656c44713e572b5c9c3,0.0,9.96,-9.96,1,1
0x0cddd96374f8ac1110b68a016206c7252c7e9b4f,19.999998,0.7658799999999993,19.234118000000002,2,1
0x0ce44d0545e41b3454c80ad28283f23bb629bc0e,25.139999,24.4453,0.694699,2,1
0x0cfc655d9cd11375d78a7b534d2341ec812c8add,15.819997999999998,15.826979999999999,-0.00698200000000071,2,1
0x0d0ae2a8a828b189a3687ab49c03317f710fed2a,63.999998000000005,63.9282,0.07179800000000824,2,1
0x0d24e2392c4380cfa9fdd3eeb664090f469fed0b,19.39,0.0,19.39,2,2
0x0d2be844127be9d2f7fb4da39283cce668c7c7b4,567332.2043999999,94.335,567237.8694,6003,1
0x0d34a381cca0ac139fa18e400c76f6e4344bae9d,14833.097280000002,0.0,14833.097280000002,2000,1
0x0d3bf30122c6a46bee9f0ef5f8c71462daca1f60,1.0,0.347339999999999,0.652660000000001,2,1
0x0d46a016bcb9db26d0c594404b9d5ae2002373a5,378480.7599999999,0.0,378480.7599999999,4000,1
0x0d53de85a5dfe54e086b86a8cd8fdfa447acac87,189619.99999999994,0.0,189619.99999999994,2000,1
0x0d5b4967658e09842491d1751297490369892ff9,0.999996,0.0,0.999996,1,1
0x0d5bcd3fd9474c84925aeba9eb0d0020a4226db8,0.21978,0.21912,0.0006599999999999939,2,1
0x0d6cf8f6516568b8045c967291928fa88aa6cb88,11.469998,11.45046,0.01953800000000072,2,1
0x0d6dc36c964cdb7676d761958693c812b50e30ad,1.039998,0.0,1.039998,1,1
0x0d6dd436e58c4a40f4e7371599bde302ae3e4ec6,0.9999990000000001,1.29492,-0.294921,2,1
0x0d90e287ee687cd19732e0c62f33a2a4037674eb,5.999998,0.0,5.999998,1,1
0x0da2f8f0d37112865fc47c595072bb7d6c62a67f,0.679998,0.0,0.679998,1,1
0x0da7403e93cfd543d65d3b0e8caf46255a1f2dfc,39.11599999999999,0.0,39.11599999999999,11,1
0x0dae264da6801fe27ab3485c6a8ce99f34bf366c,1.389609,0.0,1.389609,1,1
0x0db1c736d489574497db9efa42f66a748f19f500,51.949998,51.891600000000004,0.05839799999999684,2,1
0x0db290495bbde756199381b4ff2389c7c1e54e2f,0.0,463.0994,-463.0994,14,13
0x0dce8f3fb1ae3a7efe7239c837afde7d5c16541d,1997.9640359999994,0.0,1997.9640359999994,1998,1
0x0dd64ade679ac051e173b4bbad5f724e47210274,17981.942058,0.0,17981.942058,1998,1
0x0df588c5c898bbf46b3754a20658645f08320b16,1.3,0.0,1.3,1,1
0x0e011e2a1a4a62b5668ee228626d9df31c47ad41,379122.0611599999,0.0,379122.0611599999,3999,1
0x0e04500eddc589e5eb4d5287cb27343dfef0590a,1257.9712579999998,1255.44496,2.5262979999997697,3998,2
0x0e05d07f67c23c22ada022b68d3fc4f3158260d1,0.9999800000000002,0.0,0.9999800000000002,1,1
0x0e1f3419d65468c63e373594d5b40498b6ca95b9,118.17318,0.0,118.17318,2,1
0x0e38cb421a998621dafc59b7253b52f07aaf2241,83.496,0.0,83.496,1,1
0x0e3e46042a66210496a854d9e8c24d1cfb279fbc,189668.64731999993,0.0,189668.64731999993,2001,1
0x0e4b81ca88d42330df3e1705bc136b7014cd845a,1166492.3400000003,0.0,1166492.3400000003,5994,1
0x0e4d02b30749dec23d46f8ba8d8e96d02b6a13d3,567531.5200000001,0.0,567531.5200000001,5996,1
0x0e52c16e9ddac8989e1ae886e9c00267e7c32b3d,42.689997999999996,41.8176,0.8723979999999969,2,1
0x0e6326ff89217fc947c3735db2049f80c7b960cf,8.999996000000001,0.0,8.999996000000001,2,1
0x0e725ca561983c7de454126d660258eb19a959da,12.635,56.0,-43.365,2,1
0x0e750edc29e1493cfffaad085fd625461fbe8a26,380814.88391999993,0.0,380814.88391999993,1998,1
0x0e7bfcaf43ea1fe922cbb58c9fb06f83aa39ccdb,3.9999959999999994,3.988,0.011995999999999452,2,1
0x0e7fde75553dd9793ab793e7bfca31c5d66ad1be,1339393.7280000001,0.0,1339393.7280000001,13994,1
0x0e9bf461d006d4f67794c69c8a92271468b5d74b,51.699248999999995,51.6465,0.0527489999999915,2,1
0x0ea10e86770480a5a42df1a22f0e95bb39c010e9,29664.28639,0.0,29664.28639,4000,1
0x0ebd6d153ef8b35dda06f273a707f76c15e0c0cc,0.0,1193.18562,-1193.18562,1998,1
0x0ebeec724c7cbd2fe9d2568554472c183c3f12b7,0.0,0.16,-0.16,1,1
0x0ec1f1d5cab5125e04139bc0d181c4fd63a240ff,0.9999680000000001,0.99485,0.005118000000000067,2,1
0x0ec5681e4a8f0caa7615f2c70b0ee08eb4cf363f,97.99978200000001,0.0,97.99978200000001,1,1
0x0eca6460ee7df2731025b4fd836400dd078f8c85,756098.6294000001,0.0,756098.6294000001,7999,1
0x0ecabff9e79250165b2434cf75ad193e02a234f5,379144.9999999999,0.0,379144.9999999999,3999,1
0x0ecbcd52b1f09b78585bb2f4c28cf2ae63583f7a,0.0,0.46436,-0.46436,1,1
0x0ee963b6674d43e79d46518f77535a602abeb88f,13.039998,13.02322,0.016778000000000404,2,1
0x0efbe1f0331477b4adb24bc1b6f2605487d80700,5.7998769999999995,0.0,5.7998769999999995,1,1
0x0f0d5be305827b255a5bf4da4e72afe6baa6415f,29667.4906,0.0,29667.4906,4001,1
0x0f2172a7d1b10a755b43ad7a2faca2c6aebcf772,49868.113968000005,49810.21992000001,57.894047999994655,3996,1
0x0f4cf612f188805b8d1e84dc2c3c1a20ece0adaa,0.9999909999999999,0.996,0.003990999999999856,2,1
0x0f53258010bf4576c3bc2a2c5c905aa9078750ad,83.496,0.0,83.496,1,1
0x0f58d0e698327eb530de2724c5d679f2e422af82,59337.13726,0.0,59337.13726,8001,1
0x0f6540c1019f03593a27566c0cd5d317e43895e5,7.872,8.907,-1.0350000000000001,3,2
0x0f6d9c97fbfcf36432492c152e6d004d5c1f2f8f,23.999919000000006,23.804199999999998,0.19571900000000753,2,1
0x0f745742551cd4c7b2f794d991023ed875443d24,1997.9999999999513,0.77186,1997.2281399999513,2000,2
0x0f776a6dd3bbf900ae0ec9064c4dc01edda569a9,166.49116,0.0,166.49116,2,1
0x0f781bcba4a2e5b53f0562fcc4590546ea0818e5,639.23832,0.0,639.23832,9,1
0x0f967a4e48e2880779e7bf1d063a38d7ac142f61,0.9999990000000001,0.0,0.9999990000000001,1,1
0x0f99b597864d8a3977ebf7f225b7394a52f59b59,19250.9762,151.49075,19099.48545,2018,4
0x0fa0427706fea1c4e02808a58ac4929153cccd87,451.38077999999996,0.0,451.38077999999996,7,1
0x0fa4459bc1e41ebe422cbdb3f6c9ef36d878f9fe,13.199998,13.07775,0.1222480000000008,2,1
0x0fb1ccd34460ae3dd569c7c56e8de56974bd36f3,28.1632,0.0,28.1632,1,1
0x0fb36cd405fabbab9dfffa90e4df75bdb61f872a,5669.638,14.955,5654.683,2,1
0x0fbc7d68083cc14a1205373f871b4b42adf2c301,0.0,276.3833400000001,-276.3833400000001,1998,1
0x0fc073d8a87e86ae8b716acc14ad59160a597c25,21.336000000000002,0.0,21.336000000000002,6,1
0x0fc4c5dcf60ab13b1a5d819070ea76be4ee6fd44,574176.288,0.0,574176.288,5999,1
0x0fca93d498887f5d75c89ab0f8213d97a3e24f91,49734.21599999999,0.0,49734.21599999999,13986,1
0x0fd35789f2d99c3a933aebf6d7887a66ff99430e,13985.768231999999,0.0,13985.768231999999,3996,1
0x0fe12d67e59709ea9946586bcefd1027fe601839,307.69818000000004,0.0,307.69818000000004,4,1
0x0feaac444f4a2dbbd2a15367e6ff26ac7e818526,0.13999899999999998,0.0,0.13999899999999998,1,1
0x0ff2826447572b0529978972f5e3c6497c0abb4f,143764.87884000002,0.0,143764.87884000002,2002,1
0x0ff2af3acc9195001ab8df8b5bb66f9f88fa4daf,1.129869,0.0,1.129869,1,1
0x0ff90ed30b69c79dd4f2c62e01e363ac917eb882,49773.331999999995,0.0,49773.331999999995,13997,1
0x101210236134398dc1cd4c91aadc8a91931ab677,11.2887,0.0,11.2887,1,1
0x1015343a5ffb896330bf5464d7b1c3c6a6c26573,29668.636300000002,0.0,29668.636300000002,4001,1
0x1023c33556d8f329eb6b764f935f0d05dc9dabff,94.81,0.0,94.81,1,1
0x1033e99d0991c7c021d60e9419b6e5acabd3725d,9.99999,9.97997,0.020020000000000593,2,1
0x103cccc4c82d07fa0187105adac779d48505ff2b,0.0,2.00196,-2.00196,1,1
0x105891e73d14024d94fa68e006d1e3f2324aab2a,5.999995999999998,4506.616650000001,-4500.616654000001,2002,3
0x105fcee4646e40343d7b3dd08ef9eccd4639b2f1,809821.7492,0.0,809821.7492,9998,1
0x1072eea19ff0c39e545235378c07fe5eb16ee3a9,1.599998,0.0,1.599998,1,1
0x107751d7b2390aab467062ff720c93fd2b18ee43,1511360.2250000003,0.0,1511360.2250000003,15989,1
0x108807360cccbe07e85047bda011b3187554b813,4.800000000000001,0.0,4.800000000000001,1,1
0x108ff4085c9c0d413f62813fb6908ac2a03fefb8,98.99994299999999,0.0,98.99994299999999,1,1
0x10936d36632dbd8b024c31c982f3cd4ac3cb33b8,1.349988,1.3206,0.02938799999999997,2,1
0x109e47dcfa683553a7ef347dad5eb212b9d52e60,2332984.6800000006,29461.768740000007,2303522.9112600004,13986,1
0x10bb28ee49b6d7aec8f115f3bea1a68b9530b34c,0.419995,0.0,0.419995,1,1
0x10d4fd2ca1022ec5144f1bfae59d3c0ca709d614,10.61665,10.50658,0.11007000000000033,2,1
0x10d7b0eaf5c2c1505b466b6f4a34a548891eeba2,220.80897,220.58794,0.22102999999998474,2,1
0x10e32cea724fb90de32e61b6f360c2c23c6eafa6,1944153.9000000008,0.0,1944153.9000000008,9990,1
0x10ebdd5f1b41c6c77c067895dc55b44004dbfee6,0.9999989999999999,0.997,0.002998999999999863,2,1
0x10f720b8a39ab063a118f4abcb13c7e6fc89c2d9,97.999608,6.0517900000000004,91.947818,2,1
0x110d666ffeb4ebadc458bee2bed7c4abd2e74f5d,187442.44290000002,0.0,187442.44290000002,2003,1
0x1125313f3fb16efc78ae1558959ad15aaeccb000,6.3180000000000005,0.0,6.3180000000000005,1,1
0x1143af78fa7a67ceca8ddcdeac29ee74812a6675,1142444.65176,0.0,1142444.65176,5994,1
0x1143e3afb80b4af5bb97394c0aa71a1bd1e00c57,189809.61999999994,0.0,189809.61999999994,2002,1
0x114ecc9d956e9f1e18f62de76ad034b6795076e2,39.06085,0.0,39.06085,9,1
0x115125eae73446cb00b5f27a620f5f2a34ee0959,5.919903000000001,0.0,5.919903000000001,1,1
0x115675e63feb7891815a74bf1097dd831a3f3cad,28419.551999999992,0.0,28419.551999999992,7992,1
0x115735c64b3503d5c7ef683245ebf0cdcd076f0f,1555323.1200000006,0.0,1555323.1200000006,7992,1
0x11646f30707705d0d5e2dd0828c8bc2c8f156281,12409.014,5.97,12403.044,2004,1
0x116a3801e5289adb7ab0d909788fe342edc04950,0.999999,0.0,0.999999,1,1
0x117278274d989974384bb5654c8590fc8a09704a,1.16994,0.0,1.16994,1,1
0x1184576460f040530844d74a2b912ab19505ce2e,10649.242097999999,5.3082,10643.933898,1999,1
0x1184b4bf844f66fe52f5e017002a78c6c4173757,35.559999999999995,0.0,35.559999999999995,10,1
0x118b7ab859f8ebccbc12b41ed279366e73f2cdb0,5.0,0.0,5.0,5,4
0x118c3c2dbd5eec76b987c74b9c9d0a9ffb0ccd8d,127.13995600000001,126.38376,0.756196000000017,2,1
0x118e4a0bb5cdd71114b3a237b0d849d55db4f4ab,35524.43999999999,0.0,35524.43999999999,9990,1
0x118f6f13beb8da6e02be701b5333c42a0a8224e4,0.9999989999999999,0.997,0.002998999999999863,2,1
0x11bf2561fb175a228e8a64dfe2595c70dae457d5,944865.0544000003,0.0,944865.0544000003,9996,1
0x11c06f1b5b629613184d79c4c6e9cd4438ed1810,187606.29872,0.0,187606.29872,2005,1
0x11c709f1e4d71dc3f2aa75c37b4c2977cfea14cd,49.18999900000001,43.10549999999999,6.084499000000015,2,1
0x11d0369aa79cb7d6dec54047eebdc0845ce7330c,574176.288,0.0,574176.288,5999,1
0x11d14f90285a812818b9a35747fbe8b69583067a,379145.18999999994,0.0,379145.18999999994,3999,1
0x11de8dd5f15cca8da661488bb2874b02b9598985,8.239999,7.2383999999999995,1.0015989999999997,2,1
0x11e5c048b1989ee47e2e9689c14e75d9dd19afb0,19979.922078000007,10.05648,19969.865598000008,1999,1
0x1214584c96f968e1f433335f3b963a083f91422e,0.099993,0.0981,0.001892999999999992,2,1
0x121eeee11ee31b9a527d58614d82d9d9d23c3341,189.335,0.0,189.335,2,1
0x12289d1ce8fdfc0cd203d5da0b45d74cdfa3e07d,0.9999440000000002,0.0,0.9999440000000002,1,1
0x1228c47a57deba9432fdf89e5db54e99b596c4fa,24.8,23.599999999999998,1.2000000000000028,2,1
0x1229f98f0f644dd92581f9076924ddfdcd66e2be,0.0,10.868,-10.868,1,1
0x122dd0ca18b1780db03a2aa808db277159418cd2,61.889995,61.3292,0.5607949999999988,2,1
0x1241cbccceedbde52d14600b67337addaf79b400,769645.6639200001,0.0,769645.6639200001,3996,1
0x126221f3e5f580a2e8fe977301fe606b23719f1a,189596.96615999995,0.0,189596.96615999995,2000,1
0x1281415d173404a97aae5e64949da489dee7ba45,19.986,0.0,19.986,3,1
0x12b66c70912b51e1abdd9785b60137487cda9fd7,419.999999,52.413299999999936,367.58669900000007,2,1
0x12ca96a29bb38b8675541226534d174eb4510e49,1997.9999999999684,0.0,1997.9999999999684,1998,1
0x12da1baab7b6ae0055d2af1ce0d04695d45326ba,1.0050000000000001,0.0,1.0050000000000001,1,1
0x12e818bc36f87f0cccaac0998a47053dfd3b0d42,735.999551,0.7374700000000001,735.262081,2,2
0x12fb52b4a9b3377daabd42dae2fa9ad7724141b2,17.599998000000003,16.7804,0.8195980000000027,2,1
0x13146bb2961af30bfe474ac782ad3f10344113ba,378670.7599999999,0.0,378670.7599999999,3998,1
0x131dfeeab443a5e66319d53a277e4c64e17b2c57,9.89,0.0,9.89,1,1
0x132244d102d80847a279d9ad390634540b8b71ef,0.9999979999999999,0.0,0.9999979999999999,1,1
0x132781644662ddf47f0c13938ae6788ca9942e9c,6.999998,0.0,6.999998,1,1
0x1335d6a69c0b24748a8473258601056db2d626af,1.0150000000000001,0.0,1.0150000000000001,1,1
0x133e6ceed05e9c3c3f185a9e41d1229682d98383,0.0,0.02,-0.02,1,1
0x1341438ac06142c7f52346c26ab8a8de4278cb1f,143693.00768000004,0.0,143693.00768000004,2001,1
0x1372fec541456f2ae732cc65c23ec95260c1b610,216.999996,215.89944,1.1005560000000116,2,1
0x137c7d5a44487f4681cfe87dbddd796ca226b9ff,0.02,0.0,0.02,1,1
0x137da7e4b681f6d5d340c462cb0370dc9c1990db,6.662,0.0,6.662,1,1
0x1385b0333620a555ba91942afd757e3c46ad4204,1.2,0.0,1.2,1,1
0x139dc19844ad4545b0f2652f02a51e0e97c9958f,40.889967000000006,40.71586,0.17410700000000645,2,1
0x13b25b4c1593d11ac0d4f1d37bbe13134de642de,50.71923,50.66846,0.05076999999999998,2,1
0x13e3160110485f902ecb15c10d7b864e5515582c,0.769931,0.76461,0.00532100000000002,2,1
0x13e97be0ec7de22672f1b51a9d563ee1a732a7f2,98.99973800000001,0.0,98.99973800000001,1,1
0x13ed7a7c8d2593d6835fe88cf14e9618615730be,0.0,1981.6563600000004,-1981.6563600000004,1998,1
0x13ee153d99e7a6f713a472ead16d00a071ee23f3,0.7699769999999999,0.75348,0.016496999999999873,2,1
0x13f6fa1a1b9ac6a018cddfb6950a8a9e98654725,94.81,0.0,94.81,1,1
0x13fa83bb999283ad09c02ff27922b34712aae6d8,944871.9000000001,0.0,944871.9000000001,9996,1
0x13febe6a9ef7b1831209b1289bb0130350f8c5bf,49089.673188000015,49032.558359999995,57.11482800001977,3996,1
0x1404ec3da27a282ef7c959d36b1ede41b7ed1529,14845.874480000002,0.0,14845.874480000002,2003,1
0x140e6a7f576681a050e458e4a1801b25be37bdc8,10.999986000000002,10.7562,0.24378600000000183,2,1
0x1411ff9fa29b76fe353735d7190de5e0a7a4b661,5687.630999999999,0.0,5687.630999999999,2,1
0x1414689e3501fda43666b6624c4a6e67181dbcf4,1997.9960039999996,1.0098,1996.9862039999996,1999,1
0x1416d28d1adf3a9aa42e317f05cfc4116171688b,956354.304,0.0,956354.304,9992,1
0x1417cc3708162580668f86b7f39867211f9f9092,189619.80999999994,0.0,189619.80999999994,2000,1
0x1424001d35a6dbedf399303eeda0152990d3d18c,1.179819,0.0,1.179819,1,1
0x143077fc0930b3630d75a9301788c4d801536fba,1.3499980000000003,1.33688,0.013118000000000185,2,1
0x144acc1577db942625dcc583af5cc5becdeee06e,0.0,2.4350699999999854,-2.4350699999999854,1,1
0x144d3b436b7235aa2c238ae937137368a99d8ddb,1997.9960039999996,0.0,1997.9960039999996,1998,1
0x14519e4cb95e3acea5b09451ee1d4a4f2cf3296d,0.999984,0.0,0.999984,1,1
0x145bd067582b4869dbf336397441cebd70b029db,36443.494025999986,0.0,36443.494025999986,1998,1
0x145f4349ca84895bc49465a6b56df800799c6407,15.009998,14.96292,0.047077999999999065,2,1
0x1464dadca8d7fe228c9ad30f7e66448377910550,49744.88399999999,0.0,49744.88399999999,13989,1
0x1479c256a3ac0dbe286f7e4cf1a7d35b2ff18870,0.5899989999999999,0.0,0.5899989999999999,1,1
0x1485e25ba825a206ebb1ffa0abcf28fe56cd6d0a,0.9999999999999999,0.997,0.0029999999999998916,2,1
0x14881167e97cf48c8e05a4fcdfb6691a408f9d6a,0.09999999999999996,0.0,0.09999999999999996,1,1
0x14925094db420806ef49a24a1e6d827dc071b5e0,0.0,9.94,-9.94,1,1
0x14980d4936bfbd6e96730750c196074f467dc6f8,6.3180000000000005,0.0,6.3180000000000005,1,1
0x149bf0a5b1294f625a67ea0620d65e6c51e1a12d,0.04,0.0,0.04,2,2
0x14a78ca616102aa37777cedbeeec5e62356475c6,10.219956,10.156229999999999,0.06372600000000084,2,1
0x14cab277d5b92c1c582d32dd4f4d3900ade13338,33965.87212799999,33786.259920000004,179.6122079999841,3996,1
0x14d14ba8443884a5e4186aed8a33d4d16e26dd66,51.659997999999995,51.60276,0.05723799999999102,2,1
0x14e13d420b70c8e862887ddee080fb8568237416,568101.1400000001,0.0,568101.1400000001,5996,1
0x14ed8d1ddcf35d3f7d887815c44200dc782f9507,50.13981,50.08962,0.05019000000000062,2,1
0x14fc6584b3ff4a4055813974f510ad4728036627,0.9999999999999725,0.0,0.9999999999999725,1,1
0x152038a16c15824fbc33c80122cb332c11ca0ddf,39.039,38.61,0.42900000000000205,2,1
0x1526b389070bb267d04e9f36fc331f47d4c35982,0.11999900000000001,0.11399999999999999,0.005999000000000018,2,1
0x152e0cb6fc10a62ed23d68b8f3733acc1f3fad8e,38.666,0.0,38.666,10,2
0x152fd1f8a9203ada444e33c0bf1ec64fc4dcf498,0.0,8.892,-8.892,1,1
0x1530b1433aa86cc1547ea682d637a421171d0862,0.9999909999999999,0.995,0.004990999999999857,2,1
0x153879c9336de30e0140cb700b5b84a62013852f,388830.78000000014,0.0,388830.78000000014,1998,1
0x153b924725dc6ade8c0ceca618a36060513168dd,0.0,20.4,-20.4,1,1
0x153cb634a94e35f5353d33f94bea38e69f9e3e0c,0.08,0.0,0.08,4,2
0x154bc726c96076dde2503d5412e4ec87d60cde46,0.0,1995.1628400000006,-1995.1628400000006,1998,1
0x154d70bde197f8f9e3748d41f9d1e6de7425b614,7.999872,0.0,7.999872,1,1
0x156093ec8f30c39e522fd26e3267753b2f25c9a4,765600.288,0.0,765600.288,7999,1
0x15643fc0f2a97389af0739f9ce3275a276fbe76a,12.636000000000001,0.0,12.636000000000001,2,1
0x15734a7f9943dc23a5e09ba9cc7f13f6a444fa5c,568005.95,0.0,568005.95,5999,1
0x1577cecbfec5f710c1de924f711548a04229404d,218481.17012999995,0.0,218481.17012999995,1998,1
0x157b35e56b9935fe5af021f144c29af6bb71e568,5655.69,0.0,5655.69,2,1
0x15924a4045ffbd85775ff0b1ee4107e291735ee4,264.735,264.47,0.26499999999998636,4,1
0x1594fbe52fd38fa63b73985a55f0c1803fd6db19,386836.77600000007,0.0,386836.77600000007,3996,1
0x159b088a1f37934f88a56c83a75f781d1cc8205c,1.0799979999999998,0.0,1.0799979999999998,1,1
0x15a53db81dba7b26f863be4af7d6abf48b34392a,0.9999989999999999,0.997,0.002998999999999863,2,1
0x15b4d6dfc8dad27e6a7a471a32f627465a8a6fe3,20.679299999999998,20.6586,0.020699999999997942,2,1
0x15cef013eb92a2074bcd5cf46233b626c1d85336,10.89816,10.8654,0.032760000000001455,2,1
0x15d20183d3dee7978061b40b3387a2b083dc33fc,189714.80999999994,0.0,189714.80999999994,2001,1
0x15d259414809e9009f919b39cf74ebbf302a371c,179.99999799999995,0.0,179.99999799999995,2,2
0x15da8927dee499fc70c74e7c984cc801184375be,5960.056,14.955,5945.101,2,1
0x15ded0f20c3e207ca4a577717b4f5893afc9722b,18.999996,0.0,18.999996,2,1
0x15e7905b77eeba65233113cd97732dd2f56a4ac8,6.662,0.0,6.662,1,1
0x15fc4fee37062bdd22e4fbb6375cb0b20a15ad7b,1530243.4560000002,0.0,1530243.4560000002,15988,1
0x1605769e1f656f5c7ced7e22e490d77b759d0fee,378765.5699999999,0.0,378765.5699999999,3999,1
0x160c354a85656f1f7fa8c5711371f5176096183a,5.999998000000001,0.0,5.999998000000001,1,1
0x162166c123fd4ed28d80ffcd6639f719603ba01e,83.496,0.0,83.496,1,1
0x16272f98ff75c3db6db19aab17d84fd7caf75787,10.319965000000002,10.29649,0.023475000000001245,2,1
0x164229b9d0587e50b94098f5840164282b565988,3639.6333999999997,0.0,3639.6333999999997,5,1
0x16524eaf93239c62afe646d70ad17bbe246de6c2,9.99999,9.97997,0.020020000000000593,2,1
0x1652ce6fa87fb464cd93225e9878c1fc64589421,6.674,0.0,6.674,1,1
0x16577dc3a9941a227e91753a0462bd9208119be6,56.469999,47.6824,8.787599,2,1
0x165b1093294a273a3f02471ad1f88955a4885d7b,6128.02584,0.0,6128.02584,3996,2
0x1662af6486dad97bdbabcfe4bb6c10e1fce30ab8,189240.37999999995,0.0,189240.37999999995,2000,1
0x166a2db0ea116ce891bee7f9363ce871f028ff66,378196.3299999999,0.0,378196.3299999999,3997,1
0x166f3a2372555a8707b5edfcf3d7b67a97be1c87,13.999998,13.93775,0.0622480000000003,2,1
0x1672765d3b244898535d133b8c555824f5f2d232,0.999998,0.0,0.999998,1,1
0x167c804554cac43bbf7e13cfe712e63aa716efac,1133631.4794,0.0,1133631.4794,11993,1
0x16914403acb2e196624769a30240243edc781a2d,0.0,0.56956,-0.56956,1,1
0x1692e68c0420541bcfa68827fb3de0b99eb109bd,21.336000000000002,0.0,21.336000000000002,6,1
0x169ec69b2d0bc6fb5bd7ab414218092f849cde26,178.097898,178.77473999999998,-0.6768419999999935,12,1
0x16aae93d698dfc02b37593ff3b2e7f59333bcb87,568101.1400000001,0.0,568101.1400000001,5996,1
0x16bcc4edce5d43a773204f92daa61b64bb88d486,9930.06,4.97,9925.09,1999,1
0x16bfecc56f0faa48a4e7bc1c4ef47c06c4d3bd5f,1.839998,1.8234400000000002,0.01655799999999985,2,1
0x16cd81548c517a4b0d47ea45cc08789b3cf86843,71.30956300000001,70.8792,0.43036300000001404,4,2
0x16d1d1987384b3e708efeea974ad27b74c6a63f0,1338915.168,0.0,1338915.168,13989,1
0x16d616970270c894c792030ee685958252c6c556,448395.63599700003,406326.3102,42069.32579700003,12001,4
0x16df66acb3e948e2a04c4c6ab96d77b83cd7112c,0.9999989999999999,0.998,0.001998999999999862,2,1
0x16dfc716b4cee01f2c0febe62c9c8b54a9bfeac2,28.7424,0.0,28.7424,1,1
0x16e511fd554e55a604a95943199986f07a8b399d,0.45999,0.0,0.45999,1,1
0x16e7bbb677bc8d9830ec53536ccd97cb252cd34b,1.169986,0.0,1.169986,1,1
0x16ec36b06e792b73b669b4b517fdddcc60a56617,6.662,0.0,6.662,1,1
0x1711ca92230f993dbaf43ec937642f3e7cd7904b,13.324,0.0,13.324,2,1
0x1716871a6116d22f1ffe5200d2bf907ebcf7ab6e,0.0,0.005,-0.005,1,1
0x171840ef584ce6bfdfff4881f143f33f4b7aa539,3.559637,0.0,3.559637,2,2
0x171b81cfb5a6c08429dd645fbad866fc292fd171,88953.41381,0.0,88953.41381,11992,1
0x17290148f9e79800f871ebc7bf4b037ed1d28039,1.032,0.0,1.032,1,1
0x173e17527f94dc4cc9734788f95a86c011498cef,0.999979,0.0,0.999979,1,1
0x17528a01973b7faa9f958a71a175b555643f8c60,0.04,0.0,0.04,2,2
0x17531598db5edc66bc5b0df0f0a9df2138f81300,0.28999699999999995,0.0,0.28999699999999995,1,1
0x17763e1b76df85145a54d0ffd55a19d04713f52e,1166492.3400000003,0.0,1166492.3400000003,5994,1
0x177fc3f3d7a0f3c57398098c08da2f7c20825a04,98.99978800000001,0.0,98.99978800000001,1,1
0x17a573d7c137026be0c86ac13b539154155fe00a,0.0,1.1988,-1.1988,1,1
0x17bec4eafb8747fc049415ce7256ac3573c9dba0,21980.037960000005,0.0,21980.037960000005,1998,1
0x17c4cd530cf019f6894160136ee6d62cea1bc2c3,378765.3799999999,0.0,378765.3799999999,3999,1
0x17c5744c243791d0b4bedd08665eb1844563e7ee,0.9999940000000002,0.0,0.9999940000000002,1,1
0x17de9d372fb16f791078f95b6fbac464b21aff8e,0.969998,0.027739999999999997,0.942258,2,1
0x17e5540bc696fd3e8b7da9101a93e4835c783d19,0.0,16.459799999999998,-16.459799999999998,3,2
0x17eb528ffe2802f4ff8747b8ef9e0c67529eeff7,2.31,2.1964,0.11359999999999992,2,1
0x17f5745962b4fd472eb9bc0fdee97794bb0d915d,27.679952,0.0,27.679952,1,1
0x17f603fdf0269291fe1b4d5bc46720828bf65d21,4775.206013999999,0.0,4775.206013999999,1998,1
0x1804c3f1dac396fa5391ec2684fb01dcc38c1c0c,1166492.3400000003,0.0,1166492.3400000003,5994,1
0x1806cdb735400039bd5492d2116ab6cb4996c983,1997.9960039999996,1982.9350799999997,15.060923999999886,3996,1
0x1814be1f78aeae27a02ffd01525e9f4ed2685620,619751.3980399999,0.0,619751.3980399999,7993,1
0x182b2bd1f035abe76eeb2244b32d9ebac27ef022,0.0,1.1844,-1.1844,1,1
0x182dbf95038a1eddf205303cfc3998301045b0e3,5.699999999999999,0.0,5.699999999999999,1,1
0x1834344265463d5ab27b20fb13854d6679f8c4b4,1.359639,0.0,1.359639,1,1
0x183cecaf3a257550dc5dd1f704135f75f63cf5bb,51.499449,51.4469,0.05254899999999907,2,1
0x1852fb396eba7c7e0b42e6faf8114bcc523ff1b7,378978.93317999993,0.0,378978.93317999993,3998,1
0x1853cb39eb11b18346d174ec5eac78d8629e6a0b,0.0,198.12167999999997,-198.12167999999997,1998,1
0x1853d91d0a19d33077e928104ba432187e381ded,901130.2876799998,0.0,901130.2876799998,9990,1
0x1866237b8f05becab07f2caad53c9336f027c0bf,1699748.5500000003,0.0,1699748.5500000003,17982,1
0x186e4538554fd4312ba75f34689c3fc309f0fcf0,15983.996004000002,15899.244840000007,84.7511639999957,3996,1
0x1876d973ce5c5151aaf9dccff17ecce6e62597c0,2.579789,0.0,2.579789,2,2
0x18a7cd9f73c2e2f8aa069cb2486ae7c213bbd21a,0.0,625.5873199999999,-625.5873199999999,1999,2
0x18aaa10110b088c320a4906c716e82c8ae3f1dd5,567342.0900000001,0.0,567342.0900000001,5994,1
0x18ad7c4869a11101801e7835fb9e357fccb972fd,0.0,0.114,-0.114,1,1
0x18b75c3360d0777ee47ae65969e3b803ec68ff73,12.229866,12.11288,0.11698599999999892,2,1
0x18c0d1cb63bea9f808dd3de44ac61a12ab0cc18d,568575.5699999998,0.0,568575.5699999998,5997,1
0x18cee9a78a8b3c6120969076fb4066ab854b3871,0.049996000000000006,0.0,0.049996000000000006,5,4
0x18dba85b040a2d98b8966e236db26bfdb5d2f0d1,7121.873999999999,0.0,7121.873999999999,2002,2
0x18e3dc2a260cc0543e841b74ab86f5440ee15a58,4.985,4.985,0.0,2,1
0x18e68a5142c13043c81108aca1eeaaa94a331261,5673.63,19.94,5653.6900000000005,2,1
0x18e9ffb816d2d62419d6f5ec24c15a18e61dd933,1003.66072,0.0,1003.66072,1999,2
0x1904de2fe9799fba6f0474d67463f9014b4efad1,11.82,11.80529,0.014710000000000889,2,1
0x192115834e2307eea2eb555b80aeebdcc11f993e,7122.667999999999,0.0,7122.667999999999,2003,1
0x1921eb4253e5867c287477e080e16674d2845efd,389.249996,193.3221,195.927896,6,1
0x1966bb21910ad87281a71061f3b2a017322c3b27,51.779169,51.72634,0.05282900000000268,2,1
0x1976750848fb11c1a8c6dcdd01fea2f322f2f0d7,0.1,0.05,0.05,2,1
0x199a98db16786a1a916d906e132e9d9f4976b4a0,755727.3750000001,0.0,755727.3750000001,7995,1
0x19a9b7b2bae7c4500466ab5f53f7c58847a5b9ea,5.999998,0.0,5.999998,1,1
0x19c15388a118004c7bc2375b9cd53eab3d571c5f,12.999996,0.0,12.999996,2,1
0x19e3688a0e77edd389d3ce2bafe866017c8098a4,189619.80999999994,0.0,189619.80999999994,2000,1
0x1a02438e30912d210662f4493eab164f782fe488,1997.9640359999994,0.0,1997.9640359999994,1998,1
0x1a0836b515a903266984ee41026797b32e4f1558,1.999998,0.0,1.999998,1,1
0x1a0dad3503d93da81fe02e6812a8c9d9d21738a1,767.261,0.90344,766.3575599999999,3,1
0x1a0ec99b1cf2f5a80be3ab880328b5665ec8e99c,0.0,1981.6563600000004,-1981.6563600000004,1998,1
0x1a148333706bda7b9d757f494bc22be51f9bf6a9,41956.897104,41891.88618,65.01092400000198,7992,1
0x1a15272c285868027f6eb36471b001a4ae26e103,0.34999800000000003,0.0,0.34999800000000003,1,1
0x1a157d882fffd7c6aa82c6fe673cbe0aa58eba23,552.274,0.0,552.274,6,1
0x1a1ab461f8ab807bb86c41fd16e850f86056677e,143598.38768,0.0,143598.38768,2000,1
0x1a247fc77d9811c62386fe3374a519d1afb02277,35524.43999999999,0.0,35524.43999999999,9990,1
0x1a2e66ac4fa28ca280db7b8e0e8f5fcb4a4bb01b,5.976,5.976,0.0,2,1
0x1a2e98cfeac24395fd40aca6c03ee2b01335edbd,19.999998999999985,0.0,19.999998999999985,1,1
0x1a32dfd6437459a836bb9114f422e11d8053bc90,378.955,0.0,378.955,4,1
0x1a364fd14846320317324ca8ad1977340f7d2d64,1.139872,0.0,1.139872,2,1
0x1a454c3e00f1b7b872ce7ac726fd84255444cad1,193418.38800000004,0.0,193418.38800000004,1998,1
0x1a509da7c4b68ee57687bae7fde73211a7aa59dc,193418.38800000004,0.0,193418.38800000004,1998,1
0x1a5e9f3b191b25cff9a9abe60ca136799f177925,1.9999980000000002,0.0,1.9999980000000002,1,1
0x1a8e6b0371ce2d24eeceb845534a0f46f34809e2,94.81,0.0,94.81,1,1
0x1a9e1b673cc23eb25064462742850b657c980a29,1.6999980000000001,0.0,1.6999980000000001,1,1
0x1ab1ff2566859bc21fe0b865a0eba29c2b881c82,29662.28081,0.0,29662.28081,4000,1
0x1aea8f067edc6262ab22795b5ffb724aedc3e290,0.0,0.111,-0.111,1,1
0x1af8fdcfff5dd5c3d3e8b8185ab249ae7edfdfcd,0.8299980000000001,0.82253,0.007468000000000141,2,1
0x1afaceb176d35f77289996415c445e7f6a6d275f,476319.69152000005,0.0,476319.69152000005,5995,1
0x1afc5235665006a4ecd1dc159ba5e0fa93900ebc,1338723.744,0.0,1338723.744,13987,1
0x1b23bb9da6bae0c6e38499a1578f785d5ac18369,0.2997639999999999,0.297,0.002763999999999933,2,1
0x1b2f33cc89c5f829c608cdcf6848f35a02ac2ba5,0.9999820000000001,0.0,0.9999820000000001,1,1
0x1b3f6056909bdfdf2107e264c923708a1641b058,677.74792,0.0,677.74792,10,1
0x1b5a798280eab33aaa904f6f0b25d35b36e956f3,12.499998000000001,12.48618,0.013818000000002328,2,1
0x1b6c376e4829c8ba7df7cfabf89b2a1cf4550755,1.6999360000000001,0.0,1.6999360000000001,1,1
0x1b72c5d967253da731d95a474ea553653bc6581f,14.999998,14.91744,0.08255800000000058,2,1
0x1b790ce0467c24094f2b858b43f676036a0f5281,0.0,7.028,-7.028,2,2
0x1b7a7343930a0eee13425a942bf075dc912017bb,1166492.3400000003,0.0,1166492.3400000003,5994,1
0x1b93cae7c2c2ad7d53f0f0f98e5ade5d603d4667,5658.679,0.0,5658.679,1,1
0x1b945ac81f6e9fd0bb7129571498c18674d8f6d9,0.0,9.95,-9.95,1,1
0x1ba8e4c164a4aa9b6895f12e2c2183a074399161,528.73162,0.0,528.73162,8,1
0x1bb0cc0ae6c8d5b6ad3cd675c15bfd893c9bcd7a,49759.10799999999,0.0,49759.10799999999,13993,1
0x1bb6d103ad9964ba843952d3b503ade2209bc6d0,4.999998,0.0,4.999998,1,1
0x1bbbd27e4fdda1e09a10999835d742aa36cb6758,1.799984,0.0,1.799984,1,1
0x1bc5a6a25e11f160948fed07f830f3db69c71a18,0.73926,0.73778,0.0014800000000000368,2,1
0x1bd365755790b7405f55c7547e1ac9790d66ce91,95.786,0.0,95.786,19,3
0x1bd6a268c16001638db0641ffbee38145a34e51f,1997.998001999999,1992.0059999999999,5.992001999999047,3996,1
0x1be2b11957887fb2553f30b5c88da2d0a2ad385d,1997.9960039999996,0.99586,1997.0001439999996,1999,1
0x1bf28354d70c4ef805988388fadee0dccb41a3a8,11.13405,11.12286,0.011190000000000921,2,1
0x1bf2d663593c5248cfd8e765103419bffa493a6f,1.289925,1.2636,0.026324999999999932,2,1
0x1bf3053e4d150c7c10d11530d3799af0162cbd39,0.0,9.965,-9.965,2,1
0x1bf34b8800f4a942bbfa0d47ba06c046b4bffc7e,97.999985,0.0,97.999985,1,1
0x1c2dc54ff58534ac039b10293305f095839d15b8,10.71852,10.686300000000001,0.032219999999998805,2,1
0x1c357bff711a3c396445be0f41cd54c316ca8881,10.329998,10.2802,0.04979799999999912,2,1
0x1c4dab31822697f870d6b2768d0c4abdb9581c3b,450.82616,0.0,450.82616,5,1
0x1c56a571559ef82dc30b7b1a0599a1a666b0adf0,60.509998,60.439409999999995,0.07058800000000787,2,1
0x1c5b804ffce9367b1d56faeb3bbe766dbb2c5d75,5.0,0.0,5.0,1,1
0x1c5d48f7b6107ad712cc442fcf0f0a3aea6a34f9,5649.678,13.958,5635.72,2,1
0x1c5f8b32dc37ea8ce1f6f421d36b8e8498c3f206,2.9999999999999845,0.6000000000000001,2.3999999999999844,5,1
0x1c6509c4b5794271a490d2d70c71ce036693acff,1997.8881119999996,0.0,1997.8881119999996,1998,1
0x1c69f8c5b8b4838c8dce7653e8633290fc618ad6,567626.5199999999,0.0,567626.5199999999,5995,1
0x1c708b8f85d1b58970dd8a57385a19b1792c4c51,79.87998999999999,24.975,54.90498999999999,9,6
0x1c7ea49c1b1badd8cddf6fbd3e2cbcaf7fe3a4b0,7029.0139500000005,0.0,7029.0139500000005,1,1
0x1c848a21abd45e9ff49920ec34778f4d35e99fc2,59309.62307,0.0,59309.62307,7997,1
0x1c8cf97fa22ae51a1ca32a3e77185232910d11f5,73.439907,72.97736,0.4625470000000007,4,1
0x1cac894aab420573bd83e8d231ed61d736221618,378575.9499999999,0.0,378575.9499999999,3997,1
0x1cba7e44bcfd5acc4513f554ab9e86453d086a4c,91927.88668000001,0.0,91927.88668000001,8,5
0x1cca127affc0d87859a63a3097f9088250c2181b,0.7192799999999999,0.7178399999999999,0.0014399999999999968,2,1
0x1ccec0af6b11602eeb3e045e5cdd705528098fa8,0.0,0.091,-0.091,1,1
0x1cd0cc2ffdc08e000a0e5886ce65139fde499258,8011.886094000003,7985.646359999999,26.23973400000432,7992,1
0x1cd46b74b5140dece9f3d826ce14c232c50e2108,1.3599999999999721,0.0,1.3599999999999721,1,1
0x1ce6784ea7f93173a3d90fd80b7bfae40805ff9c,0.0,0.23700000000000002,-0.23700000000000002,3,2
0x1ceb1cbf3fc3057ef1b473f89e2c92c313e3ca18,11.999998,11.93164,0.06835799999999992,2,1
0x1cfc260bfa2b5ae89377863180ca3b4f5c862111,19.400000000000002,99.889,-80.48899999999999,3,2
0x1cfccc33bb66b2f49a5b147b4225b9f8465a2e95,9989.884116000005,0.0,9989.884116000005,1998,1
0x1d01ed7723e89588070ce459db79245879bf8f2f,11.639349,11.6267,0.012648999999999688,2,1
0x1d0d0dc20f8d1a5c818afce899c98dad61c54b2e,13.379999999999999,13.35887,0.021129999999999427,2,1
0x1d2272734a719718e06dd16cc6fd7b820ab5bd7f,0.989989,0.97263,0.017359000000000013,2,1
0x1d384ee3060c56950eed955a850420fec4f018c5,619.3760040000002,0.0,619.3760040000002,1998,1
0x1d3a1b56b2ff1d90f57f03f88d97b6ce63cb60d0,10.54886,10.51715,0.03170999999999857,2,1
0x1d3e66f82711338a3c45452f0a37914d3dc99a55,7.904,7.96,-0.05600000000000005,2,1
0x1d5121b2a213fe16924815cecc0d6be65fe8a0a8,0.20999400000000001,0.0,0.20999400000000001,1,1
0x1d618033f0a1fefe4a91d6743e6e8902341f60a6,189.43,0.0,189.43,2,1
0x1d75500d153e8a00f645a2d943bda54b53b578b9,99.999998,0.0,99.999998,1,1
0x1d7c3c9f58af02de1bca54f7ba818d015b5b86dc,2.3099990000000004,2.2704,0.039599000000000384,2,1
0x1d85e8225c90f8419c323663250bb45ab21940fa,74135.24952000001,0.0,74135.24952000001,9995,1
0x1d872d2aabd9fff41140a50a8c7e96ca384d9e14,1997.829833,1.99982,1995.830013,2,2
0x1da55446e3148bcc5bcc9a9b320c347eed619423,13.324,0.0,13.324,2,1
0x1db2cee62b72979410a5c310b3421e4f91cc38ad,1511542.4294000003,0.0,1511542.4294000003,15991,1
0x1dc29860708e004f69c01281fae500bb50276f71,13146.700140000006,6.55661,13140.143530000007,1999,1
0x1dce976cc39ca08c3f54d2c30f9f66876b06418b,98.99999799999999,98.89721999999999,0.1027780000000007,2,1
0x1dcfb9039a2392aa788f2818ad68a9e903d3fef9,0.14999900000000002,0.0,0.14999900000000002,1,1
0x1dd1f095200b2d8951343333ccf61121b02a070d,4.999999,0.0,4.999999,1,1
0x1e035232ea0318443aeff3c9f1133c33d2f56ca6,35.559999999999995,0.0,35.559999999999995,10,1
0x1e0b928ec9713f210ba88a8c1d8621f16ace7c3a,378955.56999999995,0.0,378955.56999999995,3997,1
0x1e0c9f17f9a52d51e5c16ffce93232b7cae3710b,14841.29137,0.0,14841.29137,2002,1
0x1e1345724fb600430e2cb55cfac9a405415b3f33,0.579994,0.0,0.579994,1,1
0x1e16a008e195c8a0184543f85e9afd7c263cb63f,1997.9960039999996,1995.1628400000006,2.8331639999989875,3996,1
0x1e18414eeaaa4117d9ea8ab0555e0d1dbb35b903,6.959998999999999,6.7002,0.2597989999999992,2,1
0x1e22a4a9153653b85140e1020ada8ef437e34965,7125.4299999999985,0.0,7125.4299999999985,2003,2
0x1e2f453b3ea2a1baff2382ddca0eeab9682db265,1.0,0.0,1.0,1,1
0x1e3838c3e5a04fcb5b7506ec748010e8d20d5d7f,948.71911,95773.07282,-94824.35371,2011,3
0x1e4290cecbeabb254461ce53c4f32e8390ef68a5,0.11999599999999999,0.0,0.11999599999999999,1,1
0x1e5d4b5c9a0807571c0e27b1fabe038b4132ad4f,2421.608498,2154.555,267.0534980000002,4,1
0x1e6747494d215bf8e8d4bea976c2d7cf48073d5d,239.7600000000001,5.089,234.6710000000001,2000,2
0x1e7a470f16accae9083be303770790e5272c4f0b,0.9999749999999998,0.0,0.9999749999999998,1,1
0x1e7bcedcd8e0287fe20c2e67b2c33557bb8c91ac,578.84058,577.6817400000001,1.158839999999941,3996,1
0x1e90b4f1d450aa3aa18f404fa535e094a3a3a521,7.999998000000001,0.0,7.999998000000001,1,1
0x1e923ec32c4ff949e24dca20daabd65e005532fb,0.1,0.10110000000000001,-0.0011000000000000038,2,1
0x1e960717e9811310bb74bc6c11fa52f6c12cea9d,5734.508,29.91,5704.598,2,1
0x1eb3085ad604419ff51d1c37dbc78356c71bc7df,4.975,19.96,-14.985000000000001,3,2
0x1ebdaf2e6570867c2e0da260c0850dc17722a8b4,9.937,0.0,9.937,2,1
0x1ed39d218de032c0fb6b39e1795fb0971c82f4e2,2077.846074,0.0,2077.846074,1998,1
0x1ed6094cd32d58dccdd5f492e01bdaf91d3b58b9,4.999995,0.07854000000000001,4.921455,2,1
0x1ed7d102d7a39a542ba1b5d4354df26a5eef7dd2,279.51892000000004,0.0,279.51892000000004,4,1
0x1ed9194f70cfd1010dc5b9ed920eea37e20d2f7c,1.159998,0.0,1.159998,1,1
0x1ef6e065f2576d28280006dc88243115cbc412a6,0.999984,0.0,0.999984,1,1
0x1f023adc2d51a1407355fae6969c03c97ad0034b,956928.5760000001,0.0,956928.5760000001,9998,1
0x1f0a343513aa6060488fabe96960e6d1e177f7aa,915275.3097200003,0.0,915275.3097200003,2003,2
0x1f0da8bf992ec506f17ac4da634703c97969e766,0.999999,0.0,0.999999,1,1
0x1f0fd2ef05601679fb29ff3b3d5c6caf1c68e505,135243.10751400003,134958.40649999998,284.7010140000493,3996,1
0x1f1596334eca86845a6681e79a6ca04fc2dc9d34,9989.960039999998,9910.279799999997,79.6802400000015,3996,1
0x1f170ed0cf817e6bd72db07bc3e7c1596ad0bdfe,0.9999749999999998,0.0,0.9999749999999998,1,1
0x1f26940aabf96fdea91d83ab7019f28e7a514fbb,24.469506,0.0,24.469506,1,1
0x1f2ddeeeebe940959bba8ba0a940213692e6a629,4214.30148,0.0,4214.30148,1998,1
0x1f542a9e0b46e9b1f86ecfe29158ff0f0fd95f86,1.069998,0.0,1.069998,1,1
0x1f649435128cbccb46cb07fb67f8deae5e4e0e0b,1005.928,1002.3800000000001,3.547999999999888,2,1
0x1f6684f59a4fff3c821209054536a659790a4e02,50.869080000000004,50.81816,0.05092000000000496,2,1
0x1f6cc9f9114acb687b43ae5b122ea98a2988537c,0.999999,0.99485,0.005148999999999959,2,1
0x1f70e2b3c817161bd865128546de1eb1cf84df7b,74114.62936,0.0,74114.62936,9991,1
0x1f7c066e06c945216d557c8b0c3100ad969d99a1,35524.43999999999,0.0,35524.43999999999,9990,1
0x1f97ae777576ecb2effab3d763144796cea605e2,19.999998999999992,0.0,19.999998999999992,1,1
0x1f9d6d24c180ca419ccc049cae0234bd17e44c49,0.039999999999998995,0.0,0.039999999999998995,1,1
0x1fa5ae1fa256722aaa2998c8440f43d5531526d0,778051.1700000002,0.0,778051.1700000002,3996,1
0x1fb75433098c730214d1a07a8426cf9841e2699d,4.719998,0.0,4.719998,1,1
0x1fc503b13414ffb0f2684f56ab72cf3658041761,51.699248999999995,51.6465,0.0527489999999915,2,1
0x1fc7d00311d9c56733f2e217db64dd646d16a2f2,16.999944000000003,16.927049999999998,0.07289400000000512,2,1
0x1fd0b45ad25e1ed781e21a192164fd01d775e7ed,1.999998,1.5946,0.4053979999999999,2,1
0x1fd1790b6d5dd7e484dbbfa4e02c877a4a010e19,97.999998,0.0,97.999998,1,1
0x1fd8fd0cb1e923e9a6d44078909459360fc3741b,148.29,87.31329999999997,60.97670000000002,5,2
0x1fdaf2c85fd5fb5e8683f92227a2c2129c0ae2e3,1997.9960039999996,0.0,1997.9960039999996,1998,1
0x1fe211d6c7e25760611d8024c7f69d7ec231c004,0.159852,0.15872,0.0011319999999999941,2,1
0x1ff3e601c71eeace38943e62888a5bb91bc7744b,0.759981,0.75468,0.005301,2,1
0x1ff445901cc0c02d1cfb3e082b7dc0716163205f,357.82872,0.0,357.82872,5,1
0x1ff6cc58b7aa910dab8a3ab3439f35ac80ded757,59317.56252000001,0.0,59317.56252000001,7998,1
0x200ccd161caed4301860dd821b7ddeae0646ad53,5.659999,5.4912,0.16879899999999992,2,1
0x2023ac17d35a16fc04f167a24ab1dd56280bf621,1.169996,1.1352,0.03479600000000005,2,1
0x20275a9ab620f052e90a43dc4a7eee486cae6d60,0.010000000000000002,139912.11698,-139912.10697999998,2002,4
0x20322d5ab3ce70a98ef4c484c62a94147217d577,1119308.0619009994,84.10399999999998,1119223.9579009993,4015,3
0x204b8ddb5f98eaad0d3e53ce7774676ea8102073,14.999996,14.93331,0.06668599999999891,2,1
0x205833d8bdd124e62281c489bfd4d8546496334f,2.459982,0.0,2.459982,2,2
0x205efe9b5ef6c2d1accf2e42e3b70d50eac37a60,756389.05,0.0,756389.05,8002,1
0x206cbb324706311b0e65e8339f2562c29014b084,10.82742,10.8057,0.021720000000000184,2,1
0x207eb4b7b127fc783303176f062e3964bdee6f5d,10.999998,0.0,10.999998,1,1
0x2093d5732f57601a95bc52ca1a1d462c5384b4c2,0.169998,0.16405,0.005948000000000009,2,1
0x2097e309a8c16ba587fc07c0277c18c6c5375fc9,189430.37999999995,0.0,189430.37999999995,1998,1
0x209bb39eb26266b626da148f07d60b0fdde16a19,2.749912,0.0,2.749912,2,2
0x20b990aac5d35eb1c7179e7133f42c65d2a7edfa,18.541439999999998,0.0,18.541439999999998,1,1
0x20c1c36840a0ceed14744ff10dcb86ac9f9ad49d,59315.41478000001,0.0,59315.41478000001,7997,1
0x20c6012b6d1c60090a203802977f0032c6ee9181,5667.664,0.0,5667.664,2,1
0x20cf95193ab6f3ea8685745a7e1c521393d6ec11,0.9999680000000001,0.99384,0.006128000000000133,2,1
0x20d42f3313d9f03a02b9f041a9a33143026a8334,51.319629,51.26726,0.05236899999999878,2,1
0x20dab4dbeadec49ea32be18dc740009bb6d2f90e,777661.5600000003,0.0,777661.5600000003,3996,1
0x20e0224e83781538ec8a383fc08465013e5b3ad9,0.39,0.0,0.39,1,1
0x20ededadf78cfbe41e98cd229b3f0c95820206d6,574559.1359999999,0.0,574559.1359999999,6003,1
0x20f4e20e8571fcfe9ea46845b92cd0bd2f89722b,0.0199999999999999,0.0,0.0199999999999999,2,2
0x21064fd320bfd5a86f8c92a94d3209edf4154dea,352.8,161.8792,190.9208,6,2
0x210895fd9c664d44a7545c6f460e01f7a1825b86,566960.9499999998,0.0,566960.9499999998,5998,1
0x2127a7ad5d7a193a532865bbe7f66b8346f819d4,45953.916084,45240.79391999999,713.1221640000076,3996,1
0x2129341b1968675fe45812130252249892e1f3a3,59319.79066,0.0,59319.79066,7998,1
0x21378fd64736103b01685aee2b1e5acfdc4f0677,2801386.25019,895.4413,2800490.80889,2014,3
0x2139ff880571f8223a56544ca433756b8d014b34,0.0,486124.10927999986,-486124.10927999986,1998,1
0x2155ce4b018e2638f43f8b144786d35afff61a38,0.0,9.94,-9.94,1,1
0x215fd05388dc36996376b3859a75d681b4a70b1a,59295.414600000004,0.0,59295.414600000004,7994,1
0x2161f541e8af8d95518ec9b2c173e3f7ca3679b4,0.0,41357.101500000004,-41357.101500000004,1998,1
0x21691584db1091f064dd59ccd8dbcd4993b7970a,0.25999700000000003,0.0,0.25999700000000003,1,1
0x217a7a6cccadadfbe432189750c8b4022c924d04,0.199999999999999,0.0,0.199999999999999,2,2
0x219ba5cabbbf0a07e5e10809177cdd0d1505bbd9,0.659997,0.6499,0.010096999999999912,2,1
0x21a270a2eaa2eddee64e6864a11f4c2ebfc8866d,12.119999,12.8997,-0.7797009999999993,2,1
0x21c4ae6c0dca3dbd1a01700bc369052b92d1d737,7991.992007999996,7968.023999999999,23.96800799999619,3996,1
0x21d0c129deb8a7f7e1569045200d20e23862ce91,28.000000000000004,0.0,28.000000000000004,2,2
0x21d408ba5fef67a82debf8c0c85e5fe079290727,187854.08843,0.0,187854.08843,2009,1
0x21d863a6fd7859fd3da39bb8139b2b699c72ed1a,0.10999900000000001,0.0,0.10999900000000001,1,1
0x21da9e797104923278f22c5511cabff91f6457f5,18.999981000000002,18.94155,0.05843100000000234,2,1
0x21dee2c370d8a55de68fae89f0633b075e4259cd,189525.18999999994,0.0,189525.18999999994,1999,1
0x21f90e5ff30c12f52fbb2fb220aa268f22faed12,0.0,100.10891999999758,-100.10891999999758,2,2
0x21fe77f7c7861c5f0a70a26ae86dfbaf1c5eda90,139974.3632,99.3,139875.0632,2002,3
0x21ff397760d3f0ad69065f6445d71c804ab86034,31.769998,0.0,31.769998,1,1
0x21ffd2b7a212a6f277ed3eca1a9f8efcbca90d71,0.0,574.1368000000001,-574.1368000000001,12,5
0x2200cde9da2c2ab3ac028ac73878f88ab6a1378f,189145.56999999995,0.0,189145.56999999995,1999,1
0x220dac473b16cfa2dc3a4325c98e2b51f8c09ac7,0.0,5.555199999999999,-5.555199999999999,1,1
0x220fbf69e1da74bc616e481900c3873f7b9c5ceb,261.30116,0.0,261.30116,3,1
0x221aae09b63ace960801983c4972d513d9bf6b45,0.299979,0.0,0.299979,1,1
0x2228b4e815b4fdc06549043b8dfc845901dbb1a8,2.209999,2.1716,0.03839899999999963,2,1
0x2246f08b85637394ea7c4f501074907f5ddaf487,1.0,0.0,1.0,1,1
0x224fa5d013ffdeef1d13fd92f731e32d31148f0d,1.9999999999999771,0.0,1.9999999999999771,1,1
0x22571e942cf99b76a1d1556eeee545a3dd7f754e,6.999924,0.0,6.999924,1,1
0x2258cf9f15c724da8e9e19304f85deb632372b5b,380814.88391999993,0.0,380814.88391999993,1998,1
0x226194b81622e24d7c6a6b538fed4af71aa7bc51,380814.88391999993,0.0,380814.88391999993,1998,1
0x226bf1220731af372b1e7d572959414f31b4cad6,0.0,1.62,-1.62,1,1
0x22797ff78e006f7d4e9bcf6f2fdf56790f122394,63338.394469999985,0.0,63338.394469999985,2004,1
0x227a0acc1933d8c94103aaeac539d480d8f517f5,14.999983,14.94776,0.052222999999999686,2,1
0x22810c8c83dfa8cdd029831dae10881d7b81bcc8,0.0,33422.54400000001,-33422.54400000001,1998,1
0x2283431e7f0dea6b261d6ee7cf993810411b2e59,4.379958,4.36696,0.01299800000000051,2,1
0x2289d97773378dd2356462383776241d9afa439c,10.999998,10.9716,0.028397999999999257,2,1
0x228af2b3256110fceb8ad1a8ea16a59420231094,0.68366,0.0,0.68366,3,1
0x22906331e247a469c03591413a02b7ab9d1b3aad,0.09998800000000001,0.0,0.09998800000000001,1,1
0x22a9d2a18129715351bbb8f081fad758d4c21afc,9.999999,9.999,0.0009990000000001942,2,1
0x22ae1ab5e78ffcd7abbf4871949e705ac91ce931,265.999996,357.87209999999993,-91.87210399999992,5,1
0x22b0f403bf4d2693aa15265d2ed34df4cbce6940,0.79617,0.0,0.79617,5,4
0x22c9d2960ea38284dd79232b68ea2c4630a4fde5,15.239982,15.20412,0.03586199999999984,2,1
0x22d490ecce32e0bf5ab3a1d4bd31e0c7c9f37638,37.316,0.0,37.316,7,2
0x22e890ad6b2b4d0bf0bca367df8a677588d19c92,52.889999999999986,0.0,52.889999999999986,14,2
0x22ee78f830a54695c27bdb4a066612d064c0fbe9,39.5,0.0,39.5,1,1
0x22f5bc3d8d09b9fdf961ca285aa1abef912f74f4,63502.21757000001,69.73955000000001,63432.47802000001,2008,1
0x2303316b95d8a3db971089c7b677c1c9d50fff5d,356.01616,0.0,356.01616,4,1
0x2311c1ad6d2acc23abbb91792b30c043814d46b0,1.025,0.0,1.025,1,1
0x23127fd944b69299bfba417fcf9afd5a6f76dfa7,1.032,0.0,1.032,1,1
0x231b27505cedcd0fc5ef055048b39df0bce40246,11.779566,0.0,11.779566,2,1
0x233194947484d44e615fee4b971691b9317fca3d,15.999998999999926,15.238,0.7619989999999266,2,1
0x233f8cc44b8b42c7664a3df6d2452f54aae1aa8a,313365.07647999993,0.0,313365.07647999993,6002,1
0x23658ba00916b5751b8a3d6ddd88bd22dc6f4bfb,832.7875999999999,0.0,832.7875999999999,3,1
0x2368e6936f6f3a7b93e859c3ebfa4714ece687b4,4.975,0.0,4.975,1,1
0x2370621def71aa1a498ac2195c5b72b22c80e6a8,3.899986,3.8887799999999997,0.011206000000000493,2,1
0x2370d48501dbbe1974b6cf228e77d459f4870e10,0.0,1000.1820299999999,-1000.1820299999999,2006,5
0x237561579bc35e42bec4f1ffb5418f34d22bdd7b,36.574,0.0,36.574,5,2
0x237ce411ce7953132e6ebcf1e0b552866af85e41,2.9999879999999997,0.0,2.9999879999999997,1,1
0x2385431e13328dc91ada9372885776d541381abd,0.0,0.036000000000000004,-0.036000000000000004,1,1
0x238be6a7b4a86184072716a9d07c336f50b96664,9.99999,9.97997,0.020020000000000593,2,1
0x239cf893a456a88fa1779615b933ee3a9608a148,1656.6816599999993,1655.0233200000007,1.6583399999985886,3996,1
0x23ade5e594560e475234d1b996ca87ddfdba7518,1.319679,0.0,1.319679,1,1
0x23af33ef68b17f3954b45eefe4db6cf4861ea839,35524.43999999999,0.0,35524.43999999999,9990,1
0x23c6fa946aef9dd9c59f4df1ec4055665358c047,67.19986399999999,66.82897000000001,0.3708939999999785,2,1
0x23ccbc88f7b73253e6727073ef70509b4468a44e,1.006,0.0,1.006,1,1
0x23d64fe29eb3a86ca2495790e90f795f64d6f7b5,378575.5699999999,0.0,378575.5699999999,4001,1
0x23dc2c3e62cb9ffb9a0db413ef4f3f8238188f8f,17.999973,17.92392,0.0760530000000017,2,1
0x23decfef9c0943de24dca47461750d8f192644f3,380814.88391999993,0.0,380814.88391999993,1998,1
0x23e2107d78483b462355a9e424bb4a2698b0cc7f,755727.3750000001,0.0,755727.3750000001,7995,1
0x23e6f6b15a110d92127ed70f4ba9d4af5ccd41cf,95.712,0.0,95.712,1,1
0x24039ce9aa612f269e73f7456bae2ae380563ebe,519.4100700000001,0.0,519.4100700000001,1998,1
0x24072c0a2da05b94a64a8ca29639fbab44ad8afc,1.0150000000000001,0.0,1.0150000000000001,1,1
0x24371780af8be5e7b2c24da03aa911e09de09e94,8.892,8.883,0.009000000000000341,2,1
0x243781e74904e67210bdade65a372d3f05bbc56a,0.4,0.0,0.4,1,1
0x2442cf1a8d257fcecac5bd91b11272dbf8d8f6da,1.419998,0.0,1.419998,1,1
0x246a11d10f8066b63a80e88e9e097173a56c172f,166.992,0.0,166.992,2,1
0x246ec4729f58c23ec2686644a2b820482d80c1fe,5957.062,25.922,5931.14,2,1
0x248553eb1135ef51a528e6b5f57e0c77439be0ba,1339010.8800000001,0.0,1339010.8800000001,13990,1
0x248c2de51456871f7229575d0d63042786537618,1.9499989999999998,0.0,1.9499989999999998,1,1
0x24b40e8758860ebfc2b220e16c20352331248d76,92327.068512,92037.87000000002,289.19851199997356,3996,1
0x24b53bd4907dcee122214eb932f99d46a30194e0,777661.5600000003,0.0,777661.5600000003,3996,1
0x24c008069336bfa92d13924b2d0ea524dd1ed4b5,380814.88391999993,0.0,380814.88391999993,1998,1
0x24d094d6cd7f5ed42d97fc5e2932ac30d586548f,10.669881,10.63432,0.03556099999999951,4,1
0x24d4c67e69606d5a3900fc338d96ec599b336430,181.769049,181.5861,0.1829490000000078,2,1
0x24d731f4377cfb2552ef625d8e3a09b614619407,3.999968,0.0,3.999968,1,1
0x24d9ba00c8bf9c8182eb194097005f08a4586cf4,1.299699,1.3473000000000002,-0.047601000000000226,2,2
0x24de5073e419f98a6f98a924467c71789d588079,378955.1899999999,0.0,378955.1899999999,4001,1
0x24e34189a24e0ed4b1028dd3e2ffafecc5156ddb,233.57146,0.0,233.57146,3,1
0x24e519a2874968cb35c0b1753241693c51d21093,0.0,27214.758000000005,-27214.758000000005,1998,1
0x24e57c3d8c93a8d056deed205bf911b1dc4f195a,0.629738,0.62559,0.0041480000000000405,2,1
0x24f86b62a92d24e261282a349aff7d8e62b4052d,14.7,14.63636,0.06363999999999947,2,1
0x250ea552ab599ae10c88b41270c559725759e864,1031.112299,0.0,1031.112299,4,2
0x25132fa152f5c8408b53d2f039006cd1777fc485,10.88818,10.85545,0.032730000000000814,2,1
0x25184589fb8582c57a70f83f75e5db437cca1f8c,0.9999979999999999,0.0,0.9999979999999999,1,1
0x252d43ab9025568690300682f082d44097a72cf7,4.999998999999999,0.0,4.999998999999999,1,1
0x2533c99fc9cc3a457e25748ca3b4e3c8b9a05ab6,99899.99600400002,0.0,99899.99600400002,1998,1
0x253c7cf953f82f2c9a977b600c30415464c6619a,0.999999,0.0,0.999999,1,1
0x254359ef2beef363f0d7387d541a80630452208a,105296.207442,104976.08865999996,320.1187820000341,3998,1
0x256195d103a0873734b911da2fa6633fa15cb281,1133543.8000000003,0.0,1133543.8000000003,11992,1
0x256881694aa9f17fc3d6e38c371714e3bc36cd66,1.3099989999999997,2.7612,-1.4512010000000004,2,1
0x2570ee7e571d756f1c025abf6f27b60938660b4b,0.0,1993.1248799999998,-1993.1248799999998,1998,1
0x25783f370f9d07cfc939dfc0c2234426d9ae19ea,1.229811,1.22262,0.0071909999999999474,2,1
0x25831873e63bd4e3ce8f2dafed5dc87832130626,0.0,10.82916,-10.82916,1,1
0x25aad50003229d21454e03b3487bbe98a5f90b17,1997.9960039999996,1.00572,1996.9902839999995,1999,1
0x25b04fc432323a30adac3d59ffcbec0cbd7bbbc1,0.0,0.264,-0.264,2,1
0x25b9a000a1a5eacb268ab72aba0070a7e73250d4,4.7299370000000005,4.71786,0.01207700000000056,2,1
0x25ba42bd3a02ade99c68257581447cb96f94bb85,12347.612028,6.15984,12341.452188,1999,1
0x25bf7f2b7c1a09d06873607063adedf8e097a447,45.900000000000006,44.752500000000005,1.1475000000000009,2,1
0x25bff97bcef7128e8d48db1bae108fae5e720bef,0.0,21156.422400000003,-21156.422400000003,1998,1
0x25c11edebc813b5e9422d2e2a62f0429ce761624,100.0,93.75,6.25,2,1
0x25c951f8fca7ccc7dc7e80aa31dafcae1a683df4,769645.6639200001,0.0,769645.6639200001,3996,1
0x25d1aa6d7d3f2e1cdcf56c90de1baffa56cc78a9,568101.1400000001,0.0,568101.1400000001,5996,1
0x26017be231f4c5abbcf238e1735a4986e1e104d4,0.0,9.965,-9.965,2,1
0x261d08ebc3d2d29e83571b1ccff98dc7b4e4c472,777661.5600000003,0.0,777661.5600000003,3996,1
0x26200ae4614f3ebe8c0e955d61be455bb93a525c,899.9999959999999,897.31563,2.684365999999841,3,1
0x263503cdf73d440de7456abc29b8b65fdb7eef58,14.999985,14.967189999999999,0.032795000000001906,2,1
0x2639d0fbcf98b45ca78e966920106a398c5391b7,15.999953,15.9058,0.09415300000000038,2,1
0x263cddc20b9eee270ed6ec9405fd985a05def052,568100.95,0.0,568100.95,5998,1
0x264251aee3feaf494f0e8760c3c8c2ffcbd9c8ae,0.999999,0.0,0.999999,1,1
0x2649446d6702deaf3fe947dd2ded105ddf9b0a9f,378860.7599999999,0.0,378860.7599999999,3996,1
0x2655e22a2b23c964afedb3d68c7e0acaed169f66,9.99999,9.97997,0.020020000000000593,2,1
0x266578226dfde31b148f03d89dee5d8787ae1c22,98.999958,98.69405,0.3059080000000023,2,1
0x2684c8eeab3c404208e1776063b5fe66e3b3977f,0.21978,0.21934,0.00043999999999999595,2,1
0x2686ac710142efaa913ff46ff7fd74a4bc493830,214.63514999999998,214.4203,0.21484999999998422,2,1
0x2689568f45f37dd4db611a47ec8db45a9f764cea,0.0,0.45,-0.45,2,1
0x2689b48a8b2980327a8154895a72ad5369b4bf6b,418.34992,416.34992,2.0,4,1
0x268af69174546d9d217c9e5442f4dca4a12ca014,2.5693150000000005,0.0,2.5693150000000005,2,2
0x268b5dd72c80e14dc6a226e40ee08eeea0b78754,0.099999,0.0,0.099999,1,1
0x26a940044dc9e950dd6ac25ebdf7b3c0187a112c,65.88999799999999,65.5522,0.33779799999999227,2,1
0x26b0167a8fba02553e5cdb245f1dac68019cf935,27772.19600400001,26992.979999999996,779.2160040000126,3996,1
0x26ba428add30267c4ccc9d519ab78c8207e625b7,7111.999999999998,0.0,7111.999999999998,2000,1
0x26c393c06847cdceb2a628e611ff725dc2868b42,522766.98520000005,0.0,522766.98520000005,6001,1
0x26ce529d6cf89f78eafc41bc0c41cbb06e69c3db,1.259998,1.2352,0.024797999999999876,2,1
0x26e8c23ff987f3a6344ba445c0909392abb8c032,98.99999799999999,1.0,97.99999799999999,3,2
0x26ed17fd1bed04ce1511c2803202db67c41fe11c,8.99992,0.0,8.99992,1,1
0x27004ddf3299f5ac596dfc0376db6ceb067fbf0a,5662.652,16.949,5645.703,2,1
0x2707f2e693b3d20b5a17b603c532571108140afa,42.01462999999997,0.0,42.01462999999997,2,1
0x27121284c692f0542a61150cd0a83dde4794dc81,313200.90997000004,0.0,313200.90997000004,4001,1
0x27335d005cc36a65d4be75f9386d4b14f9e57f6c,1.016,0.0,1.016,1,1
0x273add163bab3d2b389702e7fbfe535db06726aa,0.379857,0.37848,0.001377000000000017,2,1
0x273b9310e163ce9a0e3cbbc7deb3ba4da7e76b75,193418.38800000004,0.0,193418.38800000004,1998,1
0x27413e568158d9e582851f3a837b8a1a4d200865,17228.982499999995,29.2495,17199.732999999993,2016,3
0x274238da4443c07ccfe09904717d19ae535c6955,388830.78000000014,0.0,388830.78000000014,1998,1
0x27431e7aafd4833b9f8502621d4d1ca18605abb2,0.9999720000000001,0.0,0.9999720000000001,1,1
0x2744bff781c950a174610894d184d0e514d0a65a,6.662,0.0,6.662,1,1
0x27485ed3955c0b2fc55a15f17b12030f1ca54b2b,1.3499619999999999,0.0,1.3499619999999999,1,1
0x27529bf48c92c2e1c732de36dddaf4250041a0a5,1.4499980000000001,0.0,1.4499980000000001,1,1
0x27571dc0507c2e5306d581ab2225e74047d02fef,25.759877,25.65514,0.10473700000000008,2,1
0x27621dadc65fa6e1ad2105b4500a6a7b584ed65a,39.999990000000004,0.0,39.999990000000004,1,1
0x27684bdbae1fdb639775c6441a8bc35eea928ecb,187248.188,0.0,187248.188,2000,1
0x276971bfc58033c1ac2a52493b90a2d5ed1c6ed7,1997.998001999999,1992.0059999999999,5.992001999999047,3996,1
0x27731b63ca33f26205e72f7e8f9452268e1d0d04,27.339711,0.0,27.339711,1,1
0x2773944b9ebb7a25da70d912c47f76d0adecfc34,1.139859,0.0,1.139859,1,1
0x2778a206dc83e81b350aaa7d1eaf60017f6a4705,189619.99999999994,0.0,189619.99999999994,2000,1
0x277e9c665168b656dea4f0b58f138f77b846df3c,5.999942,0.0,5.999942,1,1
0x278169930cc15c531a0511d06b4484ad270d9968,5622.732,19.94,5602.792,2,1
0x278b93409381475cc85fd41a23441ebddeff3ad1,1.999998,1.9999499999999997,4.800000000027005e-05,2,1
0x278e3add0d5bc2af811cb3f5408b0fd1e0dbe68d,6.662,0.0,6.662,1,1
0x279227b3c3ee608b63e8c53392d88e38fde568bf,51067.71117000001,51006.622319999995,61.088850000014645,3996,1
0x2792c47187077778562a8ee17364723761c5bed0,49751.99599999999,0.0,49751.99599999999,13991,1
0x279602bf164ff1e93edb65875f86f17501259f98,12.831100000000001,0.0,12.831100000000001,2,1
0x279d2ba4d280426ba6bd6b760a7c9d954f17601a,12.999792,0.0,12.999792,1,1
0x27bbeab2ee16312e196997f13da2bc6f70ae9b6b,314815.97242999997,0.0,314815.97242999997,6002,1
0x27bd67a861a2bd515838574b030661450fa4893b,7.9999980000000015,0.0,7.9999980000000015,1,1
0x27c870c2af01de1dcc93e07648127be07524ebdb,187586.49633,0.0,187586.49633,2006,1
0x27eca95e668398bd6cb6bbf29d06d6b6cc5d681e,0.9999979999999998,0.0,0.9999979999999998,1,1
0x27f1212f348b123c0b1ccf36b40fa2c87e72e35d,187200.37128,0.0,187200.37128,2000,1
0x27fb9cf6a160041ac965e1a8c5c53eb563b67ee0,19.986,0.0,19.986,3,1
0x27fca8995718eaa4a3e72960147c7b6673cf346e,2.999997,0.0,2.999997,1,1
0x2804b6f83039f8b9f76a2ccff76b13f1e2be6892,1.8499980000000003,1.84075,0.009248000000000145,2,1
0x2808f33fcc3b5f8250f37627208b83dcfb6f4bda,1.189998,0.0,1.189998,1,1
0x280c166936fa6e7c171310ec2021780c22c5976d,1.0,0.0,1.0,1,1
0x280fe7ae15a9fb9db53b816067832e11b6a4f060,20.679299999999998,20.6586,0.020699999999997942,2,1
0x281a32eae8c684d3454e7d77b1a3c09acabd6b72,0.01,0.0,0.01,1,1
0x2840b2e5d95cd7d284bf69a580f7a084ae740f7a,522411.06403999997,0.0,522411.06403999997,5997,1
0x28466ae6afb33fc46d6971d958708b36b3710d91,956545.7280000001,0.0,956545.7280000001,9994,1
0x28726d88346120c4668a04db3dad37101858f455,0.0,0.46199999999999997,-0.46199999999999997,4,3
0x287bb89f52e4163a1f99ce76156c6f488b541d81,0.03,0.0,0.03,1,1
0x2892ea81ccc646db98819a1c7ac03c56227d71dd,84.53999900000001,0.0,84.53999900000001,1,1
0x289f973156002e0dc6d8fa5828bc078d57253722,769645.6639200001,0.0,769645.6639200001,3996,1
0x28a960f48df0056f8b7b3a1a73d39833be657ddb,5.999988,0.0,5.999988,1,1
0x28baa47a381e66c7bf6e3fc30b056ced3dd1a154,388830.78000000014,0.0,388830.78000000014,1998,1
0x28c34c7cc2a497d2b988601b9d1653a1d077ac98,0.20992699999999997,0.0,0.20992699999999997,1,1
0x28c37414b4cde637e73ee9912431959a7502a9be,611.249998,0.0,611.249998,1,1
0x28c9b261ab0ce7e1af1470665625a0204dfe6424,0.549993,0.0,0.549993,1,1
0x28d4125f680c1717c93b036051627b496b0a846b,574367.712,0.0,574367.712,6001,1
0x290dd7c332119e3d5873096ad98da819fbefbd53,379145.18999999994,0.0,379145.18999999994,3999,1
0x2918b2198453b1a2d3e5ffe7e7d9b7630b4d97c9,284.145,0.0,284.145,3,1
0x29228807cfcd1185a7809a2e5a18634ca8e5f2b7,10.0,0.0,10.0,1,1
0x2931cb575c000e72025f1de6c38ffc6467757525,5949.078,32.901,5916.177000000001,2,1
0x2933bbca34e67e4a24cdb8ca020d78975827aed9,4.999999,0.0,4.999999,1,1
0x293bcda82245a0830a0428cd8d08f710df6a351c,10.399997999999998,10.30308,0.09691799999999873,2,1
0x29596ce0095bcd6607f364d31ba7ff15983cc32b,956450.0160000001,0.0,956450.0160000001,9993,1
0x29642e021da3f8c0e307a017a53cb4ade1b5a439,1.0,0.0,1.0,1,1
0x29680e0f8635a319fe9f4916bb6d944e05dee50e,50.69925,50.6485,0.05075000000000074,2,1
0x297ae5549b019004ac588e89ad1cdc72d266f1fc,119.44958299999999,119.02477999999999,0.42480299999999716,4,2
0x2987b2f129224b3fbe284b696f95796c90a7500e,0.799897,0.7976000000000001,0.0022969999999998825,2,1
0x298e780bfcce266ae554c93c4d09e349315653a3,0.04,0.0,0.04,2,1
0x2998cde8237a4482847009d306ce8e06a692987c,14.999983,14.9326,0.06738299999999953,2,1
0x29a285f8966cd667eef5512925cf76640f71b9a0,0.9744,0.0,0.9744,1,1
0x29a97762cc9adeebc7998009de039b6821e07ab6,0.02,0.0,0.02,1,1
0x29ae3975ed9cd558e6e4291a497ff60104b93349,51.619329,51.56666,0.05266900000000163,2,1
0x29aeb3c45ba6c2eb684da685fa488396fe0d671d,1928122.1078400004,0.0,1928122.1078400004,9990,1
0x29b7071e8e6f02790b4da3b36271f0678b54ca5f,0.999936,0.0,0.999936,1,1
0x29baf588411df3425e18864d7ab44dc379bdb5fb,0.999984,0.8944,0.10558400000000001,2,1
0x29bcc7af3a4c21a10d313226233f1730e9c8da63,0.879998,0.87398,0.006017999999999968,2,1
0x29c104b1179de3da4113d16d4feabfb40db310a8,189430.37999999995,0.0,189430.37999999995,1998,1
0x29c355179bba796a71faf6cdbd324ec61bee6219,9.999998,0.0,9.999998,1,1
0x29c930b5c9a516786ea2543d9ecb4085055fb5a9,0.045,0.0,0.045,1,1
0x29cef3960e92691d92fba8d5d26ee8fa22496b06,12.999997999999998,12.88035,0.11964799999999798,2,1
0x29cf258ee217b15a69c843eaff45ace8a446f9c6,16.564,0.0,16.564,2,2
0x29dbf7f32629f7e33190e65d2231ee72e9e5d2b9,143503.48268000002,0.0,143503.48268000002,1999,1
0x29e98d9dcc9013b55fae61f8832e34129b93c580,59303.755900000004,0.0,59303.755900000004,7996,1
0x29f40e92f369c947ea2396f3fa206034bc3f5cd4,379.05,0.0,379.05,4,1
0x29f6f7d2371bfbc2cc7394f4b84f58d880e24282,143598.29268,0.0,143598.29268,2000,1
0x29fb016212d0e26e725f198fb1559768703db3d9,4.999985000000001,0.0,4.999985000000001,1,1
0x2a010971eadf303eaecfbb0e64883f3bc6f10b06,0.9,0.0,0.9,1,1
0x2a0152c0dcb94db793d51bbadb1fcda969249959,438291.67879000003,0.0,438291.67879000003,5998,1
0x2a1b6d9129205305a7f2adc295e037dc45e6dc56,0.6399990000000001,0.624,0.015999000000000096,2,1
0x2a315a8d15cfde768bcd47ba5cacf3ef5894f2f0,29.7,0.0,29.7,2,2
0x2a339415b6385b34379ddddbe68d9bdbb6c8c087,9.999997,9.7825,0.21749699999999983,2,1
0x2a372a2fcb0a25f8889edc37cfb91ac71dd9ba8a,7.999994,7.398300000000001,0.6016939999999993,3,2
0x2a4b4010be87f307b0debbc6f087ecac54396b7c,6.979,5.982,0.9969999999999999,2,1
0x2a4b7a9c8de0eb2a1159db3ec1774a1dec403539,6.919959,6.890829999999999,0.02912900000000107,2,1
0x2a580ac892dbe074f5df76dc038a4d4e7a57c82e,0.9999989999999999,0.997,0.002998999999999863,2,1
0x2a5bfe90cc652f05918870a12c0a8e38d49cf15f,1318.6780019999997,0.6567000000000001,1318.0213019999997,1999,1
0x2a5e4d8090c804a5802e1378e5c8fab6b4e54709,1997.896104,0.0,1997.896104,1998,1
0x2a63decc716e1c11591656a4440da4084ea7fd37,0.0,0.12,-0.12,1,1
0x2a7dc3f33924bbb8288df83ce9576f4229405de5,1.2999979999999998,0.0,1.2999979999999998,1,1
0x2a8b8a12c3573fd412d65ebfd84c05cf1db99f70,1.639998,1.6268799999999999,0.013118000000000185,2,1
0x2a9fc73bf3119684d8a3ddb2cf71bff63739bd54,3215.30148,0.0,3215.30148,1998,1
0x2aacd459eaea420eb0d7b94c7b03238786c6dfad,0.999998,0.0,0.999998,1,1
0x2ab7c892cdb06eb928bbca510f2c4d873490e997,31348.49212799999,0.0,31348.49212799999,1998,1
0x2abc91b073b9d7d6df3b119369fb707735217bf6,5.659999000000001,5.5704,0.08959900000000065,2,1
0x2accc249e171578fe43129e4bb3f6b5778e12b26,284.24,0.0,284.24,3,1
0x2afa74cd4830fafb3187c2d14817ba8b38aaf2a2,0.39999,0.3972,0.0027900000000000147,2,1
0x2b098416d4641185cddb392f30c6a19216103277,37.99989799999977,29.63601,8.363887999999768,4,2
0x2b0d54949a47d8430d3216d0372b07bd29e1e13b,12910.709952000001,10.07081,12900.639142000002,2001,1
0x2b0e2d8d5d7391395237e75c080ff38f49f82fcc,189502.15615999995,0.0,189502.15615999995,1999,1
0x2b12f96e45d223cc41f4aebe35b11a62aa9397c3,0.04,0.0,0.04,2,2
0x2b4917fe2f564fe7a9b039d29dea59cdcc97de1e,1.6999939999999998,0.0,1.6999939999999998,1,1
0x2b6d92360ab87f5bbc41b0ec23a917f3b117fb28,4.999998000000001,0.0,4.999998000000001,1,1
0x2b70cac53d368984b31bb59f45859ca53aa8b132,1.999998,0.0,1.999998,2,2
0x2b74917ee259d59ce33c79eb355f02242d3643a5,0.1,0.0,0.1,1,1
0x2b85a14c380af173b4aa7021d163357927c2de77,15064.920000000004,13527.259199999997,1537.660800000007,3996,1
0x2b97dd3de67a2662aa03a1ffc6446fe0646e5a5e,1290.17853,0.0,1290.17853,2,2
0x2ba08b06d62b6ac11928081202673e0c85fe704d,225.12999800000003,0.0,225.12999800000003,1,1
0x2baa99abe06c1df7f9c6c20303b8c1e2d4a87953,10349.542098000002,5.16075,10344.381348000003,1999,1
0x2baacb9dea4b7a89e0321cd1a675d4fecb26bfcc,380814.88391999993,0.0,380814.88391999993,1998,1
0x2baf08fdf06fb9b271304654eaa73361e62c58fa,379.05,0.0,379.05,4,1
0x2bb1c5cbada17ce2dcf8952ae4b62c747b3691a0,0.999999,0.0,0.999999,1,1
0x2bb852687b48f18232f2904a46b896a931782d3e,0.119999,0.0,0.119999,1,1
0x2bc8bbfd8d5c787380330f448463473dabd3b39b,172.68729,37817.19699,-37644.509699999995,2017,5
0x2bcf8c5a0706b0a5c349c11fa45e835e8cca3988,5655.666,21.934,5633.732,2,1
0x2bd2bd1cf95f8e55cdfff69a5ff7558faf488eb5,189620.65867999993,0.0,189620.65867999993,2002,1
0x2be402a87bfe2cf5376956b31bc217fbcf3158ab,189714.71499999994,0.0,189714.71499999994,2001,1
0x2bf2b63c1fdef454fbd4276d32ada9f5c9405cb4,1.499998,0.0,1.499998,1,1
0x2bf309dd001df4f9b1f90c26432d6ff457a38c3d,242.73365799999996,0.0,242.73365799999996,2,1
0x2bff7bc14e31ca7862ce134d0babda71eed6c096,189740.51847999994,0.0,189740.51847999994,2002,1
0x2c0616594d651b570a42665eb152aea75b713845,1997.9960039999996,0.0,1997.9960039999996,1998,1
0x2c0734eb0b1facfbf89b44940747ae118138f429,7122.667999999999,0.0,7122.667999999999,2003,1
0x2c264f30d049f68a820a28d035c3c1ef87c3655e,1147682.592,0.0,1147682.592,11991,1
0x2c31ed8bfc6499205f8cd42db5ce1c7fa69ec161,6.662,0.0,6.662,1,1
0x2c3a8dfce913867bb2f4e5653465af0509bff66d,191615.424,0.0,191615.424,2002,1
0x2c404c47564022dd830c518911b910c725c19fa2,74131.73906,0.0,74131.73906,9995,1
0x2c6064e027afe65f50ba490a8dd93c9f9be50096,0.01,0.0,0.01,1,1
0x2c62ddfaf9e381160d94901317f74bfa7fbea7aa,0.14,0.0,0.14,2,2
0x2c701e8028de7aaefff79930e55829c408fb6ce0,20014.998001,19.996799999999997,19995.001201,2000,2
0x2c85e5706ec208154fcd74c4c82d632a53b53928,7.6399989999999995,7.083900000000001,0.5560989999999988,2,1
0x2ca2b34eed382d83ce236f8edf78b3ba79c0d48c,109348.97356799996,109122.08868000004,226.8848879999132,3996,1
0x2cba81feb02d51ff2d2ace014baf8bfbe1a1d085,0.04,0.0,0.04,2,1
0x2cbc4381a84bef5ba30ee12585cd07dd0c6771aa,41.784,0.0,41.784,10,2
0x2cbf56f93e7b2004c5fb00f63ce1c9a66815c10f,94.81,0.0,94.81,1,1
0x2cc044e07b006404f97fc0cf5ecb1034d786668a,189952.79231999995,0.0,189952.79231999995,2004,1
0x2cd16850d5fc3c386db853c4af24d429e70f2140,0.609998,0.5982999999999999,0.011698000000000097,2,1
0x2cd206e3a97108978bbf5900dc8b5cf30c61e639,3.6799990000000005,3.6234,0.05659900000000029,2,1
0x2cde687f13937df5f5fa08c6c528ac99b1fbcd45,14834.32444,0.0,14834.32444,2001,1
0x2cf2cc7d54043a6f037e2de9f296c7a48984bff4,284.43,0.0,284.43,3,1
0x2cf3cb69d67923f975b96940ec3b0e90f5b5076c,63.499746,63.36552,0.13422600000000529,2,1
0x2cffc7207444590c4f0b05bb047ffaf759ca475b,23.226,0.0,23.226,3,2
0x2d0936145cdac74d05ae5aeedfc4a313060a684b,63943.991999999984,0.0,63943.991999999984,17982,1
0x2d18992a44b1d34423f38fba87f7d49965696f6b,7121.873999999999,0.0,7121.873999999999,2002,2
0x2d1afcf62b498ac0b8db8bdfb739b4e2a9943e1d,10.79836,9.96,0.8383599999999998,2,1
0x2d2417140842b4039db3850736b9ed87cb65be55,11.28468,11.27335,0.011329999999999174,2,1
0x2d2cbca1ca3a3f9a89d81f3b51374fa7459bb2ca,7122.217999999999,0.0,7122.217999999999,2002,2
0x2d39d659bd9899e1ae3512d3b5ed0ac7e85c408b,51.189759,51.13752,0.052239000000000146,2,1
0x2d3a26b845291c88b1b9c700464ca4b1a6048cab,83.496,0.0,83.496,1,1
0x2d41e9284eed3ddaeab628894981fc1101cd675e,11708.22006,5.82919,11702.39087,1999,1
0x2d45b164579ea554d825376d2e286d004549c864,5667.642,27.916,5639.726,2,1
0x2d45d70ebccf9570acefbfddaebdd1f02e3a0f58,189904.23999999996,0.0,189904.23999999996,2003,1
0x2d48ca6c596068271bdb8be8a23ee0028b30ece0,35524.43999999999,0.0,35524.43999999999,9990,1
0x2d544f73b572c1f730c67a4c50bc0970ae910d04,187060.752,0.0,187060.752,1998,1
0x2d5be6534b60224c93fbb11ec17e0db982396be4,219829.880118,109.87361,219720.006508,2000,2
0x2d7bbfb1a572ca6b7657a5e7dfbdb260fb7dc0ad,1.018,0.0,1.018,1,1
0x2d7c5c66873f56935e223f51b0a6e578e4148568,16.564,0.0,16.564,2,2
0x2dafa8ccbc2c8d8c0924d8a0ff6778438856c1d4,5.9999989999999945,60.02849000000001,-54.02849100000002,3,2
0x2dbc4a47c4291f564f39d704b45faedd4103bdfc,2.519999,2.4453,0.07469899999999985,2,1
0x2dd4c530fab11ab2e1d1f4c724b19a7849db1e3a,0.999999,0.99384,0.0061590000000000256,2,1
0x2dd696c01a1edee21c8201c5b49b6e511b7b6f2d,46.22799999999999,0.0,46.22799999999999,13,1
0x2dde54f0ef437f27b35ecd238688ae1d24130973,0.0,1997.200800000001,-1997.200800000001,1998,1
0x2de7269e0a533b17ce0adc61df61bfecfc6ab81a,24.999998,25.0944,-0.09440199999999876,2,1
0x2dfa87d591594e3c090fddac959182c35477f9d1,50.339998,50.28804,0.05195799999999906,2,1
0x2dfacf379c1e7736703c4945b9c1fbabf2e9f1b6,386553.06,578802.6180000001,-192249.55800000014,9990,1
0x2dfaf25cac86f5bc4f4b68d60aa9f8314132aff5,98.99960399999999,98.69405,0.30555399999998656,2,1
0x2dfdb07620ca76cca6bb47bc1ac1783aa6805d90,0.1,0.0,0.1,5,5
0x2e0037ea97d177fb693d85854fdad63d2e7e427b,0.1899999999999997,0.0,0.1899999999999997,4,4
0x2e0850f915b1057fc3d7323691d31f9c9dc67bba,0.08,0.0,0.08,4,2
0x2e0c7ded1f1f8d018e9c1232e60f2c0b775297b9,3.209998,3.1614,0.04859800000000014,2,1
0x2e4ca806793d5d58caa0daf5cb00e66b42ca3581,0.8500000000000001,0.0,0.8500000000000001,1,1
0x2e57ceb35e715abaad107e368041642ca03a1605,0.0,2.8942,-2.8942,1,1
0x2e67e78c5b4771c7d8057247444045208b79d1ed,44475.80253,0.0,44475.80253,5997,1
0x2e6c5d6ca29c3a8537c55cc3efb4e92e928363ee,378670.7599999999,0.0,378670.7599999999,3998,1
0x2e74b5889ef2ceb8035dc156c087e9b9ba921c55,296.299998,296.00124,0.29875800000002073,2,1
0x2e77682c5ec996e567a031eff60512576e7e4505,9.999985999999998,9.885900000000001,0.1140859999999968,2,1
0x2e7ee5550b1256b6339d754e515bb495d869847a,23.479996999999997,23.4728,0.0071969999999978995,2,1
0x2e88274a6c758ebffdafec52899bca2fd67f57cb,5676.646,0.0,5676.646,1,1
0x2e9b5cb128d72207ed7e4e5b16f2e2df5c4d8e2c,1.9999650000000004,0.0,1.9999650000000004,1,1
0x2ea078776679159a59a4104479ca08aad2e5e2cc,355.82616,0.0,355.82616,4,1
0x2ebc4c92f1b593458cf9cab623f76c1c58777fe0,755821.9000000001,0.0,755821.9000000001,7996,1
0x2eda8a6c686e3d90752a28fed643c06b200413c1,956545.7280000001,0.0,956545.7280000001,9994,1
0x2ee334e19db0fa52d19990f7dbe9b41fb63f51fa,36.919998,0.0,36.919998,1,1
0x2f140cb266ba12f2eb26de795a8646145ab31699,1.149822,0.0,1.149822,1,1
0x2f185198d9b0115f22df195397f8ad98fe7c86b2,0.0,0.314,-0.314,3,2
0x2f205e14496a53f46694784663b1f40a72c370b9,17920.091969999998,17852.329800000003,67.76216999999451,3996,1
0x2f20901ec39f90a06bc0c5393604a804d0b8ace1,20.0,0.0,20.0,2,1
0x2f2cc1036e246ac6cbb8b1755eca80d6d3460776,51.539409,51.48682,0.052588999999997554,2,1
0x2f31f33c40a600d819edbabfb4bf46715d332c90,0.6,0.0,0.6,1,1
0x2f38fd585a6c3bd0f96476f91e609dd4a4df37ba,8.999856,0.0,8.999856,1,1
0x2f3beca7f698c2734726420ae994c9fe86c20b43,4.999998999999998,0.9760599999999985,4.0239389999999995,2,1
0x2f4a73eb1794da180092c85bc5dba4018989ebe7,0.02,0.0,0.02,1,1
0x2f5f7eb8c1f441380d34d3c0fe2747fe7f07cf95,525.939989,417.76848,108.17150899999996,4,2
0x2f8b4887d667d2f7a53663744a368a3ba0f21b0c,190378.28999999998,0.0,190378.28999999998,2008,1
0x2f9eb4bb41c2db96da5df55771ee37c79ee4aa4e,5.999988999999999,0.0,5.999988999999999,1,1
0x2fa0025da74b5e7115623843a28e27504ccd9fcc,26.454,0.0,26.454,3,2
0x2fbe41dd1ee756cdb833423ff2985b65326afccd,0.999999,0.0,0.999999,1,1
0x2fc3bb6da3cd48b4da774b5aba09bb7254be0928,130029.55028999996,129795.31476000001,234.23552999994718,3996,1
0x2fcb0157be3231d590fe79b1919d4e74055de350,143764.78384000005,0.0,143764.78384000005,2002,1
0x2fd6b4068c031a3b93091c660538766a9bdabdf2,388830.78000000014,0.0,388830.78000000014,1998,1
0x2fd84672123e4235fdba4634b7c9c86633e1846e,379144.80999999994,0.0,379144.80999999994,3999,1
0x2fe88aa4bccb6959cb29eca208f420630eac683d,43.34928,0.01304,43.336240000000004,8,2
0x3000bcbd9d0fd49c6b9c1ad5cc7440b9036ec051,7.999998000000001,0.0,7.999998000000001,1,1
0x300d3fe5bd0ac1f0437065e86553dd480d8869df,97.99644,0.0,97.99644,1,1
0x3021f758536239d81b5ed07ec3800b3bac195ec0,19.999928999999998,19.959519999999998,0.04040900000000036,2,1
0x302753e484304fa32e31db696e187f321d7b707c,0.049992999999999996,0.0,0.049992999999999996,1,1
0x302a30a5814deb2c012e3c7c59d005f07380781b,189.62,0.0,189.62,2,1
0x30381608f060a17281da5f8185c5795d83477125,5960.0779999999995,0.0,5960.0779999999995,1,1
0x303b4b9de2a6e7f5a17da5c9b336ac9783287373,12.9,12.87937,0.020630000000000592,2,1
0x3054009d57aa14754b3ad20e3d9b794c1e329837,56.99999999999999,0.0,56.99999999999999,1,1
0x30574b2bc13878f2830ed8a6d1c784f8de251cff,0.14,0.0,0.14,1,1
0x305cedfc0e3cccdb8bef808e84234db66ec0dc57,13043.24385,0.0,13043.24385,7,1
0x3077620472bcfc83d8e48c93d809fd5941ab6480,1.0,0.5,0.5,2,1
0x30783eb3d720410349f6599a627da3fab130c6f8,2.209999,2.1508000000000003,0.05919899999999956,2,1
0x30a7d6851ed4bea3fd4b8e98394ed379a6635dc6,189714.61999999994,0.0,189714.61999999994,2001,1
0x30cc26f546858e03ee9141d6de495f0f7c271525,0.0,1993.1248799999998,-1993.1248799999998,1998,1
0x30cecdf29f069563ea21b8ae94492e41e53a6b2b,227.0,0.0,227.0,4,2
0x30e17451ab6849e1fee08941e54bed7e6b078ea5,74.925,74.85,0.07500000000000284,2,1
0x30e75ef8f4015cfce7ec613f67bd0c9ea5ff2cc0,16.999921,16.93948,0.060441000000000855,2,1
0x30fcab8cbffe80c1b4671309777619f8bb7fce71,0.9999909999999999,0.996,0.003990999999999856,2,1
0x31060e9b2c0703d6009154e38092d475b00cd672,5.999997999999996,0.0,5.999997999999996,2,1
0x3126306f7e48702f2ab493759f08eaddd0d2d4ee,0.0,1.9999499999999997,-1.9999499999999997,1,1
0x313097a460338b2e2eb13df96eed8fcee9685d65,1.299699,0.0,1.299699,1,1
0x3131a6728e0269f54a7b3881659aca4793c7a71d,765408.8640000001,0.0,765408.8640000001,7997,1
0x315f6a39a693bb3d17766dbcbd9fcaa6573b64df,63596.17858000001,0.0,63596.17858000001,2007,1
0x3165c61e68c6c6b8948919129fb9b09f407bc174,1530434.8800000001,0.0,1530434.8800000001,15990,1
0x3167c8c6aad917c0ae0fc542b8d166f29efe2ae5,6.109998000000001,6.1008000000000004,0.009198000000000484,2,1
0x316fc8ff646c553e34975307b089bcfc7db9dbb0,50.949999,50.898,0.05199899999999502,2,1
0x317289c01793206d73c0a2408b67f76d59d25c51,98.99997199999999,0.0,98.99997199999999,1,1
0x3179a075a31729758f8be4437a6ecae55193140a,11.739997999999998,11.71898,0.021017999999997983,2,1
0x317f467e47b08e58b729cf08061e7721ac27b7c4,189240.37999999995,0.0,189240.37999999995,2000,1
0x31853e2a397603aa915ae385cc764c2c9ee27c83,0.025,6.63405,-6.60905,3,2
0x3189877c354df36643927d1facda87d70d1f5b2c,11.999996,0.0,11.999996,2,1
0x3189f5d17666a59d22042c7504223cf25a52fd6a,313.94973600000003,313.31721999999996,0.6325160000000665,2,1
0x318bcf71113c1aaaee33f6c960ced1c1dfefadd3,2332984.6800000006,0.0,2332984.6800000006,11988,1
0x318fad5aa589fc29c3c68ead95ffc3c678e2643c,7132.897999999998,0.0,7132.897999999998,2005,2
0x3191637dc658eedbd36b04da0ebd67876e7f2e47,9.999934999999999,0.0,9.999934999999999,1,1
0x3193fc9ff03517dab54bb535ab62309893ee7d4f,0.12,0.0,0.12,1,1
0x3196f2e1479c90cc41c8ce02f7a549efb293bfbc,36.562,0.0,36.562,5,2
0x3199962010cc21a973f68db561159f99176680ab,0.06,0.0,0.06,1,1
0x319e2cd24943391ce44060f46c467ccaa7944ef5,123.83973499999999,123.46519,0.3745449999999835,6,1
0x31a0b4280cc28ec6ee2d7e26fed640d3c2be2ab8,23.98,0.0,23.98,2,2
0x31a119ccb6453df86104adf4003b2401b874d8de,44498.937840000006,0.0,44498.937840000006,6000,1
0x31ac2b9a9a0cc8ed76ad9fd73af439bc7b6096c9,625909.9705700002,0.0,625909.9705700002,7997,1
0x31b140a4a926ebfd9b06a59e65eaa93ad308a74b,0.0,1193.18562,-1193.18562,1998,1
0x31d0b388c5593cc7d207aad7aa474995d502d03c,0.8,0.0,0.8,3,2
0x31d4e66bf0cbe4d94e36ba2cb17e1a94cfabfdd8,53.33999999999998,0.0,53.33999999999998,15,1
0x31e1aeab7ad8dea9e1ffae160f69fe40e848738b,4214.30148,0.0,4214.30148,1998,1
0x31e9c032bdca68ba95ca645e65d3c5eb43af7d7c,129.99999599999998,503.9836,-373.983604,10,1
0x31ea830dbaeb0762a628193bcda2ab7a0996e780,6.662,0.0,6.662,1,1
0x31eafc783db4e7b487f0057e79d59c3422628aa0,0.679965,0.6658499999999999,0.0141150000000001,2,1
0x32272caa29dd3f49f97edc88246d464255e03a8b,78160.08599999998,0.0,78160.08599999998,21979,2
0x324617ff5a6a14442406bc768c2c51fb2513158d,16.999944000000003,16.927049999999998,0.07289400000000512,2,1
0x32468a8acfddcf7eae04b353eabfcfbec1691f8b,189835.23347999994,0.0,189835.23347999994,2003,1
0x3258fe3e5fed357e69b225e811df87f81b6dc0f3,35.559999999999995,0.0,35.559999999999995,10,1
0x325908f66d2412e1e7fad2e45f47e4624d70dc71,55644.184116000004,27745.426799999987,27898.757316000017,5994,1
0x325da3fe6cf3cd62feee94595b8882c9ffef3960,1997.9960039999996,0.0,1997.9960039999996,1998,1
0x3261cd17b554a6f827ce9180b9db03fd36e4e415,4214.30148,0.0,4214.30148,1998,1
0x326fed302ae19e4ef45bc7776ca36f751d219f10,2.0,0.0,2.0,2,2
0x327200f8fcaae25cdb4616c8d7188780cab8fab6,50.299998,50.248200000000004,0.05179799999999801,2,1
0x327267d7f6ca86ed9494ee2baa8492b1efca08d6,0.999999,0.0,0.999999,1,1
0x327a2a0a62cfe86146c4f5f0713934c0b56affef,94.62,0.0,94.62,1,1
0x3291668370e57ae696ec0df48583d2c91e68660c,9.999998,0.0,9.999998,1,1
0x32b5494d0537bd47da71747119716ee828386fa4,29656.413640000002,0.0,29656.413640000002,3999,1
0x32cd6ce292e821e044dcdfa06d7ddb60f8ebff91,0.02,0.0,0.02,1,1
0x32da89b022a83443df03a3ff598350a0802c3082,44500.46108,0.0,44500.46108,6001,1
0x32fa0fa429d3882f0926a6dbc567b124834cdda7,59301.25498,0.0,59301.25498,7995,1
0x33043e534bf4716efc63a90bdacdf412362375d2,7.999998000000001,0.0,7.999998000000001,1,1
0x3314d0115ce3fa89b37a920d14ca8ab72be30f0b,3.8,0.0,3.8,2,2
0x33225708e888b59a59a8f834b610cedde624538d,187060.752,0.0,187060.752,1998,1
0x3324e1893dd63d1431b3c56154379885f280cc04,5731.5419999999995,0.0,5731.5419999999995,2,1
0x3329419f97f63d85a8cbe12f472b9dab9e37ca44,0.0,98.2,-98.2,1,1
0x332c6173b6823fa958ea2af960001b657a195173,5646.699,0.0,5646.699,2,1
0x3338ccfa5d384ffd50dc6fb4aee96bf6281e5550,51.889512999999994,51.80204000000001,0.08747299999998148,2,1
0x333c382c15c4e0dc855840dee56e115abede8564,1.599998,0.0,1.599998,1,1
0x333fc847f729516e18d9fcdd6f6a336417cb02a2,379.28434000000004,0.0,379.28434000000004,5,1
0x3357a85478216210251094544b2eaef1a12e66d8,0.0,5936.577480000002,-5936.577480000002,1998,1
0x335b6906fbc62f824edf1e29536b708060d9688a,0.30999899999999997,0.0,0.30999899999999997,1,1
0x33643da6eec9d599b69701d2b5206b9749842114,0.0,4.985,-4.985,1,1
0x33763b051419aae316041b4d6e27973a0d9b380a,237.85999800000002,237.61571999999998,0.24427800000003685,2,1
0x337e8200b5835c6f19193f33b7854f253479458c,0.02,0.0,0.02,1,1
0x338b36d71f8d5f2652dbe741f1c9b02fe99b8b6d,287552.36086,0.0,287552.36086,4005,1
0x33999be363efb3cba90dd5268b70adbc561ae5fb,0.01,0.0,0.01,2,2
0x339cd1fa49c0bae7a399792f9ce80ec74eb701c1,0.0,1997.200800000001,-1997.200800000001,1998,1
0x33b75debfff60b478142a4eee28c1f6e37374828,4195.796004,0.0,4195.796004,1998,1
0x33cc456394fcfb90a6a965bbd11c76cf1e8da0b6,386.9954,197.8403,189.1551,5,2
0x33cc7cf2baacb3326317707c66fa926f536087f3,377721.9000000001,0.0,377721.9000000001,3996,1
0x33dd0be369184870128873d47993911f2ddb0899,4.999896,0.0,4.999896,1,1
0x33dfa6f581256f543aa892e368001463fbf03449,2.049892,0.0,2.049892,1,1
0x33efc477949370a82525978a7f0f5dd683fac374,189525.0,0.0,189525.0,2001,1
0x33f82a4ec82548ff54abaaf6fa85f7e06388652e,756098.6294000001,0.0,756098.6294000001,7999,1
0x33fdb2c1b7b70b432199563b813e68df0d4c3301,0.68931,0.6879299999999999,0.0013800000000000479,2,1
0x340a0af069cf54ed26d8bde006752b5d1452bbb9,3.999999,0.0,3.999999,1,1
0x3426002df12327151f458543e278da6f6ef5c7b7,30.179997999999976,0.0,30.179997999999976,5,2
0x342a76df2f87d34d380261bf5aec8433bf7103b9,1515443.0399999996,0.0,1515443.0399999996,15984,1
0x343367dc012c6ee7b629b08ef9d7cd9cd2e87457,12.999998,12.896539999999998,0.1034580000000016,2,1
0x3436a141e1e0b8da48a8e7b3d22da02bcaffac6d,50.329620000000006,50.27924,0.05038000000000409,2,1
0x344b8cefda76a0404d6c21b688d44c2f84a432bb,10629.220139999998,5.298369999999999,10623.921769999997,1999,1
0x3450956f846d71ff3b048070908011af1662b297,499.8973,466.6111,33.28619999999995,3,1
0x347a522d5fe7f612b9d855a09143a5cad88883e3,16.26249999999999,0.775,15.487499999999988,8,2
0x3488a4fc713490771acdce6ab6a182d576910652,1459.4260020000002,0.0,1459.4260020000002,1999,2
0x34b11e7b8992933b1345ce9735621abc61a4628a,0.8099980000000001,0.0,0.8099980000000001,1,1
0x34bb9704a925e07349b6a04f4be2aeeb5018aadd,6.662,0.0,6.662,1,1
0x34bcacb9336cd54fd5b39a47008e4f53e742ee38,3.269999,3.2208,0.04919899999999977,2,1
0x34c19fb01aa1991d4d14e38aecbfc771b01548e5,944871.9000000001,0.0,944871.9000000001,9996,1
0x34c24ec45c7c5c565ac80eae854bb325f6def6fb,0.0,5.184,-5.184,1,1
0x34cdfe38f327275bbb4786dc9e14a74ac97ffe7d,590.4983,49.999,540.4993,2,1
0x34d559533542739cc771cf6f7cf105f3b0246fa0,5697.602,0.0,5697.602,2,1
0x34e6d2a06d38620cd13c879c98104ede2e7b2184,3196.7180819999994,0.0,3196.7180819999994,1998,1
0x34e93c6f5d35c43adfc89da0d347903bad416d52,1.29978,0.0,1.29978,1,1
0x34f84839c92c9bafbf28b24657297de33a92a3f2,0.1,0.0,0.1,1,1
0x34fc1c8bf3537657caca33904318509438c1545a,7.999997999999999,0.0,7.999997999999999,1,1
0x3509d568635ee4fdbab7ceb8d4d2cd48adf5fb24,14.799998,14.715259999999999,0.08473800000000153,3,1
0x35194018e7deca80f9ba8c3a7df3a9b7979dfc28,5671.652999999999,0.0,5671.652999999999,2,1
0x352e3088deea6fd2119d9cce98f459cac2e02241,6.999998,0.0,6.999998,1,1
0x35338dcdfe2c6385f29e3a4782d61ac338fb5cc8,88954.09215000001,0.0,88954.09215000001,11993,1
0x353bec8b6dee6504327f960e3f5a765b78d6c080,17981.982017999995,0.0,17981.982017999995,1998,1
0x353e9b669eba0e54fb20cba85aa4b1210d43b202,2.9999759999999998,0.0,2.9999759999999998,1,1
0x35433515f27aa6c20970cb2f6ec92095e25afab2,0.189998,0.18943000000000002,0.0005679999999999852,2,1
0x354b32291c3fa6eeb2358d25844c9242ff950513,0.439619,0.0,0.439619,1,1
0x354c784416ea4a0f5b009abfb0fef821c76fef35,193418.38800000004,0.0,193418.38800000004,1998,1
0x355c29c21b0a2c3d9f1b8c9e32d0f4897206a7b2,1322593.8000000003,0.0,1322593.8000000003,13992,1
0x355d7a67573c88a0144f8eefbd21115d7660ace2,13.5,13.35,0.15000000000000036,2,1
0x356f861996b297940f425c0812888b48db264a5e,3.97,1.985,1.985,2,1
0x359c0dbe27b67a947e9429254e057a44bc433e4c,187544.83188,0.0,187544.83188,2005,1
0x35a3e420fb077e862f13088b8bc9e17d8cfe610f,0.999979,0.0,0.999979,1,1
0x35a8461c7065fbaa4b2796d1c9e948ea802062b6,19.998,0.0,19.998,3,1
0x35c264e07aedf0c237d1c4194a93dd13f1e5cf74,332839.14767999994,0.0,332839.14767999994,3996,1
0x35dd5a1f3a4dc74f58637b3b7f1b4682da80f63a,1997.9640359999994,0.0,1997.9640359999994,1998,1
0x35e4010ad608d26cfbee4991c2a3a1063097cbb6,378670.7599999999,0.0,378670.7599999999,3998,1
0x35f0f0c1abec76f5f2a7622b91ea35e3a62e8f1d,0.11999900000000001,0.11399999999999999,0.005999000000000018,2,1
0x3604e9496ab0bc492fa333f26235ec9d5243d03a,2332984.6800000006,0.0,2332984.6800000006,11988,1
0x360db1221bd7a17d7e2704fb63ff1e1e8335d156,0.0,0.168,-0.168,1,1
0x3646d6c86af80b8874803dc6ead699a7cad59892,1997.9980020000005,0.0,1997.9980020000005,1998,1
0x36597e2c7b3533958f3e4667ca0bad1cc6d2ed62,1147969.7280000001,0.0,1147969.7280000001,11994,1
0x365b27efc7b093ced7e1657ab18bf6a02e53e198,5683.61,24.925,5658.6849999999995,2,1
0x367df7426df6f3cd7e1466f78cf6a19089ac14fc,1.119998,0.0,1.119998,1,1
0x3691a4f390c9a5197812a6621272f4b18915892d,22.999997999999998,0.0,22.999997999999998,1,1
0x369f8a465a1fc2b4119b6353508fa5223eac2422,49.99999899999999,0.0,49.99999899999999,1,1
0x36a7181a032ab0b1c5d604e8d312206c5fd691c6,0.969557,0.0,0.969557,1,1
0x36bd28b9bcca28aaf4bd0824609222d03603537e,777661.5600000003,0.0,777661.5600000003,3996,1
0x36c1d14a8437af09ccd92b91e999ea44f49174d0,1.2999539999999998,0.0,1.2999539999999998,1,1
0x36d99d917b3081b5db4dfc6770781b0870fc88fe,32.004,0.0,32.004,9,1
0x36e7557f63b7c4703c977f871e98c9b65fda663f,50.80914,50.75828,0.05086000000000013,2,1
0x36ed97c1acdde68b2314338d15063df00c5e51d9,0.07,0.0,0.07,1,1
0x3715d1a3f0faacf8e02731929c93e39a83d00061,5.999994,5.982,0.017993999999999843,2,1
0x3736770d2a0d6d89b562c8a104db2142d7ed4151,1944153.9000000008,0.0,1944153.9000000008,9990,1
0x373a8faf9841aeed2a7268115a79c12a86ccd6be,0.0,0.17099999999999999,-0.17099999999999999,2,1
0x373b4c0f2d7bd504546b072a497afbdecaee1f46,755538.3250000001,0.0,755538.3250000001,7993,1
0x3748b8e45aba8bcc494ccc1b8f6a2fde1537df65,49.783999999999985,0.0,49.783999999999985,14,1
0x374e74a5079ee9bcc108be154e2ab544b4b4bbb2,4214.30148,0.0,4214.30148,1998,1
0x3753e6e13c66cbbeecc316f08ea8db3430fd5c2d,10.826519999999999,10.81565,0.010869999999998825,2,1
0x3771f7c2bca9bcdbdc9ae0f1196c863988c348ed,35524.43999999999,0.0,35524.43999999999,9990,1
0x3773d6445702c619defc60d1e63a27129eac7174,19.999998,21.2954,-1.2954019999999993,2,1
0x377711888741b471db984935dc89d564a071a640,51.019997999999994,50.96532,0.054677999999995563,2,1
0x377ec15d6956361acd5fc9eed9ddb3a6e70de732,0.14998599999999998,0.14715,0.0028359999999999774,2,1
0x377fb3375c8c386dd1e83a51c1998f4fcd599e02,2.5780000000000003,1.64108,0.9369200000000002,4,2
0x37af72f0cc98d709dd6bda9d2a98e0ba5f85bb5a,43.139972,42.97064,0.16933199999999715,2,1
0x37d6daec6281f7d20a9a85d60e8a8164ea81313b,50.30964,50.25928,0.050360000000004845,2,1
0x37dc2b3d6145c372bfb7ab1b8b6b2d6cca9111ed,49.99999999999905,0.0,49.99999999999905,2,2
0x37e2e415430aae98f22df9e4b1717d2a4ef96903,2.6099989999999997,2.5674,0.04259899999999961,2,1
0x37e7d9c679417c5a06ac61bed70e14b407e0e23a,1.6999339999999998,0.0,1.6999339999999998,1,1
0x37ec68cf4c41bb5d717a9dd25d4ebace72286e99,26.648,0.0,26.648,4,1
0x37f5f5a839f3af7237835a065f48a925e1001e2c,1997.9960039999996,1.00572,1996.9902839999995,1999,1
0x381261191b2d8ac2d40ffc2dcb14d3d931656924,0.9999979999999998,0.0,0.9999979999999998,1,1
0x38147bce16293ca8a60bc7df9480aaf5452a3d37,189.62,0.0,189.62,2,1
0x381d58fc5073c6d68a32f337ab124dba57ea9c41,1.0050000000000001,0.0,1.0050000000000001,1,1
0x382e25589f5d371a0cfc7e57a9e5e3407e5db24e,1166492.3400000003,0.0,1166492.3400000003,5994,1
0x38339ebc542188a599f8d8ba39f00e955c88df46,193418.38800000004,193224.58200000005,193.8059999999823,3996,1
0x3846fc0dc5a70635929301a26c7ddf623ce1c908,503931.31330000004,1107762.4582400003,-603831.1449400003,12000,3
0x384861d15a50888fe0b0096c789fb0933885474a,0.779998,0.7742,0.00579799999999997,2,1
0x384ae4337964849729c9ecf871f6e0dab83a84da,4.999998000000001,0.0,4.999998000000001,1,1
0x38528dce3b01de59cdd7df5f9e07e1eab846fbb7,6.662,0.0,6.662,1,1
0x385f8df73c616d4ff208be1ca879a60c9055015d,4.999998,0.0,4.999998,1,1
0x3865a12bbea6a2383208a7188280febd2d03e2c9,59325.780020000006,0.0,59325.780020000006,8000,1
0x386c545fab8137cf3d0af67a2068982b10970d62,11.359998,0.0,11.359998,1,1
0x38935e4dc0d1192f93694bdd15e61ac1dd7c273a,284.43,0.0,284.43,3,1
0x38a40ccbebcca8e3b139723a9680e1b7cffdebbb,35524.43999999999,0.0,35524.43999999999,9990,1
0x38a72777cceea379d31860976dd2c02bd56f6d72,1.9799999999999998,1.65,0.32999999999999985,2,1
0x38b408091b6bc28458fde55784a503747e733bfa,378481.1399999999,0.0,378481.1399999999,3996,1
0x38b73c1db3cfa8d13b99fb7bdce1c59ad73891fa,7.896,0.0,7.896,1,1
0x38c09bc243e6022d451ad357a5f7a3afc5423a02,2.6099989999999997,2.5674,0.04259899999999961,2,1
0x38e4a4593fe61eaa1407d8fd18a8611d1f512d42,1.8399979999999998,0.0,1.8399979999999998,1,1
0x38e59b36aae31b164200d0cad7c3fe5e0ee795e7,699.1999999999999,0.0,699.1999999999999,15,2
0x38e5ca54bbb0985937fc1d6fac64db185f1d6ec9,0.049996000000000006,0.0,0.049996000000000006,5,4
0x38f2ac9261cc74017e488a7c3bc0d6ceda894c38,12.636000000000001,0.0,12.636000000000001,2,1
0x38fa7376f07de8e7c7fad0457b9ddc5f43c312bd,50.899998000000004,50.8458,0.05419800000000663,2,1
0x390180210df50c888a88bf68d3326b37d9c2acf9,189999.05,0.0,189999.05,2004,1
0x3905166aec2c730dd2c8ef8d45ce9fb1162396a6,659.3360039999998,0.0,659.3360039999998,1998,1
0x393c6afda7a1bd0f1b42fc0a8b97bdd2a482364f,35.949998,35.79669,0.15330800000000266,2,1
0x393db0b806f5eb531cf43cff76c2ac9ec5dfabb4,0.0,0.316,-0.316,2,1
0x3978a99e028eb590c98d8e9ddbe513298fa92f24,0.0,12.04,-12.04,3,3
0x3991ab0ac8732b1da82891ed0a4797d3dd5c8b64,143741.75000000003,0.0,143741.75000000003,2002,1
0x3998e1a05311f727dc3da908bc5b5a1b1517f091,19.999959999999998,0.0,19.999959999999998,1,1
0x399a505eb177df685741ce60aaaa9c8022b6f344,74123.84808,0.0,74123.84808,9994,1
0x39bedcdc46f6f057f87eb2063da03fc4ee8d9342,389.24553,0.0,389.24553,6,1
0x39bf84f281afadad1dc9bd08bfbdc2e60cacb00e,1997.998001999999,0.0,1997.998001999999,1998,1
0x39c262621e9841afa6da30906a1afca1b234a44a,450.73116,0.0,450.73116,5,1
0x39dc8b4c14be188b0e52545abdfe5dc1a25a543c,2.799998,2.78472,0.015277999999999903,2,1
0x39eda11b428b61b1219614092fa930053d9ca808,0.649998,0.6369,0.013097999999999943,2,1
0x39f027216e9c16df40d07c24e13f62a3358874b6,378194.525,0.0,378194.525,4001,1
0x3a1a9f084f1138310c95d1943e79fca82af99c1e,379.24,0.0,379.24,4,1
0x3a298c1c15aa33dca2fdbe2c3b0e42b91b5639a4,3.7099889999999993,0.0,3.7099889999999993,1,1
0x3a36a1e32eb4c0fb70e265a93d66fdb9223f454b,0.0,298.50302000000005,-298.50302000000005,1,1
0x3a4b0e3ca3fd10867a35f0d52539503feee4afc8,333290.06883999996,0.0,333290.06883999996,4001,1
0x3a562dddc3f153e466e98390261f6683744eba60,0.0,17.27,-17.27,1,1
0x3a592bd7f16c41f38707e7243ff7803debdc7667,0.049996000000000006,0.0,0.049996000000000006,5,4
0x3a5b7a9bc7effd4a863cf8881d6f87ebb7a2ce71,32.835,37.81,-4.975000000000001,2,1
0x3a8651c42ac19aa3e3141531a298abc72f51dea8,45.800000000000004,678.8861999999999,-633.0862,9,6
0x3a90a4b58a4a325f0e388c870e67172f0dfbb0a0,5.209993,5.19552,0.014472999999999736,2,1
0x3a981806c2607a343f02eb2e8fcdf4ded48d4901,3.5999600000000003,3.59268,0.007280000000000175,2,1
0x3aaa1ceae04704546d37cffc7acc3874504893b6,599.3999999999999,0.0,599.3999999999999,1998,1
0x3ab32dd071c4b01a4daad9fdbc720cde22c4756c,51.909998,51.85176,0.0582380000000029,2,1
0x3ab6426c634a525635f1c8b9d98a7d3394374d55,8.949999,8.593,0.35699900000000007,3,1
0x3ac7ec1fa6333b099736ae3cd0221dc32182daa6,0.159996,0.15888,0.0011160000000000059,2,1
0x3ad5c65d23e4353f30b1922619e5bdc6dbfaa664,0.999996,1.04092,-0.04092400000000007,2,1
0x3ada31b92bc7539da3f504fe2b889b405ac570a3,7104.887999999999,0.0,7104.887999999999,1998,1
0x3ae41ec7946a9953e96603097d7e19a1c5390497,88949.00329000001,0.0,88949.00329000001,11993,1
0x3aedb97c2d399b7e5da4e45b5dfdf620706561f4,855203.3903600001,0.0,855203.3903600001,9991,1
0x3af6925e0135c8bcd940c43908a8073c21dd3257,1555323.1200000006,0.0,1555323.1200000006,7992,1
0x3b0bcc6895ea5ce8ff39d40fb016f9b384136efa,333028.57768,0.0,333028.57768,3998,1
0x3b0f774baa34e08bdb92f894bd0595f75b91f867,4.985,0.0,4.985,1,1
0x3b26824cf3dfef2c10e4d1994f330f2936b93b3c,34205.70005999999,0.0,34205.70005999999,1998,1
0x3b2d9f45d00574e20fd1380d4acb5ca282395285,54.999819,54.55149,0.4483290000000011,2,1
0x3b3f2a54c797e64521b75f2699ca815b9e9099fc,88249.836002,99.4864,88150.349602,2001,1
0x3b55166af0b79722536b9d63a6bf22c9f27ca894,59299.659700000004,0.0,59299.659700000004,7995,1
0x3b62bca2426a7cca5840c2760d668e081f93afda,13986.0,0.0,13986.0,1998,1
0x3b75ea6815dd678d7d610c8181649a1bd278ab4b,0.04,0.0,0.04,2,2
0x3b79e8f90037841ce1f367c7b83b9bc75a3a7c0b,5661.6539999999995,14.955,5646.699,2,1
0x3b830a4b13139593ea2823d76338fa1cbe89fd81,1133827.3750000002,0.0,1133827.3750000002,11995,1
0x3b8339d4f08c2d323e19793fdf3e5410949df57b,7.112,0.0,7.112,2,1
0x3b8464afcd5b1575dae64751653fbcfa88f0c2fe,568552.4411599999,0.0,568552.4411599999,5997,1
0x3b86627fa8829c6eb64f68e1e79dad288d0e7780,13.324,0.0,13.324,2,1
0x3b898e8cffee94edf865927287f151d61ae9417d,284.43,0.0,284.43,3,1
0x3b8abd9d99670d777123c4fc2630501462db5890,189.62,0.0,189.62,2,1
0x3b9104c7ae4ff19cde7a4311072558ec1d64d9ea,14842.891920000002,0.0,14842.891920000002,2002,1
0x3b94d8dfd0e97462b069e68e62e3ee5fecff94c2,5.976,0.996,4.98,2,1
0x3ba27a165e2fcb9ae759a527833d416251fd8077,0.7099999999999943,0.0,0.7099999999999943,1,1
0x3ba78d3016cca6da84565eb992759fd197de4ec9,901273.8399999999,0.0,901273.8399999999,9992,1
0x3bde9dbf9c5665799b52ca8f855d233076e4a6a5,0.30999699999999997,0.11543999999999999,0.19455699999999998,3,2
0x3bdecf5e46cdd51f2d3c4fb1f60a3035fea6e05e,189.62,0.0,189.62,2,1
0x3bef692317d57e7fa0e5f2314db631fd36cf405f,392.52993000000004,390.7802700000001,1.749659999999949,2,1
0x3c007679e5c8742429dbc58282d0307e4f210788,0.0,96.04550000000002,-96.04550000000002,4,4
0x3c231b7613cff1ac9d2a3be29e8139a5c0061a6c,0.08,0.0,0.08,4,4
0x3c3aa4886e8e2568ee13f10359eb2d73d29e1e25,0.039998000000000006,0.0,0.039998000000000006,4,4
0x3c3f715ea645e72997db7986fb7f483af57efffa,189430.37999999995,0.0,189430.37999999995,1998,1
0x3c572e1fd5d5308167bd7a02bc96054a5e53bd07,189.05,0.0,189.05,2,1
0x3c5b3a0b719b60c4d0bdb13c252e2275f6c66bb3,378860.7599999999,0.0,378860.7599999999,3996,1
0x3c654d3fcd17ac36f9dd84a09206206202ea4c90,0.32000000000000006,0.0,0.32000000000000006,1,1
0x3c7469d0d3f0a6ebde1b6f4e5f8fc85d98287d05,1.03,0.0,1.03,1,1
0x3c99462707817da4c29c39e13fa56f6ca9ec6cf4,1678.77954,1675.41862,3.3609200000000783,4,1
0x3cbf1768b2d4eea2539970c0d0fd6decf639f68f,0.9999680000000001,0.9766699999999999,0.023298000000000152,2,1
0x3cd7db0e78e57d1f2836705a5735946286262f21,7.999998000000001,0.0,7.999998000000001,1,1
0x3cdd7cb51564dc1f21aef900b720704c771b8bdc,0.0432,0.0,0.0432,1,1
0x3cf208663a45eed0b07ab9a0846f98da396990a4,1.0,0.0,1.0,1,1
0x3cf3e8d5427aed066a7a5926980600f6c3cf87b3,4804.8924,342.32885,4462.56355,26,9
0x3d0e88e4bc6e0468fb8138ca3dad1369930c4fdc,3996.0,0.0,3996.0,1998,1
0x3d243bbc1d742065d7dbc772bcf299a92c25fe96,34.399999,30.240000000000002,4.159998999999999,2,1
0x3d2e8c15d073cf01ce48730e587723800bdf8afb,166.992,0.0,166.992,2,1
0x3d3210d8970ceafe56976ca81f6e7a99e9233c5c,13.279933000000002,13.27515,0.004783000000001536,2,1
0x3d3626b94274422a73ebffa53cb10a6a4805630b,5691.6089999999995,0.0,5691.6089999999995,2,1
0x3d3ffd69b033449026d961e21a369e45e16d9688,14835.826120000002,0.0,14835.826120000002,2000,1
0x3d4fa786bb27158f27f16b074c439bf53a6d3837,50.83911,50.78822,0.05088999999999544,2,1
0x3d6bde418f26e93b66537d909d2331b247c31b53,69730.02417599998,0.0,69730.02417599998,3996,1
0x3d7c3c3ca4183007d340b17ebede99a4d001d294,1059.999765,1058.8974,1.1023649999999634,2,1
0x3d858007c4d86532683153cff762016effda948d,9.96,0.0,9.96,1,1
0x3d8df7084749006b2465b3e409b88e86367db576,0.029849999999999998,0.0,0.029849999999999998,1,1
0x3d90252aad66d7251991d635d70f76c9f23da6f4,0.009998999999999977,0.0,0.009998999999999977,1,1
0x3daa47a473fd3a89a330e32f7bf1e2a298bf82ce,145479.395979,73.69076,145405.705219,2000,2
0x3db87143849ee59fcb0eaa952e345303b6c18304,189786.20615999994,0.0,189786.20615999994,2002,1
0x3dd2db2d398ff72c2c71c9ad6473368b941e9ab1,102.12,0.0,102.12,1,1
0x3dd2fd6ac654c0b2a3739456011100dedc3a03dd,1539291.3278400002,0.0,1539291.3278400002,7992,1
0x3dd4ba9f9aa3b9de1ce743bf8c4ba4c86ac21b50,186603.057998,417481.6634000001,-230878.60540200007,9996,3
0x3e19b5fffef8f9ff79a467b7c328ef07d5cc4e66,2518.3281509999997,0.0,2518.3281509999997,1999,2
0x3e1f4f85ba189f2b5e075ebf6ae62e13e048b413,1.018,0.0,1.018,1,1
0x3e1fd08230712ead309e88b8176b03fb161b0004,5665.646,17.946,5647.7,2,1
0x3e237d1983cb0fdf2e5e293abc508b3ee489a36d,4.999995,4.985,0.01499499999999987,2,1
0x3e29c77d36e5d187581767b83d3d9656ebd28086,1511265.7950000004,94.335,1511171.4600000004,15989,1
0x3e2c75db534b1678bbedb3b2a542513d93984220,378955.56999999995,0.0,378955.56999999995,3997,1
0x3e354c62d14b9ce25178c8360b65895d32e7f93e,599.398002,0.0,599.398002,1998,1
0x3e51c2408d24f6cac500a57a7ca6453de6e4adae,1.1999259999999998,0.0,1.1999259999999998,1,1
0x3e5630959499c5b5e55aceeeeae7446933d335d5,434.35245099999986,405.2061699999997,29.146281000000158,191,3
0x3e5a6e1c828339a27005b93ce454a623044cd7af,12969.507966000005,12971.834180000002,-2.3262139999969804,5996,1
0x3e61164b5aac01ee4d7db3f5b7481ec591d280c5,38.216,0.0,38.216,9,2
0x3e6b42d7ca43e17c21caabe629ceb67fc1feadb4,3.26997,3.2571,0.012869999999999937,2,1
0x3e7c2f2a6d8c492ab7b2ac496386d9ae57dd292f,51.089859,51.03772,0.05213899999999683,2,1
0x3e7f9d56bd592561189c7cc7d3a4b1ddca81b2a9,1.006,0.0,1.006,1,1
0x3e822f537199ade957e9e81d6ba318f66f018fef,50.11983,50.06966,0.05017000000000138,2,1
0x3ea574981c2286ee04865b97d3df85b4aced863a,756483.5750000002,0.0,756483.5750000002,8003,1
0x3ea8f012a46b771e38f6951bb63d23432ca856ce,217.489998,217.26744,0.22255800000002068,2,1
0x3eac0123f0416885a45d71b9705f68906c7a2917,143408.76768,0.0,143408.76768,1998,1
0x3eb4dbbb2d4b0866715bda5de6cca173614c0225,4.999998999999996,0.07641999999999852,4.9235789999999975,2,1
0x3ec6e4da60042b9386a915027d0f0db2499bb3ea,568006.14,0.0,568006.14,5995,1
0x3ed817e9efda870d707fc8a10fc7775c87158968,0.08,0.0,0.08,4,4
0x3ed8284a9ee2c0dfd1787d1f51653e165c6d0572,2.999997,0.0,2.999997,1,1
0x3edbeb64cafb50cdb5526d4792eaf1ca95626ff0,31.78096,0.0,31.78096,9,2
0x3edd8d8d26aa643bb21fdda7a4d955ae12d02a97,5.309964,5.29032,0.01964399999999955,2,1
0x3edd90010666ae40105c106536f7487a3d97ee41,1.0070000000000001,0.0,1.0070000000000001,1,1
0x3ef652a9331db3187d21bfee268eeda819c63823,378575.56999999995,0.0,378575.56999999995,3999,1
0x3efd836fc063f9fd40baecca058bfb3b9c2dde8a,956641.4400000001,0.0,956641.4400000001,9995,1
0x3f075e141a37b5745ece6453f68b1412be753931,13.324,0.0,13.324,2,1
0x3f2f12fd9f0b8503bbfed28398aa6443f8bc7c77,50.33961,50.28922,0.05039000000000016,2,1
0x3f34b23e207fe6fc9e61ae68918a17c43a42a0b6,0.02,0.0,0.02,1,1
0x3f3947874ebea9c3c1071e386f07f053a44a9136,2.4695679999999998,0.0,2.4695679999999998,2,2
0x3f4f86cf93b0ec5418fc7ed6fe798f2fc19c5c87,63.936,63.872,0.06400000000000006,2,1
0x3f4f9145904c7b3261c3bbe05fcea64d9d91b4b3,0.0,12538.062299999998,-12538.062299999998,2000,2
0x3f6a5a1e7b27a39472bdb4f26690132718be2f6e,8.700000000000001,2.12,6.580000000000001,5,3
0x3f7203188d9b402d69871c6394f6b05e8dada0ee,379429.6199999999,0.0,379429.6199999999,4002,1
0x3f74265741f6f473d844797f539b16015e8cf906,0.19999800000000004,0.0,0.19999800000000004,1,1
0x3f8590e79ff23c07add89b0089020f2c8d6ea920,3916.052028000001,0.0,3916.052028000001,1998,1
0x3f88de544bb7a5b6125c9aaf242fb2e85f2462dd,0.14988199999999996,0.1482,0.0016819999999999613,2,1
0x3f9b055c9293a06d6c6a5bcd7a84d09849cde91c,333361.55999999994,0.0,333361.55999999994,4002,1
0x3fb71602ae437e02f34a4b246f84aed7925a4543,0.6598499999999999,0.6553800000000001,0.004469999999999863,2,1
0x3fba2cd73cb2863e972b46256c0c817659a05b19,189668.74231999996,0.0,189668.74231999996,2001,1
0x3fc286163b08402f9694a4d43a97ab4ed0c7ccc6,5957.0740000000005,0.0,5957.0740000000005,2,1
0x3fc64e0ead67b9e123e7b59f6c66131466bb62df,3.919625,0.0,3.919625,3,3
0x3fc6d31afcca69341dcd3c51ead36deddd83688d,2.7699989999999994,2.6631,0.10689899999999941,4,1
0x3fcdbe95b161096ae7eb9c3113b572b1905f3810,83.496,0.0,83.496,1,1
0x3fd12b80b578234499f9ad8de0749d65f9efecae,5960.056,21.934,5938.121999999999,2,1
0x3feb7f10729b719ef24374ec2ad1268ab4b7f4aa,1.9999999999999998,0.0,1.9999999999999998,2,2
0x3fee3a113ffb25bcd476d047b49480fe2b2ff838,0.0,7.212,-7.212,2,2
0x4007f0d73ce03c6275bce2921838f04b14a7a6a2,0.02,0.0,0.02,1,1
0x4020d82cbd423c0c232c6f19325670534c46d6c0,57.62999899999999,5.76296,51.86703899999999,2,1
0x4029f859c33781113a50c526a5d5aa6725bf49e0,28419.551999999992,0.0,28419.551999999992,7992,1
0x40356da31b327129c38f7b6850e66224ff049ef8,378481.1399999999,0.0,378481.1399999999,3996,1
0x403d087771b27b2bcca402517f4f599b80d79324,145474.37600399996,139381.2792,6093.096803999972,3996,1
0x4048eb0c0cc398aa6f63023ebc23d963ff418ebc,261.20616,0.0,261.20616,3,1
0x404bbb74982d95d1ef6b7f13cc0910ebf452a52f,0.5299980000000001,0.52106,0.008938000000000113,3,1
0x405e8c1ff2f4606992215622b9928263f3ca5d3b,5.0,0.0,5.0,2,2
0x4065385572c9dc631998b39549e07d090ee38255,196.960714,55.793220000000005,141.16749399999998,3,2
0x406d9bfee1b069fb975ed714ddd0d997894fccf7,63716.192028000034,63441.494999999995,274.6970280000387,3996,1
0x406f6545e9c3df0b3d13ffb8a4fe3e791526f3e3,1997.9960039999996,0.99586,1997.0001439999996,1999,1
0x4072714c49bd2febdca7e5850a18f15fb8382d30,0.02,0.0,0.02,1,1
0x40749bf42a556d03ae76d060b6deddcee94d2003,284.56934,0.0,284.56934,4,1
0x4086c3645f06f53d8299b5b3b1b188840be982c9,0.09998800000000001,0.0,0.09998800000000001,1,1
0x4090ad1f0e85987d752ec47eca517c16fcc01882,473.86,0.0,473.86,5,1
0x40b962023401b1e527ee5f4221fbc719ed5f7ef9,568670.3799999999,0.0,568670.3799999999,5998,1
0x40b9d2c554e22d8104801ec764be19558f54e6ae,4.05,3.8455999999999997,0.20440000000000014,2,1
0x40baefe8151ce10af99eb1ccf85c1286230067a0,0.009997,0.0,0.009997,1,1
0x40bcc5c41d3fdbb8e2cb83453271625a900871ad,49734.21599999999,0.0,49734.21599999999,13986,1
0x40c79b8225cad91521e13c57050da00e9194c51a,186829.4112949999,321.86621,186507.5450849999,2010,3
0x40c91da0f56ed888b93293b22956feebd081736b,0.08,0.0,0.08,4,2
0x40ed9aab8135fcb68916077650d820ea497e14af,0.13986,0.13958,0.00028000000000000247,2,1
0x410bcd1b98cc42599c7c1fc09a239f2205222c57,28419.551999999992,0.0,28419.551999999992,7992,1
0x410bdcbfc5724e2ab9b67935a8b63eb53834817a,378860.1899999999,0.0,378860.1899999999,4000,1
0x4115de3793e85f4fa07d4528d1980d01ceac6466,51.119829,51.067660000000004,0.052168999999999244,2,1
0x411ff9be9959739dd583cdb17ce0447b3bb64fc0,2597.3580420000003,0.0,2597.3580420000003,1998,1
0x412951f516bb15fc1e94d33f4e6267d8070fa65a,9.96,9.95,0.010000000000001563,2,1
0x412a3e4d98c36ad41a2e2566e1648123e50a958e,5667.642,16.949,5650.693,2,1
0x413d0ac8977874f505a4f72130b15932d4c47f41,567247.0900000001,0.0,567247.0900000001,5995,1
0x4140dcf809684f60b446bb6c118a27cfff7f0272,0.009991,0.0,0.009991,1,1
0x414585f5ffaf974fdb3c6143b09fdc44b5fffc24,400055.9959970001,304.12962,399751.86637700006,2003,3
0x41520b2a4804668ce9a3134bcf4aace6cd91e0cc,189619.90499999994,0.0,189619.90499999994,2000,1
0x417636dcf47324080c9f7085b47fcd4c629a810d,5655.666,17.946,5637.72,2,1
0x4192f797c73badf8c28e0f0bef8ed2b36b987f00,1659.8808,3190.12859,-1530.24779,57,1
0x4199742ee5fcbe0371dedc0a23861887dcdc26e7,12.249998,12.236839999999999,0.01315800000000067,2,1
0x41b7571ce9cf5566febff39beec749d3bb72491f,19.99998,19.94998,0.05000000000000071,4,2
0x41b828a8363da32970e3c6243d8e2317ad16aceb,4.999960000000001,0.0,4.999960000000001,1,1
0x41be0a595759d157f661158048cd5d53218cfac9,3.079997,3.0294,0.050597000000000225,4,1
0x41c0b6283d805586e7fa908117c897badc4ab944,1.7999999999999636,0.0,1.7999999999999636,1,1
0x41c7f7d1fb5ce740e010f510f8647c2d238fc8fb,6.159998,6.065600000000001,0.0943979999999991,3,1
0x41d279a9427178201db6924d23cab41dad633165,0.0,0.12,-0.12,1,1
0x41d6977d23b77f1f1e7b54073d9b67253cc826c6,287055.80268,0.0,287055.80268,3999,1
0x41d8ebc1ec036bc568a8aa99a53665c438500f48,23.499999999999996,5.193,18.306999999999995,3,1
0x41e101863384d33f0768adb65b445de93f4d7c87,0.859989,0.8492,0.010789000000000049,2,1
0x41f8b31ebf5be31ed3c2bd4c19bdfb0f349170b2,0.0,104.4,-104.4,1,1
0x420fcd5a1269aa6ab210ba4d42802e2107861cf6,1.03,0.0,1.03,1,1
0x4217f9a49ba65f4b67473a97134aa98c5da9b504,0.41958,0.41916,0.00042000000000003146,2,1
0x422373d5aa31a60fdda7e5c4e5265b42a232a054,5669.646,0.0,5669.646,1,1
0x423bc9bb5ede3c77304f807e3d5813f9703cccf3,15.904079999999995,0.0,15.904079999999995,1998,1
0x423ff75a743cefce6b04ec3ff746766812d5b665,0.019959,0.0,0.019959,1,1
0x425bd11eaa54720de389a90db193a437dd38db08,568575.0,0.0,568575.0,6001,1
0x42667455d4d38437455013bc2430694123322687,10.999989000000001,10.95446,0.04552900000000193,2,1
0x427311c6551a20d6bde2f4b57f10a34f164afa0d,14.999999,0.0,14.999999,1,1
0x4290175044ba48547f1dca8ba47d8a9fdd2afb20,189240.18999999994,0.0,189240.18999999994,2000,1
0x429700481fd069bfef593abd13eb83eed8948a8b,11.234998,3.1932599999999995,8.041737999999999,6,3
0x429cd4442ec6b117fe252e3f8569bb8e730cfb68,1.0110000000000001,0.0,1.0110000000000001,1,1
0x42bb2df41fa0f4ebd9b2ce2b5bcf8f00a4905982,143598.62202,0.0,143598.62202,2001,1
0x42bc7daece497e75eba58186e2088eb72399ed06,2.8799989999999998,2.8303999999999996,0.04959900000000017,2,1
0x42bd58327701963c306bc0780efc04dd37c7b82a,24.75,24.65,0.10000000000000142,2,1
0x42ca6366c7747168411cf337b881f86db15035ec,0.749974,0.74305,0.006924000000000041,2,1
0x42cd223e1bce28f0b5cbf04b1c6ef08d9c1fc774,47951.99800200001,33.21732,47918.780682000004,1999,1
0x42e0b5725864c2c36ea00da13d9e7708cb5bcd64,5671.634,16.949,5654.685,2,1
0x42e38d2b83088e604138225c24ad51f401bf0f87,0.0,0.264,-0.264,1,1
0x42ef6d965cedd7c296a173197d50151163e3c080,50.149998000000004,50.0988,0.051198000000006516,2,1
0x431b78f677e62b736cb18a6c9aa70e1cb6a96ed5,5.999998000000001,0.0,5.999998000000001,1,1
0x433f40be8f85209701c4bc6cd10428d561d1d223,103919.240058,103924.85997999996,-5.619921999968938,3998,2
0x4349517012c249f2fee55c9a74d74d961621cfe5,26.999999000000003,0.0,26.999999000000003,1,1
0x435bd96e3d7317a71a4617722f20804b5a13f42c,307.60318,0.0,307.60318,4,1
0x43bf1f1064bfd99531633ce7684f04d956e17510,378765.3799999999,0.0,378765.3799999999,3999,1
0x43c1865025b6e3aec8ed879abd50047959b3a798,7.9199980000000005,7.8186,0.10139800000000054,2,1
0x43cf49da88d6fbf62f3e8e3f38731f9c576d7c7c,765696.0,0.0,765696.0,8000,1
0x43decdfe381b9220eb634956bb7d1bd965b6ed38,126294.61158000003,0.0,126294.61158000003,2007,1
0x43ec0691b48d44685b6886f6919fac4590754612,70.0,0.0,70.0,1,1
0x43fc4e7ce3f4082f25bd9d1590a553279f6a0778,0.0,0.051000000000000004,-0.051000000000000004,1,1
0x4416ad6f4a31ab982b729ec5e6ede4996e96cd39,0.02995,0.0,0.02995,1,1
0x442b4ab65f24251d8afd3b1ba52e48a641009186,378385.56999999995,0.0,378385.56999999995,3999,1
0x442f61f709de3d290cf74c6baaa2e06eaf4c8904,2.999994,0.0,2.999994,1,1
0x4434c42caaf62a9489f21f0ee5c21e27f9238b27,1889082.1250000005,0.0,1889082.1250000005,19985,1
0x443dc77574b96376ea13c05aaf0f5f145432b949,0.06,0.0,0.06,1,1
0x443f2225990366e9b0476046ab4698ed78211aa8,0.999999,0.0,0.999999,1,1
0x444c8ff7866e6e1704e7e0c926fb1263c3729d2b,0.5999990000000001,1.2240000000000002,-0.6240010000000001,2,1
0x444e1b2ccf56b63e6b54e1357df184843f3401d0,12407.58,491079.74944,-478672.16943999997,13989,7
0x44558216d454ce94d53904cc912c012e6dfbf00b,189809.24,0.0,189809.24,2004,1
0x44678d678d0fb0fddf42751efca56045b6d1b5bc,5.999998,0.0,5.999998,1,1
0x4472a09e85fd7f75556c626133a63bd4e9218608,0.02,0.0,0.02,1,1
0x44780981a558d77bcb4cbb4764166a7b18578c2c,143552.32,0.0,143552.32,2000,1
0x4482c04db14dba95a315c0b94f3dc8ca10e4a709,333338.8111599999,0.0,333338.8111599999,4002,1
0x448861155279dbf833d041b963e3ac854599e319,913.8706,0.0,913.8706,3,1
0x44990802bb6102e6fb37bdd8a9c345ade2c95b4d,380814.88391999993,0.0,380814.88391999993,1998,1
0x44b8f0bbb6b54a498107964592ccf0e6bf0b376a,2.499983,0.0,2.499983,1,1
0x44c1dfe43260c94ed4f1d00de2e1f80fb113ebc1,3704.8248500000004,983.9092999999998,2720.9155500000006,4,2
0x44c1f6b2e4971360a6a56bad991a77e62d86f49c,268.57113000000004,11.0932,257.47793,51,1
0x44f4de051224d75c79eec8129baf1682c9db3e0e,5.999993,0.0,5.999993,2,1
0x450581175d5227ddfd991b521ba03a7b9c4193e4,1.019979,0.0,1.019979,1,1
0x4521c14264d2a56aba783c6f7abd261611b2fa54,0.39999899999999994,0.0,0.39999899999999994,1,1
0x452558f01c877e440627453344196d365b2c108e,0.14988199999999996,0.1488,0.0010819999999999719,2,1
0x45437c2f741f2ed7be219e33e849fbbcb449b24f,143408.76768,0.0,143408.76768,1998,1
0x4546788ba0b88dac9798ce49ad943127982e28df,2.419752,0.0,2.419752,2,2
0x45580feac3b916a88b7513929e26f86b3adea2b3,11372.333960000002,1489.0779400000001,9883.25602,19,7
0x455a5cb2555fd7bd5e5ec525a75a49756b59d912,9.99999,9.97997,0.020020000000000593,2,1
0x457edb2176fa78431f1806fff61b78ea31f330b1,259.48025999999993,258.96078,0.5194799999999304,3996,1
0x45823887b8bd145f42a47bdfce4d60f0c0860e91,10.799857000000001,10.75508,0.04477700000000162,2,1
0x4588a6cd6375d97c64a79e97908ccdf2f5314ff0,14.999995,14.6412,0.35879500000000064,2,1
0x458cf469f4624c1793535c4fc0b3b8127b9d0be9,1997.9999999999995,0.0,1997.9999999999995,1998,1
0x459045badb062ecb6df3b5b4b9a959c88ada9a73,380814.88391999993,0.0,380814.88391999993,1998,1
0x459296944580d700f0ba17c6488be94a8c7ee2dc,6.3180000000000005,0.0,6.3180000000000005,1,1
0x45adde82435aea565a955d572f67cf029d3360a6,0.499998,0.14955,0.350448,2,1
0x45bba5d919561bfbf9b5d506df6db0a3f19aed92,0.999998,0.0,0.999998,1,1
0x45d73337851922d52d16f4a626488735d5651935,10.0,0.0,10.0,1,1
0x45de557ba5ac048fcd2fb95b92e4c44f8f9945e2,51.059889,51.00778,0.052109000000001515,2,1
0x45e84fdba75f1fef3b06ae2cc49cf71f528c15e7,0.0,0.053,-0.053,1,1
0x45e9834a07b48e2e996543828d6168821bbb7d14,0.6992999999999999,0.0,0.6992999999999999,1,1
0x45ed5cbd9d63871de8e465b1abfd11782567d355,4214.30148,0.0,4214.30148,1998,1
0x45faaa58578ca78f971c57dd5d8788b7b4e19ae8,189.525,0.0,189.525,2,1
0x4612b48ba4a2d4e471a5f3d71aa0a22814e49dde,193418.38800000004,0.0,193418.38800000004,1998,1
0x4612eca26850f8bd8a7c75791c720423526d9a05,8.955,0.092,8.863,2,2
0x461b82520b84c16c645b3e265b0895495a8fc921,3.87,0.0,3.87,1,1
0x461d00ec02331499987f4b5bacdbe38f92e82c6f,189596.77615999995,0.0,189596.77615999995,2000,1
0x4624a45d29d5301e3d31968a33460cc9fdcd9659,9.999987999999998,0.0,9.999987999999998,1,1
0x463526d99d4add5cb293f672f99f90a6e1903835,0.96903,0.9680599999999999,0.0009700000000000264,2,1
0x4645e529efc253d125d518a6caee16e4a3bd93f0,51788.152008,25851.04308,25937.108927999998,5994,1
0x465a24e39d47bfe825a14ca32f95530ca5c4ef8c,10.559998000000002,10.5154,0.04459800000000236,2,1
0x465b803c7929c3cbb131cdc708858b7fc7dac609,7991.992007999996,7968.023999999999,23.96800799999619,3996,1
0x466058c5b9bbe9812f3eb43ecab41f412fec25eb,16.999983999999998,0.0,16.999983999999998,4,2
0x466d4bdc56d6215af3b405a78179fb8bc66d0ed5,189.62,0.0,189.62,2,1
0x4673020a8a90144f45f8260559ef3ac11655d8a0,659.3360039999998,0.0,659.3360039999998,1998,1
0x467b5fb9b87bf2ac70e3d6af7100c9353a4c6995,1.329999,0.0,1.329999,1,1
0x469348e9e534d5634733220310bff243ad825c94,389220.39,0.0,389220.39,1998,1
0x46a0f58b32d1987ba457dfb57deb515c6bdb1e1a,0.999999,0.0,0.999999,1,1
0x46a559235296d63e5356b0827f2569df96099d49,0.11999999999999797,0.0,0.11999999999999797,1,1
0x46aa0a86779f86170a40aee8182ed9bd4719ae0e,0.04,0.0,0.04,2,2
0x46c460c4653e354444fdd4d34a820e0db99335c5,26.648,0.0,26.648,4,1
0x46ed85aad10c70d8ddbcc3f05c9216b5d4b3643e,0.139912,0.13888,0.0010320000000000051,2,1
0x4709afcdbbf70098059c6d797e5b98a6eccfed87,97.99999799999998,0.0,97.99999799999998,1,1
0x47208fcc0e0ce096cdba3188262ead67ace39a67,1997.9960039999996,0.0,1997.9960039999996,1998,1
0x472a719d26ce3a1eebd491ee5bcdceeb8393b80b,60051.685997,83.43413999999999,59968.251857,2011,3
0x4757957af2ab00fe035883943db227dc6660cd7f,20.679299999999998,20.6586,0.020699999999997942,2,1
0x476dcb2cf678a9ec390d7409ac87d15cddf42c85,143503.48268000002,0.0,143503.48268000002,1999,1
0x4771bcffcdd3d1e1831cde2d016ebf4090f6bc47,48.5163,443.15947000000006,-394.64317000000005,2,1
0x477f156a229f1a174fdf945c778b7362dd2b19aa,1037602.61819,780.6796599999999,1036821.9385299999,12004,4
0x4798935221f7dc2b665b366dc582e8ac1fe97780,378765.1899999999,0.0,378765.1899999999,3999,1
0x479fb94b5a632ef8252159a5033fe2aa51ce1497,166.49116,0.0,166.49116,2,1
0x47b7e025908fc3b5826e8655606753920aefbb66,35524.43999999999,0.0,35524.43999999999,9990,1
0x47b8314abefeb21dd8de1a79ba67594548855d28,57.65999800000001,57.533849999999994,0.1261480000000148,2,1
0x47beb98f0c9c7508c6cefca00930772e73c16ada,27.999998,0.0,27.999998,1,1
0x47c7e6801289751bc9616edc9a27e250a13cbe07,52.43999999999999,0.0,52.43999999999999,13,2
0x47d2c8e82bb5d46964d6e51d76a3a6596d1fa647,839.1560039999997,0.0,839.1560039999997,1998,1
0x47e91a3e354f725aca39b41d7605c7dd511ace5a,568385.95,0.0,568385.95,5995,1
0x47f41564097e5599b3695db8ac4e19b3bf5c5d4b,116969.31911999997,136845.49635000006,-19876.17723000009,6019,6
0x47f6e2cd28f573959c38de9921e002336f9a24ab,2.249999,6.0151,-3.7651010000000005,2,1
0x4804b5e84782146ad9ae99305f5e60664aa358a1,98.999799,0.0,98.999799,1,1
0x4808525670fd1f814f4ff90e5d6629ce308129ac,228.20956199999998,227.97314,0.23642199999997615,2,1
0x481da6072a0e00e3411437df5d75365db51708c5,49.999944,49.89825,0.10169400000000195,2,1
0x4825bd69c966a386d6f93e6e0930a26b9c3ba33d,7.96,0.035,7.925,2,1
0x482934574b55decaeaa0f5ef8449bff5999bd857,17.93205,0.0,17.93205,1,1
0x483a65490630e68c8c2e8859933947a250b9e9fe,11.139916000000001,11.11362,0.026296000000002095,2,1
0x484dd040c00509be57a0d993ba138791263b8869,0.04,0.0,0.04,2,1
0x486569b7295b76b834a7c14ffdec53471a31ce58,100840.93087800001,100538.10932000002,302.821557999996,3998,1
0x4876717b490e4f0a8cde845878a0e8d15e3186ce,378575.9499999999,0.0,378575.9499999999,3997,1
0x487e937d50c04d61f4e34e6d639eb1345382dddb,30.999995999999996,30.887220000000003,0.1127759999999931,3,1
0x4883df82cb8924a6b42e97650c5cee7998e4bfbd,189809.61999999994,0.0,189809.61999999994,2002,1
0x48884c30a0a5028f7608856860a5d3470ea08edb,5667.656,0.0,5667.656,2,1
0x488bff2a7e8cc5df4998a1bfc2d9fdf595b544c4,21.336000000000002,0.0,21.336000000000002,6,1
0x48901a7e0253e7f9e9febb1d58be98e19784ac25,5672.646,0.0,5672.646,2,1
0x4892d36216e2943c853b3c1161e74f51f96576f0,0.17999399999999996,0.0,0.17999399999999996,1,1
0x48a03fc89d8cb0dcae5fd66a7d51715a2c81c06f,574272.0,0.0,574272.0,6000,1
0x48ad71f1a850a6c144241a935cbd09130c17e12d,1721476.0320000001,0.0,1721476.0320000001,17986,1
0x48b87f4f50fc0508fa0b7bf884bde40da981c188,1.999998,1.4217,0.578298,4,2
0x48cc232169223a859e64c8e4ab723d8dc51ab11c,0.999999,0.99485,0.005148999999999959,2,1
0x48ce249916a61baa957cb3ad4ebae926ef0c12da,12.636000000000001,0.0,12.636000000000001,2,1
0x48d52b3be2c4c176efe57abb37bba70ac72e872d,189643.17317999995,0.0,189643.17317999995,2001,1
0x48d5b701d9e712c0c92699ecce42be542181016a,0.37999999999999784,0.0,0.37999999999999784,2,1
0x48e0a80c98e98fbf94a30a034a44b18afeca1d58,388830.78000000014,0.0,388830.78000000014,1998,1
0x48eb279ade1d18ee2206b06e1f20d9a8cf255e70,97.99999799999999,97.89805,0.10194799999999304,2,1
0x48ecda8c52ee4a27d3af853f24e347cbc31c496c,94.81,0.0,94.81,1,1
0x48eff1e43ba6b7cab714bac382ab81f4c33155fc,347.63901300000003,346.58808,1.0509330000000432,2,1
0x48f2f5148d7119278f92bea7797f45cef0937fed,189525.18999999994,0.0,189525.18999999994,1999,1
0x48f4cdc758b87350f3d3bde913eb39f4dec6bcd5,1.02,0.0,1.02,1,1
0x4919378391074e43951574b9f2f0592c04231a2c,769645.6639200001,0.0,769645.6639200001,3996,1
0x4919e95f85f0fccb72f3c5690c1993d7c548370d,9.89,0.0,9.89,1,1
0x4925095a5a27ab8371ac34b715c7a8783157a45e,5.999998,0.0,5.999998,1,1
0x4926e3940f42d73c61c1ca34246455e73c20f826,0.319957,0.31456,0.005396999999999985,2,1
0x493034e4726beb6eeb73ac0d7a00013bae171a88,0.9999979999999999,0.0,0.9999979999999999,1,1
0x49341db98d00c870dc2925d36a32369cfe376d71,2.999997,0.0,2.999997,2,1
0x49413a89d940c41370968e68a317edaa059049fc,191.424,0.0,191.424,2,1
0x49431d2adb2c1aca50dc88ee0c526ccb0c99d1a1,0.049996000000000006,0.0,0.049996000000000006,5,4
0x4962a8ea2b8e85b6559b7d5e98d7b4d9b0fcfd08,0.039999999999999994,0.0,0.039999999999999994,1,1
0x4974a9bae355e494927976f7979fd6ab8c62a41b,333123.38768,0.0,333123.38768,3999,1
0x497d8a32c61848cdb2cffd77d479ed26ed7cdd78,7132.541999999999,0.0,7132.541999999999,2005,2
0x497f4a8462be38c8f8c38bdafdbbec0a34b25e17,77.344,0.0,77.344,20,2
0x499544ad63eab322b4cba5b54dc261a7e71344c4,567244.5249999999,0.0,567244.5249999999,6001,1
0x49964b0cc40c8ae88934e84dbe77009779ae6c84,12.199997999999999,12.1176,0.08239799999999953,2,1
0x49bb09e5fe43742c0a220c7a575596283b9c5f7f,1166492.3400000003,0.0,1166492.3400000003,5994,1
0x49c069cb3d88bbe8b96a934b84c731052b4785ba,28.448,0.0,28.448,8,1
0x49d1bc8fba008de6914d0b7e927bc9d42af87b96,173393.73260999998,0.0,173393.73260999998,4000,1
0x49ec84d8b9b9154737f26f6721ea96da79e85591,261.39616,0.0,261.39616,3,1
0x49eca9d504cb4db533232a5edd371e87b8aabe58,0.6699979999999999,0.6562,0.013797999999999866,2,1
0x49ef811824f809998efc55fd76eac4d44753c3cf,189737.79317999995,94.42999999999999,189643.36317999996,2003,1
0x49f16f83977cf0b3f18e5ee53a91253c21905fcc,777661.5600000003,0.0,777661.5600000003,3996,1
0x4a11de81c00db80797f69aa66027d05e989d8cbb,28.448,0.0,28.448,8,1
0x4a1eaa6fb5562a7c3581be7901478430c2c7d279,2.409888,0.0,2.409888,2,2
0x4a24a96c87d0051ac0eef03a0bdc2f1148911e6a,9.999998,0.0,9.999998,1,1
0x4a4590a757e00f8161513bcc9d6840d0098d32d9,15.449535,15.42908,0.020454999999998336,2,1
0x4a4785e07e0fe02282ac99cc0b9026b8b30449f5,21.336000000000002,0.0,21.336000000000002,6,1
0x4a561af21084241f430ce29361aeb309c8dbaba1,1997.9960039999996,1982.9350799999997,15.060923999999886,3996,1
0x4a63dd9870cc5d7d8bd688d9d9f62bcc4d01ae51,0.619885,0.61566,0.004225000000000034,2,1
0x4a70ab54362160578f729e458890ca6d4f3d0718,568195.76,0.0,568195.76,5997,1
0x4a8741aca6e1e22f2d75494cab20646f9a1b62b8,5658.66,17.946,5640.714,2,1
0x4a97c3d2351ec6c5b4bac868f58dd7cac4020fc7,18.2,2.0133999999999896,16.18660000000001,5,3
0x4aa6a30fca33da88a94124ac021ef730cda068a2,430582.3192,0.0,430582.3192,5998,1
0x4ab9507f9ba032f1a75fc959ecbfdbc2e263090f,0.9999680000000001,0.0,0.9999680000000001,1,1
0x4ad6cadefae3c28f5b2caa32a99ebba3a614464c,5045.2029600000005,0.0,5045.2029600000005,2,2
0x4ae1c0bfd31aaf5072415ec5d896d9dbc3974c08,44490.061,0.0,44490.061,5999,1
0x4b013300d4fc03f0e32dd0617b7ea1851224d71f,9.99999,9.97997,0.020020000000000593,2,1
0x4b089b44da8581ddaf2b86c9858382edbaecb9a1,956737.152,0.0,956737.152,9996,1
0x4b09e7df2ae7d282576f1e09891f163ab4a0548a,13.999986000000002,13.927900000000001,0.07208600000000054,2,1
0x4b2dabc05fb2c144921b542a1c8fa7448a2a287b,0.029998000000000004,0.0,0.029998000000000004,3,3
0x4b2ff8dc41ae77e5e2e5f3dbad5fe53b0a8e2eb6,29672.4514,0.0,29672.4514,4001,1
0x4b4e982d1ae8d530855fa7ecdeb36dac20f83896,0.56,0.28,0.28,2,1
0x4b5572da07efa13d770d8a087268f9979d780832,1997.896104,0.0,1997.896104,1998,1
0x4b5a53ee7326eb7deb8de2870871093a49b1024b,34.0,0.0,34.0,1,1
0x4b677e1608ca514c411505db922ce620ab5c2f94,7119.111999999998,0.0,7119.111999999998,2002,1
0x4b6ca040a3c3fdfeeb33a4f2f7443a1b9974b14b,20978.998001999997,20935.983059999995,43.01494200000161,3996,1
0x4b738c4c5a39b68eb5237761874cef9150b27ad2,0.999998,0.0,0.999998,1,1
0x4b748ac2db2fba49239376ccf57e2e7ec2830fb7,5.989923,5.9773499999999995,0.012573000000000611,2,1
0x4b749e8b02497e3feb8601bfaaedf5a5a652ed1a,0.9999979999999998,0.99384,0.006157999999999886,2,1
0x4b782b59e255be3e26f524e93ec269c6b0d4fac5,0.25974,0.25896,0.0007800000000000029,2,1
0x4b8756cbef67de10bdf419350de17012e192b0b4,0.9999999999999994,0.01585,0.9841499999999994,2,1
0x4b88491ac4e840583cc3bf30f48052618129e20b,59322.2512,0.0,59322.2512,7999,1
0x4b91aec6be81903cc85edb0eb03b12bd636b8bc4,567149.9999999999,0.0,567149.9999999999,6000,1
0x4ba5127cf6aa62db6c4208536bbaebbeb2a8db0c,11.999976,0.0,11.999976,1,1
0x4ba85c73dcb1b4f86f85d0f1388dca8c142c64ec,1.1,0.0,1.1,1,1
0x4babd7425a5be402ae5b108bb27ef9fd218c1ee7,0.0,0.3,-0.3,1,1
0x4bb2547d10d4af0c3366ab96988fb06102b26c95,5048.06886,0.0,5048.06886,6,2
0x4bb2ebc1ee3b657d47cfa3a2e08a22a383b18a64,0.0,0.3932,-0.3932,4,2
0x4bbae79bb5e1b83e32cbe044ea99bed8512ed81f,49.999999999999936,16.42875,33.571249999999935,2,1
0x4bbe08374beeb3cdb5278421dfcafc1f9ba4ce92,1.036,0.0,1.036,1,1
0x4bc833a50ee776aa497e43486d6a8eb843011bfe,6.999993,6.986,0.013993000000000144,7,7
0x4bcd8cb78375a5c9988bcfe5588259d060f613bb,1.999997,0.0,1.999997,1,1
0x4bce26d3855cb79bdeb6874f45f3d7ce243f69c7,380814.88391999993,0.0,380814.88391999993,1998,1
0x4bd11a673e85e53a4ce47549f7e8e6cc10995fdd,0.05999999999999939,0.0,0.05999999999999939,1,1
0x4bd6ec6528bded00352f5894b4e14988add9b45a,0.02,0.0,0.02,1,1
0x4bfa737405fda2e2c8abc15ac500a7eea6986ed4,0.0,0.78,-0.78,1,1
0x4bfc7f21bb7594d3bca2050b2fa0a0ae289c3078,143741.84500000003,0.0,143741.84500000003,2002,1
0x4c3df7959eb59bce65dd96b05d8105e35beb02d4,333172.225,0.0,333172.225,4000,1
0x4c4aa505acb49d911d0dd2f22e1b1bb67ab033b4,9.999987999999998,0.0,9.999987999999998,1,1
0x4c5161823b788645bd4205d3c0bb52ccbd437b19,189809.61999999994,0.0,189809.61999999994,2002,1
0x4c60e1e4dd11fb8c67d4acb0a11346986c0e96c9,11.889999,11.853869999999999,0.036129000000000744,2,1
0x4c8a69b06508394e6234a058dd0d6cd490286027,0.319998,0.30816,0.011838000000000015,2,1
0x4c8d074b812ccaeb7bcd0da75ba04618be8fd8fb,189.43,0.0,189.43,2,1
0x4c9b4bb9a68ad0bd358842f775bce461b7339dc7,49.99999899999995,0.0,49.99999899999995,1,1
0x4cc3522b689a6bf1fb4a2444c523e7776db47552,3811.98121,130.23983999999973,3681.74137,27,15
0x4ce73141dbfce41e65db3723e31059a730f0abad,432.16740000000004,0.0,432.16740000000004,3,3
0x4ce8abc215b004830aeac97993ecf9a3c9743e3a,0.0,1997.200800000001,-1997.200800000001,1998,1
0x4d0fbdad698ae6d618d6e7f7e871df90d341be63,1555323.1200000006,0.0,1555323.1200000006,7992,1
0x4d123b7bcb06882ef434bb7963d667d887c4ec60,15.8,0.0,15.8,1,1
0x4d150732bd1f1b1cadcf1a0e5033c6a3758bec6a,51.459489000000005,51.40698,0.05250900000000769,2,1
0x4d28d047081d9f041d9bf9ef81d833dfc4ea02e2,11.459999999999999,11.440869999999999,0.019130000000000535,2,1
0x4d2dea94dc8061dcd5e4a0ed130a86b1a258d044,1.299961,0.0,1.299961,1,1
0x4d3831d60709cd72c93aeb9e2d17c054bdb68aef,438753.54385000013,0.0,438753.54385000013,7998,1
0x4d3f288176354f587146358ec682aaa5760fc934,386836.77600000007,193224.58200000005,193612.19400000002,5994,1
0x4d4387d1009080f8d33fd7578063f2b928f6ad0b,5986.004,24.925,5961.079,2,1
0x4d448478bf9332c1a99d6d657e481a2f07ce6900,2.7899990000000003,2.6664000000000003,0.12359900000000001,2,1
0x4d70c899b00cd50d18ccad46c8fbcb3c050c89d2,1997.998001999999,1994.0039999999997,3.9940019999992273,3996,1
0x4d74c939db58074a0337647f007aa8c82823fb53,1880018.076024,1869493.59504,10524.480984000023,23976,1
0x4d9434ed907267935096b831514319711e893e76,24.955659999999998,0.0,24.955659999999998,5,1
0x4d95a74c09d2d79e8a3956a73fc8114be17dc029,1.439559,0.0,1.439559,1,1
0x4da5ef4bd454b1c71756d4ae2d6d6957aef77655,4795.196004000001,0.0,4795.196004000001,1998,1
0x4da704b244ff05f8dbd581a4c83ae7bab7572ae5,0.0,2003.3146800000009,-2003.3146800000009,1998,1
0x4dc1e8694fd1e387901e7aca6bbf64b97642cd7b,0.552,0.11613000000000001,0.43587000000000004,2,1
0x4dd1de98c1ab68b136684b7dbd6fc81893e76788,94.715,0.0,94.715,1,1
0x4de07a090ae416ca945dfcb764e10c0e367a9cd2,8.369886,8.358,0.011885999999998731,2,1
0x4de52bad7cac1cfed2144ceeafd732f834fc8688,1944153.9000000008,0.0,1944153.9000000008,9990,1
0x4df89cc0553a87f38c0d9f45f4d7939e25448b89,1998.0,0.33333,1997.66667,1999,1
0x4dffd7a1a631be0ce8163ca9c0c290600eca9acb,4.9999199999999995,0.0,4.9999199999999995,1,1
0x4e0382784fa2561b832663c6b51915e6bed86367,0.379857,0.0,0.379857,1,1
0x4e0e824777d0e66c0277b00587d96c2806f40a7c,6.3180000000000005,0.0,6.3180000000000005,1,1
0x4e1e602885d178212bf894f001b9048bc3899c45,568101.1400000001,0.0,568101.1400000001,5996,1
0x4e2120736f4e7cb083f527b178f75b8bf2d540fa,199600.2,199200.60000000003,399.5999999999767,3996,1
0x4e238d5be963ceff3017ed86c95ae382a8b771bf,380814.88391999993,0.0,380814.88391999993,1998,1
0x4e2efa4339cdd564da440893feaa4056ab5ff747,18.82,0.0,18.82,1,1
0x4e37e4a1f67966c2fe75c3dcf649aa8ddefa84b5,0.9999989999999999,0.998,0.001998999999999862,2,1
0x4e3bd4900882f5b3385619a0f0fca623f2ff4822,0.5496789999999999,0.0,0.5496789999999999,1,1
0x4e40597a29dfc192b81f3a80078bdfaa79411e77,3995.898102000001,0.0,3995.898102000001,1998,1
0x4e40fdde7687802c57fb2afa5e32851f2673ae90,7.112,0.0,7.112,2,1
0x4e46272109267cc4e2b3950dc1f1cd3f84f17a56,378765.0,0.0,378765.0,4001,1
0x4e49b83a107749b580485bf85568fe0eb820e10a,26.66,0.0,26.66,4,1
0x4e5964a99c729c81e2fddfa448df4730f0880328,12.899997999999998,12.729849999999999,0.1701479999999993,2,1
0x4e65ddc67334dcc6c44d943d85e85fdc9ef6003a,568480.19,0.0,568480.19,6000,1
0x4e784218bb478ad1d50c7b9438bc9ed21d2870a9,1.0,0.0,1.0,1,1
0x4e7a23444cb877ac6bace50a0291de290886443b,19979.996004000008,10.01805,19969.97795400001,1999,1
0x4e8666e8e864708b49522eb7cb524c3f01ca405e,4.999875,0.0,4.999875,1,1
0x4e87686919216b2c0b6c2fee4444e6cce0f4a9eb,107.31997199999998,106.58604,0.7339319999999816,4,2
0x4e887e9504643759ffc8b88598cad5cf19361053,9.96,9.96,0.0,2,1
0x4ea75df5b9457d1903a2f598a53a69c8df33515b,5.119962999999999,5.10279,0.01717299999999966,2,1
0x4eb02bbe7cb1d2d78906a6ef913f1eae5ec9aefc,189.62,0.0,189.62,2,1
0x4eb098ed5bbf0bb253f5e2cc048eea8906510b6d,5666.655,0.0,5666.655,2,1
0x4eb75c317024eac4817335ebf7e1e38a79dacbd2,12.829998,12.81224,0.017758000000000607,2,1
0x4eb85167e92a59b671478bbdaaa901551a6a9231,4646436.1551210005,1185754.1359499998,3460682.0191710005,44206,7
0x4ec2b78de80fd1609cb8df119a90f8e3ce6388ec,777661.5600000003,0.0,777661.5600000003,3996,1
0x4ec75f6adc1e73e51259f044c6dec236f618ba2f,2.599837,0.0,2.599837,2,2
0x4ec929e3e7e0e5a1d525029c2d8f8dc6af962f9b,0.5599999999999999,0.0,0.5599999999999999,1,1
0x4ed1dfc5867223a028ce27f1eebaaf031f5707dd,181.839999,46.5,135.339999,2,1
0x4ed2168a0599b490f1eca1b19ee5b9966bd549dc,2.0,1.0,1.0,4,1
0x4ee63eb397f1590b14faf0d8501a2bd76b38dece,1.018,0.0,1.018,1,1
0x4ee75033cc039595e7682775c43f4b3d56bfa527,39959.996004,0.0,39959.996004,1998,1
0x4efff6833da14ee1f43ae61bc687123204622f35,0.9999419999999998,0.0,0.9999419999999998,1,1
0x4f097bd2309c916a9a9a3c13f1cbfbd8f7a5b550,24.892000000000003,0.0,24.892000000000003,7,1
0x4f1440e78e4ec176f8c83402aa2ea19f75413845,51.049898999999996,50.9978,0.05209899999999834,2,1
0x4f1c9b266dbd54bbe29d6a7ac6df7347e5fcc280,288.99974000000003,288.06577,0.9339700000000448,4,2
0x4f2ba33b080882c0f6b296f48cfd07b6c326f448,139797.41720999999,4.8518,139792.56540999998,2035,9
0x4f4076589e5acdb4c46f2a19576dc975a5edba2e,0.5,0.0,0.5,1,1
0x4f5578fbe6da454b12c12cd0f0da5bff990e0ed0,59297.59336,0.0,59297.59336,7994,1
0x4f721501146cb5ba5c8ef19f63bb7b01dd3d1499,1743.665798,0.0,1743.665798,3,1
0x4fb0a97311613449ff6108c4ac7d707c7ae828fc,51.639309000000004,51.586619999999996,0.05268900000000798,2,1
0x4fbdf4581fd790c90b4a5cef13a2d8f70c3f6537,51.679269000000005,51.62654,0.052729000000006465,2,1
0x4fc1075e00e73c4ca9ef0f67c4b4912f281f9b35,1.2999989999999988,0.0,1.2999989999999988,1,1
0x4fe2dd7a772d5f1bd36fcb9dc3f50b351b99d38d,0.999984,0.0,0.999984,1,1
0x4fe3901ec8f0b254cdaeface80375f503506e8bb,94.81,0.0,94.81,1,1
0x4fe50cb1fd4cdae2be05d699655fd425fe29f31a,0.9999989999999999,0.997,0.002998999999999863,2,1
0x4fe70d02fc34fb4ce609140a1658eda4124643df,50.48946,50.438919999999996,0.050540000000005136,2,1
0x4ffd248a4331dee8a6f90d84657803a9a912c274,14.999985,14.92275,0.07723499999999994,2,1
0x4ffe49ba2a4cae123536a8af4fda48faeb609f71,0.0,12.41,-12.41,2,1
0x5000996ee4e023f72878b0dbdaceb25d3661ad27,956258.5920000001,0.0,956258.5920000001,9991,1
0x5011a82ee3734721b7268bf239c62b2fa2276a1f,379262.7931799999,0.0,379262.7931799999,4001,1
0x50141f60b867c691088ed31b5efdaf17430edd62,326.4516,0.0,326.4516,5,1
0x503d855b824c5f615dc8d70e6fa31a101cfd32e0,5.976,0.0,5.976,1,1
0x50416fc51b511073c222096c78ac2f539d0b0dfb,10.99691,7.85844,3.13847,2,1
0x50494a4a3dd5282a5bf3d019539bba0c0d65d6cb,0.9999909999999999,0.996,0.003990999999999856,2,1
0x5059e6d6f58c7dd8199eb00d64922681fd85fc11,0.219895,0.21846,0.0014350000000000196,2,1
0x5069a2cba0fd445019b2b724919e77f132e8d443,6833.042118000001,6788.64456,44.39755800000148,3996,1
0x5085d3b7ce07d0a75859eedf52dcedeec1a78aae,51.489459,51.43692,0.052538999999995895,2,1
0x5085eeca01a27bb7c32bd5069c573fe660d00e86,373.44719,0.0,373.44719,5,1
0x50874dd06db12c5f31838aeba9729a5370338b20,757341.8999999998,0.0,757341.8999999998,7992,1
0x509f177e856ce03f75fccef65f855398b82dddba,39.11599999999999,0.0,39.11599999999999,11,1
0x50a079bf07508b292aadda1385c1dee314044650,1.033,0.0,1.033,1,1
0x50b93494e39dd5f024909fe269eb2b6a10e77202,1142444.65176,0.0,1142444.65176,5994,1
0x50be4c919744332e299ab741289bf2fb09da7b06,0.0,0.018000000000000002,-0.018000000000000002,1,1
0x50ce37a6e3e760c03932f2f5444bc2f6b04c2943,0.0,9.95,-9.95,1,1
0x50d19ec791678ea8be88a7c5c1164d99c7df141c,378575.9499999999,0.0,378575.9499999999,3997,1
0x50d753635f87f5038cb2cda9471f6aacf185e15c,33.116,0.0,33.116,4,2
0x50d935d70a8df9284d7d1b48f6f6bd09a5c7b2a0,6.9719999999999995,6.9719999999999995,0.0,2,1
0x50dae9dc43178253151b870c08cce24a6c12e94b,23975.892107999993,23814.4617,161.4304079999929,3996,1
0x50e6f26d68eeb0cae7969c503be430d651012e57,0.9999979999999998,0.0,0.9999979999999998,1,1
0x50ea8f53fad4d78527e513c44799ecfdc88f9c23,106.649999,104.328,2.321998999999991,2,1
0x5102f9546d6c0365a5d200abd4f7d07a6eec95ba,35524.43999999999,0.0,35524.43999999999,9990,1
0x5107306163df16bdc5e87a6cbca4478fcf4cbe10,51.019998,50.75958,0.26041800000000137,2,1
0x510759cbff32fc6f444a0367da801a95b764a634,1.9999880000000003,0.91,1.0899880000000004,3,1
0x51316f8d0e8c79ad1ce222898cea837341d78910,2332984.6800000006,0.0,2332984.6800000006,11988,1
0x5135397bbe608304acda91eb32e1f35d2c798839,19.98,0.076,19.904,2,1
0x5154029939b92c5605724361a3eb2979c0edc204,74.999988,74.76200999999999,0.23797800000001246,2,1
0x51608d7cc1a202d1ffabc352f6fdca5c8e7157b7,0.419659,0.41874,0.0009190000000000031,2,1
0x517f0c7a435a60ddfea73eb5622f9202b4e1ba02,0.999998,0.0,0.999998,1,1
0x51833c4fcdedea239fdc5988423d77ce8d33ec07,62980.77601999999,0.0,62980.77601999999,1999,1
0x5184dead47c50c6a79e884b76da8f5c39e2d7d19,0.0,1.1477,-1.1477,1,1
0x5186590beb92cf8016a435f4e1a5d1668f6d55eb,12543.33808,0.0,12543.33808,2006,1
0x5187c76bcfa959332415037952dc7856311f1197,0.045,0.025,0.019999999999999997,7,4
0x5194c6540bf823c66827626a3884aa97fd3af489,10.999824,10.973759999999999,0.02606400000000164,2,1
0x519750010d524b207446e7837128d32656c10b8f,51.699248999999995,51.6465,0.0527489999999915,2,1
0x51a7d8fa2e1a2a861fecec16de8170bbb1ca6bf9,1.2299999999999907,0.0,1.2299999999999907,1,1
0x51a8b884f8b6baad3df6d3832de6b7347f5a8e49,0.9999989999999999,0.998,0.001998999999999862,2,1
0x51ae4fd822503e81be9ea9d5d5e76500c309ce30,2.0300000000000002,2.818,-0.7879999999999998,2,1
0x51b253abb29b896889723e37835faee801a26fd1,0.04,0.0,0.04,2,1
0x51bd5f6495cd4bf8a9bb9e1d3803a983a58ca240,0.13999999999999796,0.0,0.13999999999999796,1,1
0x51cd95f6182077b1e9ab6c152668e212cb16a744,9.99999,9.97997,0.020020000000000593,2,1
0x51d9febd3899aa9d6f70d55c50076aa48054b273,9390.600000000002,0.0,9390.600000000002,1998,1
0x51e3468e3d7c5fe12ef6a29c93b124fea1c6ba65,187.624,0.0,187.624,2,1
0x51e559db3a8d25daa4cdeb0fab793361f09efb27,101.99960399999999,98.69405,3.3055539999999866,3,2
0x51ef26ab3deea8063f5d1ea7b096d572913445e6,0.3,0.0,0.3,1,1
0x51f8a54ccaa9e53f6ff7e862e092562822f48658,5.999998,0.0,5.999998,1,1
0x51fdfe2b23345080ab0b213819c6b41825bf07d4,12.639998999999998,0.0,12.639998999999998,1,1
0x520044affc2debe5b127cbab368671d69b169677,6.83,0.0,6.83,2,2
0x521a389212e92fe736dbe1619e07482a19b12d89,378860.7599999999,0.0,378860.7599999999,3996,1
0x521af1e0103ad696d8579a7012198f039d938e28,1136772.0899999999,0.0,1136772.0899999999,11988,1
0x5222dab06d544143d2466394fc3dd30beffcd201,378670.3799999999,0.0,378670.3799999999,4002,1
0x52275e5bc66cca892e61b99522883929a714ae44,1998.9960029999997,0.99586,1998.0001429999998,2000,1
0x52309a0b0999968f869683cf19fa8ddbbdfeb949,20.886,0.0,20.886,5,2
0x523f5e195ab1974dd996feac8139ba252d897d80,51.959998,51.901559999999996,0.05843800000000243,2,1
0x5241b63159d6506951b4d4a0e5b21e8c19a78f21,74123.94618000001,0.0,74123.94618000001,9993,1
0x5246c5d233e3dc08610d217916ef22e9d246552f,31.554000000000002,0.0,31.554000000000002,8,2
0x525a1286a85aa34e1a9f2f483a6cb04acbbf71fe,65.45,65.31,0.14000000000000057,2,1
0x5263d2079a7f7baad73cb9b2a09eb59e07f1af51,284.75934,23.33295,261.42639,6,1
0x526e195886ad8b59e56acabb54295adecf813bd0,44695.258002,0.0,44695.258002,1998,1
0x52839027ac8032ccd73ba4b1b6644bbfa9cf1a3c,1.999999999999959,0.0,1.999999999999959,1,1
0x5293f70410a685496ee6a324e3bb988c8a111fc2,54.799681,54.52669999999999,0.2729810000000086,2,1
0x529cc88a2d6f37e284262dd183e0d04047a07393,777661.5600000003,0.0,777661.5600000003,3996,1
0x52a48a6deb1eae79487e0eb8806835d898216f61,1.2299980000000001,0.0,1.2299980000000001,1,1
0x52bab6578ce6efeb061626be5671901d6b130afc,1.329998,1.31936,0.010637999999999925,2,1
0x52be72ab1eb05b6afca7ac3b98db074f7cd7755f,5949.096,0.0,5949.096,2,1
0x52be76525070379fdf8fe8f09970f9c7e49e21f2,159.999984,0.0,159.999984,1,1
0x52c24e134a6deaacd8be26be34cfe7325369b7af,189429.99999999997,0.0,189429.99999999997,2002,1
0x52d33d5c1cfd19eb8b90d275f567088a6c36605c,2.0,0.0,2.0,1,1
0x52f01c598765f0133f13b3b28697b827181846d7,0.309734,0.30783,0.0019040000000000168,2,1
0x52f288761e17df798da5d53338ceb6cc40fe651a,51.109839,51.05768,0.052159000000003175,2,1
0x52f92bd3dd339f9e5407e859716155dc0331fa64,0.999998,0.0,0.999998,1,1
0x52fe0b95121086c33684938fd4d0f7fde72e2a91,769645.6639200001,0.0,769645.6639200001,3996,1
0x5307b97edbfc24b27d59c70b6f55c18170b083cf,0.999979,0.0,0.999979,1,1
0x5308f42d24fcb82184de18fab9cadacdcb513221,11227.316400000005,19.96,11207.356400000006,2000,3
0x53096b69bc06f86589012cca2e3aac1278f3e092,56203.732008,28053.598320000005,28150.133687999994,5994,1
0x5310830a8562cabc0e12dcbd49d339df1a738ea3,0.039999999999999605,0.0,0.039999999999999605,1,1
0x531c4a3b51c55a14662c640a13eb3f4c05be3cc9,143741.84500000003,0.0,143741.84500000003,2002,1
0x532bcaee0dd4d4ad0ef80361277d15627787dd2d,699849.9960020003,9.9,699840.0960020003,2001,1
0x532c6de341216b9021c173d4c8a33bb61192addb,379.47434000000004,0.0,379.47434000000004,5,1
0x5330308eba60e3ffef31a4924579fdcc93d3d4a5,0.299999,0.40455,-0.104551,2,1
0x5335c80d92b6623faf62505a4ee23daf3439876d,1.3299720000000002,1.31803,0.01194200000000012,2,1
0x53403997a6347aec75b11096bbfffe82ae5ec691,0.0,39320.640000000014,-39320.640000000014,1998,1
0x5341ac919dfcc7c6c61c5bda641f8961c2e86ad9,777661.5600000003,0.0,777661.5600000003,3996,1
0x534d851d8398c85c16848295948681aab08ddc3d,0.9999989999999999,0.997,0.002998999999999863,2,1
0x535261a4798fcc37a2f3ee1891ddd6eb7914b323,332933.86267999996,0.0,332933.86267999996,3997,1
0x5362457f46b88bad23a53ee231e7ed2153c300d0,1.559874,9477.273240000002,-9475.713366000002,1999,2
0x5367bc2b1a793c8ef8db45094e305508cf6437e0,19.449997999999997,19.1216,0.3283979999999964,2,1
0x537fd753b415823cda121447cf200fa788e02670,0.169946,0.16881000000000002,0.0011359999999999981,2,1
0x538097d7b841c35d99de7be4aa9352a962ca28de,35394385.54501799,12345925.69813,23048459.846887987,54001,4
0x53846989acd2be45404878227fd93ebc51c87408,14.999999999999998,0.0,14.999999999999998,1,1
0x5391f62b2f7016bf6a96286973b312aa9cb84da4,56472.94800100002,55386.71800000002,1086.2300009999963,3998,1
0x53a2035763fa9d4394a7a58193100ae225d7e75e,2.5499989999999997,2.508,0.041998999999999675,2,1
0x53a8bdb2b5c042c54ad8d3c03d8cccdc19399dc3,2.9399990000000003,2.8512000000000004,0.08879899999999985,2,1
0x53ace3b61baeea8b7d769f789634c7bb573a860b,0.9999989999999999,0.0,0.9999989999999999,1,1
0x53ad9ceab4cc4002e2ac955cb3cb08b9fddf8de7,0.259999,0.26286000000000004,-0.002861000000000058,2,1
0x53b33223e317bbc1644f4d0df6ea63af5b3bd06a,0.0,0.24,-0.24,1,1
0x53be7db4f36568fb190bc081a648d90befe97661,33.116,0.0,33.116,4,2
0x53c03cdfa94a39c8d6749ce7919613b08e64f74d,6.665,0.0,6.665,1,1
0x53cc0a3b756f9604358f052d65c3533c0a38c8a7,1.1699979999999999,1.146,0.023997999999999964,2,1
0x53e9a915aa87b7d079cbf687b2f70705641d0072,0.9999870000000002,0.9858000000000001,0.01418700000000006,2,1
0x53f519c66186beac16ed772cfd6e5288575ac4a3,0.109848,0.10923,0.0006180000000000074,2,1
0x53f668b4e92ee6eb51b0fa9ddfe650a4605d0fbf,14.129998,0.0,14.129998,1,1
0x53fa5f1bdddb33a9eb20bb173007e4b5ab97dfe0,378955.56999999995,0.0,378955.56999999995,3997,1
0x540e82bd2264ae502f8058800ff50f60f710fe48,6.674,0.0,6.674,1,1
0x5415a51802aadcfa54e7095e1d18c8a86c849939,1530339.168,0.0,1530339.168,15989,1
0x5416be105c84740cf1a08ebde818eb3d5b91ecc0,189786.49115999995,0.0,189786.49115999995,2002,1
0x5417bb547e7a55119ca572c4047904c7a68775ff,7.3100000000000005,3.6550000000000002,3.6550000000000002,2,1
0x5431a20c76d561eced1b492c18a2a7229bf447e1,0.0,0.25325000000000003,-0.25325000000000003,1,1
0x5447a33438eb421f2867a265ea4971547a3b836f,378481.1399999999,0.0,378481.1399999999,3996,1
0x544ba7cc2e63726f11ebc6e74ba61f4ea869ade6,57.942,57.884,0.05799999999999983,2,1
0x5454ccb037b239a76afd67d5491699c1241de285,0.9999999999999999,0.997,0.0029999999999998916,2,1
0x5459d611ca87c149bb605fdb6b59d4a1d5589b52,0.0,0.015,-0.015,1,1
0x54837251f1b192b7e908d2a5baa78ff7b37430bc,757721.1399999997,0.0,757721.1399999997,7996,1
0x548628b456e6d4d94572005d501bd01bf6760aab,378480.5699999999,0.0,378480.5699999999,4000,1
0x548bc939441fd22f40f620ca22ade977133379a4,44496.77605000001,0.0,44496.77605000001,6000,1
0x54a2aebc667633f3eed01c43dc23877b44c7dc4b,0.999964,0.0,0.999964,1,1
0x54af8a6b8a3351c3935927759ea96ebcaaf4af0b,388830.78000000014,0.0,388830.78000000014,1998,1
0x54b15905d757bf15d7704122638364837cd620f7,4.4334,0.01,4.4234,2,1
0x54ce01cde026c0861862dc4f79a6d75e0a66910c,14.224,0.0,14.224,4,1
0x54f314f5dc7d32f8b47b89730ed2674cc08415eb,378932.5361599999,0.0,378932.5361599999,3997,1
0x54f3c274edbd7f8118a792330fd4c3998b41aaa8,5697.582,20.937,5676.645,2,1
0x54fc547588691128beea8f086826868f1270fa72,19.586,0.0,19.586,3,1
0x55146038db40113e9e6da51e2b2af4fd29202005,189.43,0.0,189.43,2,1
0x5528d51781ab57426e58aa1db73aa21caec364a2,25.579998000000003,24.211,1.3689980000000048,2,1
0x5545d335768c43b21083945ab1ee821afc91409c,0.11999599999999999,0.0,0.11999599999999999,1,1
0x5551b5ca520e5da01b6f8e2f507d8eb947a183cd,4.2,0.0,4.2,2,1
0x5554c9db81d2cd9a348d9b2cc90f520e635a17fb,379050.0949999999,0.0,379050.0949999999,3998,1
0x5554e1d51de70f60a6cfd074705ba4de272332d8,0.03999899999999995,0.0,0.03999899999999995,4,4
0x555eccbfa001b6011e531db5edf01176628da93c,3110646.240000001,0.0,3110646.240000001,15984,1
0x556de768d1d961cd6653e8f5c70dcc58e2a8bae3,0.21999800000000003,0.0,0.21999800000000003,1,1
0x557d4d16ccdabf4b6f0669c66b7be88648078713,383039.424,0.0,383039.424,4002,1
0x55804b808d2fdfba23e7388363d40efbf541a08c,2.9999759999999998,0.0,2.9999759999999998,1,1
0x558882c47d83cef2374e3dd9cd66eca1a4987806,24.098000000000003,0.0,24.098000000000003,6,2
0x559b8c3ad1aec22b622c96a67464c5da9716b270,6.33998,0.0,6.33998,1,1
0x559e9f7f0576354ea7536d872a8bc84e6f126a00,29681.673370000004,0.0,29681.673370000004,4003,1
0x55a02a69fffed44d7bfbf7ddae9a031adebe23c7,1997.9960039999996,0.0,1997.9960039999996,1998,1
0x55b3478a037672a1245917b843cf41f7fa5aa7e1,7.112,0.0,7.112,2,1
0x55b4af6a1cff148a307cad8ad098206a028e80ea,0.0,1.0,-1.0,1,1
0x55c8e65d80ca5d2f3c53d0c90852f6762600bd3a,2.119752,2.10516,0.014591999999999938,2,1
0x55cc7afe8a4c4e2a0fabebb298c64810276f86b8,1.3999979999999999,0.0,1.3999979999999999,1,1
0x55dd25478580751bf9817aa7ac3341d52aa5dde7,0.999979,0.0,0.999979,1,1
0x55fbe0016b05a5f08476f146d93a166a9dd0c8a0,1997.998001999999,1992.0059999999999,5.992001999999047,3996,1
0x55fdba108398a92da14671391fccf6bf2be53f73,51.899998,51.8418,0.05819799999999731,2,1
0x5600ac867f4a32f2539decbf12b2b714b28159a7,378575.76,0.0,378575.76,3999,1
0x56140d6d3f86c0c104bb18f21bb5cfb4e3b2af43,98.999773,0.0,98.999773,1,1
0x562b6f99730de3ed1e063e944f03f54bda791e82,1.02,0.0,1.02,1,1
0x5632d2c83e11d83360ec3227b727b994ced48d2e,12.03,12.016269999999999,0.013730000000000686,2,1
0x5637d1724b98ff6507883246174147a64b1981dd,17.54244,0.0,17.54244,1,1
0x563aa708187f71fc899c11396fda40a36087d30c,473.86,0.0,473.86,5,1
0x56607a13febd8ae11a9540125b93c307b0bd3d62,301.4099269999999,299.78997,1.6199569999999426,4,1
0x56863b8d8d4ef6d9a1debe1f5dc4fb420f0fdc62,383135.136,0.0,383135.136,4003,1
0x5695fb41f512f4bd47a96b40ba82e8f64e69c5fc,353.689956,353.33192,0.35803599999997004,2,1
0x56972e100507b8f7a9f415b5eb41e39da316f49c,2.2399199999999997,0.0,2.2399199999999997,2,2
0x5699b7978fd5a03d8bf79971a6bc87376538969d,14839.554640000002,0.0,14839.554640000002,2002,1
0x56a8fd8847161d1263a3bb4df688db2e2cf8e336,0.0,0.383,-0.383,5,2
0x56a903d79d59788d14762d4fc585997320a3128e,2.9999999999999996,0.0,2.9999999999999996,1,1
0x56ac4f06c203d9dcfb1bc23a0ab06995de35de67,0.099999,0.0,0.099999,1,1
0x56b4c2cc2545b4a45d95edbd9b3d383a9c33648e,0.0,8.883,-8.883,1,1
0x56b9636d8721f0341d16631573a18dd385821be3,1.0210000000000001,0.0,1.0210000000000001,1,1
0x56c86f2736ef46e37cbce97a1633b4194a80ac84,20.729997,20.622709999999998,0.10728700000000302,2,1
0x56dce5b4bff6312e71fc640c997ef5529cbbb719,1158476.44392,0.0,1158476.44392,5994,1
0x56e042d87a3f05b1fb7a02c2725eb1f2867600fb,0.02,0.0,0.02,4,4
0x56ed85003dbec23de5867b58c9fbc952fd3c9e5e,378765.5699999999,0.0,378765.5699999999,3999,1
0x56f4861724a37ef3b919e61d4ee992a06d1e9c4c,777661.5600000003,0.0,777661.5600000003,3996,1
0x571127447d6927e058b32d022e094f71b16278bd,4.999995,4.99,0.009994999999999976,2,1
0x574ea0aa141a05b9c9a261b5b17315253d978dc5,5660.6759999999995,0.0,5660.6759999999995,2,1
0x5751358f757f931e516df74463dc4e6e61e6d4bf,1324968.6099999996,0.0,1324968.6099999996,13987,1
0x5754becbe873d6ba9eefa4eedf214dd254ece515,599399.9980020003,0.0,599399.9980020003,3996,1
0x575cc9b8825163adde611a92aaa0a21933d42ab2,0.0,0.129,-0.129,2,1
0x575ec70b9f73e889a948c69a0aefb6828cf63b8e,0.999998,0.0,0.999998,1,1
0x576630d175b0d8edfab8336abde11765221fc03b,1.9999980000000002,0.0,1.9999980000000002,2,2
0x57940669c7165c05f337a08fd0672004236fc1a6,53.946,53.892,0.05399999999999494,2,1
0x57a9bce32da7007298f626d7147ed9b6755a99d7,19979.98002,10.086,19969.89402,1999,1
0x57c3236fc268f7d30f76bc565b608c6a67509f00,51.459489000000005,51.40698,0.05250900000000769,2,1
0x57c5de7efafb020e589f80e0da6e16e9b5c907aa,7527.531199999999,12437.55,-4910.0188,4,1
0x57d494d8aecd90fb4f48423974f7e48ec1f9ac0d,0.0,164.70999999999998,-164.70999999999998,7,7
0x57dac7cb71bf860f91fee2d4af3c5ac1f14e53c4,6.789999,6.4107,0.3792989999999996,2,1
0x57f7823b1df8a9234b4ef70d2f42ecbb69688bde,9.89,0.0,9.89,1,1
0x5807b55cbfca2b22605bfa209f63eadc3e4c123c,0.999979,0.0,0.999979,1,1
0x581e4b5016299a3a8b075529e8df34bd0e06b955,0.279999,0.27030000000000004,0.009698999999999958,2,1
0x5827dcba3bb191c3a858c83d93ddce4b9203f9bf,332910.92383999994,0.0,332910.92383999994,3997,1
0x5831f967972d7665d6f670250d13e2e640b5d406,566960.9499999998,0.0,566960.9499999998,5998,1
0x58413f77875e83e5de0ced452f3b6ff1c800ec96,2.39,1.195,1.195,2,1
0x58439029c30dfbf581ad62f3c5d75d5b6e53679c,61118.686133999974,0.0,61118.686133999974,3996,1
0x5847e9296332fd345de5cdb45472f5c52529dfc0,947.11729,0.0,947.11729,13,1
0x584e5ad9ee981d894fc70a26d6fdecfa0586a5c4,7.999998,0.5429999999999994,7.4569980000000005,3,1
0x586d9704a7e9b7f7ee073346e6dd52357b7ae086,10908.944135999998,5.441520000000001,10903.502615999998,1999,1
0x58744f91ed701afdc02d55b0467b09ce62c505f7,3.05,0.0,3.05,1,1
0x588851078e318cf39e45b427af506ad409047e72,2.7729000000000004,0.0,2.7729000000000004,2,1
0x5898d3d4dd4daca61d38e0ae2bec0620913e8825,379050.3799999999,0.0,379050.3799999999,3998,1
0x58ad51de010203219092ed39a7eae2aa6a13d166,17.999982,17.9073,0.09268199999999993,2,1
0x58be786152a0571e75772f553dc4d416ee018bb0,93.812,0.0,93.812,1,1
0x58caa2f2787c73901336ce36282a7b28c1a6cc33,277596.9600000001,28.372999999999998,277568.58700000006,6011,5
0x58db6d42b41d25e48310ea09b834fe4ab8ec628c,757983.1061599999,0.0,757983.1061599999,7993,1
0x58e540aa28209faa67ad826324d071f618a0ad64,4395.538062,0.0,4395.538062,1998,1
0x58e9ddeafa296ee6a5e28731df569d7f96b1acca,0.13999100000000003,0.0,0.13999100000000003,1,1
0x58ec568a06818caf2758167ab37f6a7610a77e5e,777661.5600000003,0.0,777661.5600000003,3996,1
0x592186da4305a8a54e61d02306a8c0f602851c17,12.19638,0.0,12.19638,1,1
0x592e11fb5a16f904ebef78bc43d4f8e63fb56b06,62.889967999999996,62.75796,0.13200799999999902,2,1
0x5941bf73ec8eb4ae9b8d7075b51a6484878b3bde,189714.80999999994,0.0,189714.80999999994,2001,1
0x5958d541b0185d94693334bd7a36305b52316b51,28.529909,0.0,28.529909,2,1
0x5961657e9902aa8787270d73cf3745e739b25788,43363.8,30.4608,43333.3392,3999,2
0x59669b6860aad7034804b8b2fcc9ddb9bd8781e5,0.0,0.10999999999999999,-0.10999999999999999,1,1
0x5976288bbd9b6274a4717c260322302a35210219,33.346000000000004,0.0,33.346000000000004,5,1
0x59841dd5d238069c0f165ad9348e1613e1813e68,1339202.304,0.0,1339202.304,13992,1
0x5984617fa42b79c84a527a8770564fba0cff3ea2,379145.18999999994,0.0,379145.18999999994,3999,1
0x59893c62916425813e416f5b7162b789e306eae0,5.409954,5.3890199999999995,0.020934000000000452,2,1
0x598adfc5d53ad030ce0d97cb45a3371cc32cfcc5,15.999925,0.0,15.999925,1,1
0x598f800c50124dcae5e29573711bcdbcecd1ab75,0.0,7.968,-7.968,1,1
0x5993eb3e574e327b7b349fe42d21c1e975e47ff1,13985.944056000002,13949.95608,35.98797600000216,3996,1
0x59987382207c731831817c61c204ef078d7b49b9,1998.9959719999997,0.99485,1998.0011219999997,2000,1
0x59ab9ca3398d888425774cfbc48296103d0e31be,51.559388999999996,51.50678,0.0526089999999968,2,1
0x59b0111358a376a9c039d362d12b335140dcd8ba,0.159993,0.0,0.159993,1,1
0x59bbf4866a5eb414e5d9bd31b2f21ca516ad6d3e,189525.18999999994,0.0,189525.18999999994,1999,1
0x59bed7b371db6880088fdaacdc26e3bb45d6e20f,545.54116,0.0,545.54116,6,1
0x59cfc99c41ba3d8eb869f381bd2f4a626c99d1d8,0.04,0.0,0.04,2,1
0x59d37a523a45c654e3df064a46bd4351de6e59c7,1997.9640359999994,0.0,1997.9640359999994,1998,1
0x59dd18b9190d078734b127c985e2b6b6dcddad3c,0.11999800000000001,0.0,0.11999800000000001,1,1
0x59e3f9e88e94ceb78e9cc0fb996a18b98f7e1b57,523.451,0.0,523.451,8,1
0x59ec4430b89334a39a5762107d44c33c270e0cfa,143408.76768,0.0,143408.76768,1998,1
0x59ee6c6a56d7b00223f0c30f8002c4df762b684d,2493.94612,0.0,2493.94612,30,5
0x59fe71f7f85910939a4106aef3146f8b538782cf,5.999998,0.0,5.999998,1,1
0x5a0a4be7a1c71fc21b61237e188c76fb7153ee15,1.2,0.0,1.2,1,1
0x5a144f5bf8306930b2873c44fd011fbd95f53c37,0.39,0.0,0.39,1,1
0x5a20dfdbc191a58df709c7792c01b07e88d234ab,85894.02,78239.0826,7654.93740000001,3996,1
0x5a2511e75a70fa563d2c579c0b3ceb327f8d2fa6,0.0,3.0,-3.0,1,1
0x5a29ae95421572878186bedf1d79a249b1c81e65,19.99998,0.0,19.99998,2,1
0x5a3a85813ab8809e81216c139769c65b856cb0bf,770.8967400000001,0.0,770.8967400000001,10,1
0x5a4257a81f1bbc5ef622057f974642b608381510,29.999993000000003,29.3475,0.6524930000000033,2,1
0x5a43a434dcb9365b863ed1f1bd5e4a8305224db5,50.88906,50.838119999999996,0.050940000000004204,2,1
0x5a5e862e70e582f68771017957b6db03b692c895,0.579886,0.57536,0.00452600000000003,2,1
0x5a7edcc12e45b2287d58e5fa1069d6358944c6f3,189430.37999999995,0.0,189430.37999999995,1998,1
0x5a8b7275c93df7de2f5cddc4fe9bdd6e011c08d9,95.99980000000001,0.0,95.99980000000001,1,1
0x5a9da8a165c11a2bcf3ac42cc04b93d7c67920a2,5.679969000000001,5.66208,0.017889000000001154,2,1
0x5aa4725acbf83b412124f20ea8a9141125d0490f,63.214,0.0,63.214,17,2
0x5aa995c8ff6c85878eae4167d7a41eddc9863b3d,0.5,0.0,0.5,1,1
0x5ab22ed53be9679b3ace47d1060c2d85ed436435,799.77545,596.4,203.37545,3,1
0x5ab66744c1301a9c0a44347068a782bd074a8cdf,0.6899980000000001,0.6782999999999999,0.011698000000000208,2,1
0x5ac6b4b8196573e8d0292480810c92fe78e1bede,1555323.1200000006,0.0,1555323.1200000006,7992,1
0x5ad5975ae9b8a6cd72641d4d14686e45f0a36826,6.662,0.0,6.662,1,1
0x5adc3260fe82dd457e847f8ad8723fb84bafef00,0.38961,0.38883,0.0007800000000000029,2,1
0x5ae820493a0a59a18bc75e52270cf9b4f41d0285,261.20616,0.0,261.20616,3,1
0x5af1e5510b00f98d257f39008577d1f75a71da69,44479.31381000001,0.0,44479.31381000001,5997,1
0x5afb2e50c306a854d5df01c3ddf248f87490d183,97.999608,97.69905,0.3005579999999952,2,1
0x5b117398b0953103036c83f6a7abdb06cf712939,143860.01818,0.0,143860.01818,2004,1
0x5b1dc85cf71cff9dc503ca287f7456f3f122c2b7,98.99960399999999,98.69405,0.30555399999998656,2,1
0x5b1e3f1ea73c0db8ca1253b7a1a508785f3158af,378.86,0.0,378.86,4,1
0x5b25a4ec6412ab72198e686f582b8c3e1b2caf64,0.05,0.0,0.05,1,1
0x5b3363fe539c7c8939312784eebc0497cea8fbc6,284.43,0.0,284.43,3,1
0x5b3beea3ce8cd2deb9bf7616e2c23aa22f280f3e,379145.18999999994,0.0,379145.18999999994,3999,1
0x5b4667d17df56282276f5655c0399bb5a823917f,14231.111999999997,0.0,14231.111999999997,4002,1
0x5b57873068d2c1595fd6e4194381e897d70e6a2c,1.01,0.0,1.01,1,1
0x5b62a17bad1fa072ff9d51a6916b32ccc808aad7,12.636000000000001,0.0,12.636000000000001,2,1
0x5b6498e0197f5787ef96df597a9fde144c94bf57,5.976,5.982,-0.006000000000000227,2,1
0x5b6afdd234ecba17a9d89e74fe64b962af6d8863,24.999998,0.0,24.999998,1,1
0x5b72025201b751021f47819f3db87baae9548e64,0.09999999999999279,0.0,0.09999999999999279,1,1
0x5b72542203e71e736fba4ed358b022aa6eb50a38,17.999998,17.9586,0.041398000000000934,2,1
0x5b792f2d682a12faf1996fd3b59d05ab550325ed,16.966,16.949,0.01699999999999946,2,1
0x5b8eed895e897270dbf820778c9d2cae15b85e86,0.999999,0.0,0.999999,1,1
0x5ba554daf5bfae482d25aadb86d85dbc23237744,44.899964999999995,44.6244,0.2755649999999932,2,1
0x5ba9ad60a09a701dab91795172d42717001dd18c,2097900.0,182334.28320000006,1915565.7168,5994,1
0x5bd8472e61e56241d3088f265b039ad3bb739817,23.34624,0.0,23.34624,1,1
0x5bef2a9edc19b898f47070556bdbd6e61939a0b9,7108.4439999999995,0.0,7108.4439999999995,1999,1
0x5bf7f1efc2e56ab3ea9a3887d1293d8a9e39ef5f,52.889998,52.626000000000005,0.26399799999999374,2,1
0x5bf933c1e614bddb16ce4f7259c3d741ee6746e1,6.919959,6.8978399999999995,0.022119000000000888,2,1
0x5bffac4ec4b6023709e5c0f6516f2c571a43f30d,0.9999909999999999,0.996,0.003990999999999856,2,1
0x5c2351633fd0657977c1ec7f2026d0696f2e057e,1.9999819999999997,1.992,0.007981999999999712,3,1
0x5c366502bf7a754bc879b8e0e38b888467ddeaae,9.95,9.94,0.009999999999999787,2,1
0x5c54c5962ba087307a534fefe08b9d2183134944,189619.99999999994,0.0,189619.99999999994,2000,1
0x5c5b7f6108e0e315c97f14d9066f3338f49758b3,1.019998,0.0,1.019998,1,1
0x5c602835e727c15c3fbcb03039a45dcc55b767c1,806.8,12.0,794.8,5,2
0x5c697e956ae83ace6535349ddf64c6487aad9695,25.070499999999996,0.0,25.070499999999996,1,1
0x5c7890a3aacb20c280e3eb9ba1555904311d8d93,29.129680999999998,29.09316,0.03652099999999692,4,1
0x5c81c041ffae9c9bf0261b56c3d82823ad9a070c,522364.66702000005,0.0,522364.66702000005,5996,1
0x5c9296e242eeb8a73d3a01ae80e49e2fb4a81be7,189430.37999999995,0.0,189430.37999999995,1998,1
0x5c9541a513b92fbca9704239fc095795fced36b9,189619.99999999994,0.0,189619.99999999994,2000,1
0x5ca2b7b2b170acc531a76fcd65175f0a5b642014,0.9999990000000001,0.0,0.9999990000000001,1,1
0x5ca79ffcd53e41186871efa244cdea550a7bdcb8,17.989998,17.94366,0.04633799999999866,2,1
0x5ca9708d10b1a58ece415152bb289f7440172309,51.049898999999996,50.9978,0.05209899999999834,2,1
0x5cabd9e24467cbfa550fd382fbabc96b2cd38129,1133543.8000000003,0.0,1133543.8000000003,11992,1
0x5cda952fb362edbd3008cd3eeb958af2a9fb60ef,1.012,0.0,1.012,1,1
0x5cdc60231d98decbb717f6bd6b00ea130c3a49db,3.20162,143.77608,-140.57446000000002,1999,2
0x5cebbb6cdcbb2483961e8d901bf47a46a6162bdf,99.75,17199.959999999995,-17100.209999999995,2000,3
0x5cebf33ae2cdc4f73e866606f5247a0817eda4de,1.9999819999999997,0.0,1.9999819999999997,1,1
0x5cf00083dc365363c954c41fffc649bc6ff85e56,189430.37999999995,0.0,189430.37999999995,1998,1
0x5cf33ed3ba52500c65c9471de5a9dd95a3f61465,381.71481,0.0,381.71481,5,1
0x5cfd1732fb3f3059025af87d40254d6c24068ebc,6.359980999999999,6.34035,0.01963099999999951,2,1
0x5d0d1b279045d8ec084a56370ed0fef44a182f65,56839.103999999985,0.0,56839.103999999985,15984,1
0x5d1048f76c13558f9c3a25685d960357957edca1,0.0,26.16585,-26.16585,7,3
0x5d13aff29fb466a5ab513b71f871309b4a773ae2,374207.25216000003,45.487320000000004,374161.76484,3999,1
0x5d23dc7f211ae7faa891d53a476b2c71db343f8a,313137.70719000004,0.0,313137.70719000004,4002,1
0x5d2bd19544a44c6229ddde1b9b40cf9120658d2e,0.48705999999998106,0.0,0.48705999999998106,1,1
0x5d3a78c1435d02a0a44de7a404df94959ccd0137,51.249699,51.197399999999995,0.05229900000000498,2,1
0x5d3d3fdfb37d96ac8cd9197d79d7c05d07cff646,1.239998,0.0,1.239998,1,1
0x5d3fdb7bfe2d43b2aa0488d1a3dae472a2fa789e,0.999996,0.0,0.999996,1,1
0x5d42b8db756ce4930d16e30a7398f9edaa23be26,1.0,0.0,1.0,1,1
0x5d44f5799980fe48325092007cab181c2d3e1b4b,0.30498000000000003,0.0,0.30498000000000003,1,1
0x5d4d3800cb347e766c7ada814cf0eddbeaf24a91,4078.272,3992.0738199999996,86.19818000000032,8,5
0x5d5c61f284071002c64ecc45df69296f0727f97d,0.0,0.12000000000000001,-0.12000000000000001,2,1
0x5d87e3d8c68a9b893cc11d95fd05b779d9120e3f,51.989958,51.935919999999996,0.05403800000000558,2,1
0x5d919727ce4dd39e2762813bde238bf6cb7a78fb,14.799998,14.67258,0.12741800000000048,3,1
0x5d95d1758674b6252349c866f237a01b726bca47,189619.80999999994,0.0,189619.80999999994,2000,1
0x5d9738f326f34c2036590e52646bdbfb52e0328f,0.9999979999999999,0.0,0.9999979999999999,1,1
0x5da37df682658c3e9d4eef8faaed53665cb1853b,5658.673000000001,0.0,5658.673000000001,1,1
0x5da729847ba11e202090ad0ee9ad8166facc3ec5,0.9999440000000002,0.0,0.9999440000000002,1,1
0x5da991d355352d729c38f0199cddd16bb698800c,189430.37999999995,0.0,189430.37999999995,1998,1
0x5dacacf89e7b5cc7df76f81f688504b4d035efd9,0.129998,0.126,0.0039980000000000016,2,1
0x5dacc5f7b7089af295e01f9d36b304fa77c314d3,5.59851,0.0,5.59851,5,3
0x5daece034cf153f6b8cc8f22350863f9cb055032,450.73116,0.0,450.73116,5,1
0x5db8ac43ddd9c7383f5179cba9198bead32d1828,71.11999999999999,0.0,71.11999999999999,20,1
0x5dd22bc770766fc65484fa3ea8f639eb1f56f5c0,288.399994,11.964799999999999,276.43519399999997,13,1
0x5dd2542d6565e7547867dbab313446c1696e0c31,313107.5523300001,0.0,313107.5523300001,4000,1
0x5dd374164a98ed364e8e97a95150c9ab4e91e214,5639.7119999999995,0.0,5639.7119999999995,2,1
0x5dd40116749707726ee0add7af77e3e38816d19a,15.999998000000003,15.9588,0.041198000000003177,2,1
0x5ddfb193a3bc7433f7c4238b1c9009f566e026d6,388830.78000000014,0.0,388830.78000000014,1998,1
0x5de7b5c392048eda64998eda3e66f000ff9dba13,6873.116004000001,0.0,6873.116004000001,1998,1
0x5e09d809847d061a4258223dfca0e34e80d7a2d3,1512116.4250000003,0.0,1512116.4250000003,15997,1
0x5e1085e5b834fc5c7e186efab0c9277c1f44b6c9,0.0,0.051000000000000004,-0.051000000000000004,1,1
0x5e4266cb283cb9f9f93bc33b91ef87112790f172,3.3499989999999995,3.2505,0.09949899999999934,2,1
0x5e4f4a6fb555d56b380d12bc4c1bc155bc5ca702,116243.16447599998,115878.16583999999,364.99863599998935,3996,1
0x5e7c5e7fd4669280dd3f2632b7c564231f8aeacd,1.9999999999999991,0.0,1.9999999999999991,1,1
0x5e83d8472824b47fc2d015d081f4098a77483bee,5.5600000000000005,0.0,5.5600000000000005,1,1
0x5ea72187d4897b3c9598497794286eb210d8ef79,1898.0999999999995,0.0,1898.0999999999995,1998,1
0x5eb1e44a4e53718b3de5fdda3f68de89b09dbd46,1.139716,0.0,1.139716,1,1
0x5eb3c1d80ac2178a0da480ee6106598df3e0b7b5,1.2797189999999998,0.0,1.2797189999999998,1,1
0x5ec3f8ca4e56ad68941e036ba396638c77572815,4.985,0.0,4.985,1,1
0x5ed959fd8018f434f8565a9456a2f3001dd7947a,25973.976024000003,0.0,25973.976024000003,1998,1
0x5ed9a72d003b6fb685a639d41b3fa009d03c3a08,0.4,0.0,0.4,1,1
0x5ef0dc430474f7dabe8f659d8afd88b82652ac06,4.999998,0.0,4.999998,1,1
0x5ef20c8100a84843faad4f0a615409c60e3e19db,22.999892,0.0,22.999892,1,1
0x5ef78d8047eaa5f8fbac51101f336ea968f93b22,156.0,0.0,156.0,1,1
0x5efe5aba8a456cb05eafea82b47b1f3cb03b8838,1.025,0.0,1.025,1,1
0x5f0831d6a05ce03e4b3828e5e9d9c861ab2fae02,0.42957,0.42871,0.0008600000000000274,2,1
0x5f1cfa44639f6591493f249312bf46026c83e80a,59.94,59.88,0.05999999999999517,2,1
0x5f1e358d429d2bf735693d827f7694a87007de4e,190047.88731999998,0.0,190047.88731999998,2005,1
0x5f390e4b7d6f06d6756a6c92afdbf7b3176aa78c,1062553.25565,113423.67104999999,949129.5846,22058,11
0x5f4145e037458b658677d935614519cc9c83bd44,386836.77600000007,0.0,386836.77600000007,3996,1
0x5f418d3363f2c442f6e42c8b531df6f283c896e3,616062.025296,614812.7318399998,1249.2934560001595,3996,1
0x5f53cf2275606259a6b8d1be6b5439abddf5c4e5,129408.79366800003,0.0,129408.79366800003,1998,1
0x5f74e32774118fc9116c8f0f1f7744b3a899334a,14.97,0.0,14.97,1,1
0x5f7cb23530d308a881ecf5fd5b86f20397210440,11.999999999999885,0.0,11.999999999999885,1,1
0x5f849ac0134fa6d2f1da8bd3cd303fc4f8115384,2378.657961,0.0,2378.657961,1999,2
0x5f8db961dadaebd98134545845d3413661b04f08,7.968,0.0,7.968,1,1
0x5f9c4e61e10ba4e40f1b56626ffd5761d24f4060,756004.1044000001,0.0,756004.1044000001,7998,1
0x5fa398be4abaedf38115e553e808dd64509116e5,99.99999900000002,0.0,99.99999900000002,1,1
0x5fb06ed66b12363434ef4b6202bb132ec0071d83,35542.219999999994,0.0,35542.219999999994,9995,1
0x5fb2c483dae03fa55458f38c496284acff120671,33.529998,33.125299999999996,0.40469800000000333,2,1
0x5fba19124acb8a0d61d717ae382dba95217a3653,19.998,0.0,19.998,3,1
0x5fbb7af997d6a3f90ecbfcaabce08314fb1c86ce,568.575,0.0,568.575,6,1
0x5fc6c0a648499f84d38d7152e7be3db9703c937b,379239.9999999999,0.0,379239.9999999999,4000,1
0x5fd61776ca380667e1636b8115efe5ca3ec94397,0.27972,0.27916,0.0005600000000000049,2,1
0x5ffa3de6bd4e9efba833edf893dcdd03cccf0d0c,88983.22454,0.0,88983.22454,11999,1
0x6003d380a82a525e86353ee0ec6e6d220feae434,1944153.9000000008,0.0,1944153.9000000008,9990,1
0x60061684dede29f878cccb81c9cafb8a480eb741,189430.37999999995,0.0,189430.37999999995,1998,1
0x601cb550aba25d70c6a661ebe56d76011f43ada5,1166492.3400000003,0.0,1166492.3400000003,5994,1
0x6059659c985b8d82004e30abb1f8e4f12d4cfb7d,45.77,0.0,45.77,1,1
0x6098e4354f0f873ef78ae3449a364b1db028bb40,110269.50211799997,54.96254,110214.53957799998,1999,1
0x609f056a8412b19a7f687dea912d4691fde8df9a,50.929019999999994,50.87804,0.050979999999995584,2,1
0x60a60a382cbebc426171545a69b30b6329d1a8df,1997.9960039999996,0.0,1997.9960039999996,1998,1
0x60a7c0f4f91910e7fafd6adbcad6938a701fd6f7,90449.45999999999,87929.98200000002,2519.4779999999737,3996,1
0x60a7e3950219c176f361566ab0cd70eb4b5fdf29,0.6,0.0,0.6,1,1
0x60b994365ad75a9d3866f23f9c7063ada7d39681,5642.692,14.955,5627.737,2,1
0x60c3b8991bb70f57aa6838544f8f88d7ac59f7bc,94.81,0.0,94.81,1,1
0x60c8c19a5356f92bdb0fc5a7dbbc5e66402131bc,1110.0,0.0,1110.0,1,1
0x60cae62e8f589ef319e376106c6862861df3ac7e,0.9999909999999999,0.0,0.9999909999999999,1,1
0x60cd7dfd942584e1ae3276f0967326d8ee314d3f,50.149800000000006,50.0996,0.0502000000000038,2,1
0x60de33a034ff7fb23269312954b6752b9e680960,35.559999999999995,0.0,35.559999999999995,10,1
0x60e2be2179866081034c392e61f2c791adee6b27,945060.9500000002,0.0,945060.9500000002,9998,1
0x60e5f37f683b761110cb0c9d3b488cc5cc60b313,0.9999989999999994,0.0,0.9999989999999994,1,1
0x60eefb24636cd0f36a88daa8cf50340d0be79de7,4.0999989999999995,4.0188,0.0811989999999998,2,1
0x60fcbc2f65b7a4517676e84efb67791e689654f1,756193.1544000001,0.0,756193.1544000001,8000,1
0x61079355e803edbe022fd11d5075ba011858d95c,1339202.304,0.0,1339202.304,13992,1
0x61111d83a26f869919c42c1ec8b6db2f8ee7c02f,49.08,0.0,49.08,1,1
0x61237f2e40a277f579bca4d47af17241066f586a,50.719998000000004,50.66652,0.053478000000005466,2,1
0x6139c42e48cf190e67a0a85d492413b499336b7a,139.92909999999998,741.5760399999998,-601.6469399999999,5,2
0x613ccb64d11ac58a333e976ea39f1adf010c8044,0.0,0.051000000000000004,-0.051000000000000004,1,1
0x614d965668f7ab83d2226e22231abf0bd158027b,28419.551999999992,0.0,28419.551999999992,7992,1
0x6152b5ea93cdff2569d5951ecd42c60c8a011352,0.03,0.0,0.03,1,1
0x6158b235ecc08f2e40f7a422d76515702e1a62a9,5937.102,5937.102,0.0,2,1
0x617a857560baadcd4606779fd5664dedfdc6ad9c,32.004,0.0,32.004,9,1
0x618b2a1dd80f9500f9fd12b0434d4fa30a289a91,44501.38104000001,0.0,44501.38104000001,6002,1
0x6193514cd3a919dfa2a6308028adaab8647f5844,0.0,4.97,-4.97,1,1
0x61976d979c3a55fe1bda4adb6b7f3a854da2e92d,15.80418,15.7765,0.02768000000000015,2,1
0x619ec8253b6d7976a248b17ad0e66444473acf59,0.629932,0.61803,0.01190200000000008,2,1
0x619fcc44f71fc0650c20a9fa6ea7e03975e9d8aa,0.1,0.0,0.1,1,1
0x61a20e05a8ce8e19671cafe974c8555fd82ade30,1997.8881119999996,0.0,1997.8881119999996,1998,1
0x61a6b95e256caa56f884772f22d87388e5bd592e,765313.152,0.0,765313.152,7996,1
0x61a972aa2a659b58e17fd690a2f73f110c7fd092,0.0,714541.0457799999,-714541.0457799999,15995,2
0x61ab937615d435c59197a4a81188b634e6a4d499,1.9999819999999997,0.0,1.9999819999999997,1,1
0x61d01f24d0ffbcc50a9d74262819c61bcb0dfca2,32.5,36.5,-4.0,2,1
0x61d203de9d4fb917e64b3a6f227de852489a071a,2.549617,0.0,2.549617,2,2
0x61dcfbf83038567ec93e0fb1d934d6c88956406d,1.549776,1.5407,0.009076000000000084,2,1
0x61e25c4f6be2fa5f94135eb1af4d86dcc7fed2af,0.999936,0.0,0.999936,1,1
0x61e403b36b0cc85970c2988109d8d537b87487cb,308.99969100000004,308.6814,0.31829100000004473,2,1
0x61e4448fb1d0863515b7664dec71498b431e5339,1998.9959719999997,0.99485,1998.0011219999997,2000,1
0x61ea9f5af4db47f8b26e4c7d84a804314cde31f5,2.999999999999974,0.75,2.249999999999974,2,1
0x61f8f127539346dcc28565369977f95f46afd5a4,16.999944000000003,16.978499999999997,0.021444000000006014,2,1
0x61fac7c876359b3fef5abfe439438f2a542a3e36,98.99971500000001,0.0,98.99971500000001,1,1
0x6203415d9aaf92d604d1503098097b14edae4fdb,143598.38768,0.0,143598.38768,2000,1
0x620bb9d29a030c5dd61e60701d8ddbe81ade6f41,189740.42347999994,0.0,189740.42347999994,2002,1
0x620c11e1a64adc8860f3ddebb06a0fe3b517253b,0.02,0.0,0.02,1,1
0x6223fc4ef20c607f8725fc16b37cdb99ec0a81fa,0.109992,0.0,0.109992,1,1
0x622d594e0cddd41d95157d7e731040c5a890a296,189525.09499999997,0.0,189525.09499999997,1999,1
0x62318b88faf40f93eb8897a78a0d642f9507d61f,13.489998,14.4495,-0.9595020000000005,2,1
0x6236dfdd2caf59973152a0748be8cfb14b3e41be,16.552,0.0,16.552,2,2
0x6245ca7bf56ada6f327785c7771e893efbe9d3c0,19.384999999999998,0.0,19.384999999999998,4,3
0x624fae95d988d33eccb22287bd627d5b3eb9e07b,0.599997,0.5735,0.026496999999999993,8,1
0x62623595de636521500f369217088473cb6f9beb,0.039998000000000006,0.0,0.039998000000000006,4,4
0x62685caa7f51850c870c65bc39b436a8234af138,199.79600400000004,0.0,199.79600400000004,1998,1
0x627f3dd37a60ec38fbb4f0e177bfe8db49f0b1cd,189904.04999999996,0.0,189904.04999999996,2003,1
0x627f52d21804e26264b5bb068edd035d47ed6f50,0.999996,0.994,0.005996000000000001,2,1
0x627fe2f531df16bf5574a8a185a9883953650f71,189240.37999999995,0.0,189240.37999999995,2000,1
0x628ff8cdc30623a92f38565f81715918e65e0014,74140.43590000001,0.0,74140.43590000001,9996,1
0x62989fe393af3ed27f4e79573ecd6f3a734d458d,9.89,0.0,9.89,1,1
0x6298ab35938d564546ea47e411defc442cbfc466,85258.65599999999,0.0,85258.65599999999,23976,1
0x629bc4a1e53e1d475beb7ea3d388791e96dd995a,8239.832999999999,0.0,8239.832999999999,3,1
0x62b9a8cd9df4ff96d19df30079381848d3d31035,56839.103999999985,0.0,56839.103999999985,15984,1
0x62bcc7fa45f1b31257621daa3360b1dc65a7207f,12.999792,0.0,12.999792,1,1
0x6318da32aa14f11dd0a4433fa8631f0df8b6591a,229.36886199999998,226.97235999999998,2.396501999999998,4,2
0x631e3d33964739c8200c0c2805744d8eeab84f31,14.224,0.0,14.224,4,1
0x6348d99f641601e1843527a107400def21890764,19.99999899999997,0.0,19.99999899999997,2,2
0x63492037563529c669a41b08f40d9ba533241df4,0.0,0.996,-0.996,1,1
0x63502fe09f3b00810de0009ecd52b28bb25cfae9,0.03999999999999965,0.0,0.03999999999999965,2,2
0x6356fb47642a028bc09df92023c35a21a0b41885,0.0,0.6232800000000001,-0.6232800000000001,3,3
0x635c60f2a62caaea2fcd52bde6d379a530307a75,13.8084,9.2056,4.6028,2,1
0x6360c996d8a85806ec129e27b7bbd1cf629190f5,1338819.4560000002,0.0,1338819.4560000002,13988,1
0x6362b15cb2077eab7176232ff5281e459be0baaa,0.03999999999999991,0.0,0.03999999999999991,2,2
0x63836a70042b3efe4c59b7d155b35f3e0fc9ab5f,735.5855,0.0,735.5855,9,1
0x638c30faa259539a0b95869decf8d9140e19f62a,0.569997,0.0,0.569997,1,1
0x6390f29986448e821f3b274379ad7c81b1f0ac3a,9.96,9.96,0.0,2,1
0x6392bbfaf47f08332a468530421db43e747b6cc3,142.339999,273.0512,-130.711201,2,1
0x6396def76be2cb1b441724a40fbfeb69d1cf353b,737.2370599999999,0.0,737.2370599999999,10,1
0x639f75a0db7f70b73cafc89c8df7fd7304b215d7,378478.1000000001,0.0,378478.1000000001,4004,1
0x63a6c8e7065099fc3362a62a7271d2e2a6bcb1f0,0.0,0.093,-0.093,1,1
0x63acfb946b2bf8985be9babad189c627baebb7e9,0.0,0.036000000000000004,-0.036000000000000004,1,1
0x63be891eb1f3c5746e0f34e3d912635ec54b9e6e,6.979968,6.958,0.02196800000000021,2,1
0x63c31c7d10a4ec9806ce1c4ace4d5834afbb9dca,1998.9960029999997,0.99586,1998.0001429999998,2000,1
0x63c6aa6092c854216414884a8ee5a84939a32946,0.9,0.45,0.45,2,1
0x63caa762abe8a8b03e06223213491746b0c62c61,19.986,0.0,19.986,3,1
0x63d100d9f8ee957a5925727f9a06b701b683616e,306.96987,0.0,306.96987,5,1
0x63d43bbb87f85af03b8f2f9e2fad7b54334fa2f1,2428750.6868100003,1.48717,2428749.1996400002,56565,19
0x63dfa95739f7bd0099e52fb5eec1efe929d59358,67.932,67.864,0.06799999999999784,2,1
0x63dff1015e2243fcca196f6eff1746a0d94c8d0c,0.39991499999999996,0.388,0.011914999999999953,2,1
0x63f1557aa24e04afe36b2f36a3e4c2eeb8526272,6.1,0.0,6.1,1,1
0x640ab0e7c7c55a487256685884646426f22db46d,0.9999989999999999,0.998,0.001998999999999862,2,1
0x64159503ec82054a8b39019846706c95e0d24664,4.999998000000001,0.0,4.999998000000001,1,1
0x6432ecbd2f873c07350f558649f1ca36c92fa515,0.769684,0.76692,0.0027639999999999887,2,1
0x6435534cf035416be8cfd2afcf0e08488e40a19c,35524.43999999999,0.0,35524.43999999999,9990,1
0x643574f1a7c63c73b8478bc0baa1f330966362dc,9.999996000000001,0.0,9.999996000000001,2,1
0x6435956e030fa99d7af82fcb5f620ad6d97b1e52,1.519955,0.0,1.519955,1,1
0x643c64848464f6debc134f5dd02274a95c0170f0,35524.43999999999,0.0,35524.43999999999,9990,1
0x6446bee55d21ca447a937c3e248b4550441b1a2e,1997.9960039999996,0.99586,1997.0001439999996,1999,1
0x6453b2ec23b13317a1d0ac1010d48ca617d27e49,9.99999,9.97997,0.020020000000000593,2,1
0x6458531a489c9445b5215025d24ad5a2011547db,189240.37999999995,0.0,189240.37999999995,2000,1
0x645a1d4f69d045eccad8c0fe6f3a5fe348e04c31,29686.98726,0.0,29686.98726,4003,1
0x648fa996299ac9e8ddf5fccc0f1d0eabe541e84c,44484.978010000006,0.0,44484.978010000006,5998,1
0x64a070e40e45934a2b720f4a29a3808258760b8f,0.04,0.0,0.04,2,2
0x64a46930bec4b0c017b07dce0d905bbb32779878,1998.9999999999281,1.42198,1997.578019999928,2002,3
0x64b2fe307cccdcd21288ec1d7fea2a4b285f75dc,15.999951999999999,15.943620000000001,0.056331999999997606,2,1
0x64c4abd22a3a0edf5593da173f4d62ea72aaaf45,0.03,0.0,0.03,1,1
0x64c668f496860be36577b0f85cf93be2f4b04867,9.99999,9.97997,0.020020000000000593,2,1
0x64cf2797073e5e8e5745828e575210cc297fbe02,0.9999999999999142,0.0,0.9999999999999142,1,1
0x64d80740e17258577924be1438c0c37c76b18704,3.2699989999999994,3.1713,0.09869899999999943,2,1
0x64eb3dc221a19b79a968e9c9fb28d347ad96967b,199.99999799999998,0.0,199.99999799999998,1,1
0x64f232a4b9ef5fead15d23c8d46260f12615eece,6.999997999999999,0.0,6.999997999999999,1,1
0x65162d00c4c3c9ed8c90a81e406aa456b8c248d2,50.959989,50.907979999999995,0.0520090000000053,2,1
0x65257b7f1373c8c3c58c59dcbba23d947e79853b,0.0,9.98,-9.98,2,1
0x6529f865a42dd6c6c5fd74c98bef09028a5afa50,0.0,33422.54400000001,-33422.54400000001,1998,1
0x652a7ddce16e39313be151edd0a4618a493b598c,1997.9960039999996,1993.1248799999998,4.8711239999997815,3996,1
0x653dcfa333558545fb0e85d44011bfd09439411a,11.999988,0.0,11.999988,1,1
0x6543077ea8b082c9944ae258ce88270e86a00bc2,1496340.4816800002,347072.87970000005,1149267.6019800003,11988,1
0x65615f9d586866d0dd49592ad396f9ac7980ea9a,2597.396004,0.0,2597.396004,1998,1
0x6565b28a6c3a203e14f2e03907342793bd097281,1324.999998,1321.1154000000001,3.884597999999869,2,1
0x6578e1dd549479893f601f81fb74ee6bd14b2c74,15.999968,0.0,15.999968,1,1
0x65816811ef3974f100d01db8bb511b0f3ffe9d27,378194.525,0.0,378194.525,4001,1
0x658530aec3bf72e96bf980a069ca1ed41564c4bc,1.4195790000000001,0.0,1.4195790000000001,1,1
0x658533801c6ea6cb30ccffda69a9078d6e02fca4,1.9999860000000003,0.0,1.9999860000000003,2,2
0x659b2dee534739e179fee7373be6883e80da796f,388830.78000000014,0.0,388830.78000000014,1998,1
0x659e82949c7806023ee58ad27a036dd85609793e,1.027,0.0,1.027,1,1
0x65a16f96c7d50c21913c2fa143dd272c528b4143,437063.1053,0.0,437063.1053,5995,1
0x65b3430835b5dea004f3178b6f86902f15da218e,125835.40815000003,0.0,125835.40815000003,3998,1
0x65c33e1d430800f17727905295ee9224a737dbbd,1555323.1200000006,0.0,1555323.1200000006,7992,1
0x65cf10a294d26fa6ed966526c80244e713f6c8d1,39.11599999999999,0.0,39.11599999999999,11,1
0x65cfe43002d2c3a1c32b64a90f1d880987ea0d2c,1539291.3278400002,0.0,1539291.3278400002,7992,1
0x65dbe03865bab6aba2002b6fdb3b985f01594a6d,121396.84164000003,121153.80491999995,243.03672000007646,3996,1
0x65de6f3cf9eca11f3b865234e93f86fe393a29c8,0.279997,0.0,0.279997,1,1
0x6606be554989a89a22eaf455ccf646e27035e4cf,35524.43999999999,0.0,35524.43999999999,9990,1
0x660841855373671c53e94da1588c6e7b075c9999,2.5,0.0,2.5,1,1
0x6612a1c83cc2fcb901ee66e93ed23e9e74db4be6,0.04,0.0,0.04,2,1
0x661b5a28fd062c3694c63794bcb51d00c3be671d,2.099682,0.0,2.099682,1,1
0x6626c7860965be897704a1225383d09cae4cdc3a,679.3160039999998,0.0,679.3160039999998,1998,1
0x6628c206b9882d97aa11ac366189c04e1d180ed9,0.03999999999999991,0.0,0.03999999999999991,2,2
0x66295afae0cea7dd80cd11a7ea2569a51ab8c74d,189881.20615999994,0.0,189881.20615999994,2003,1
0x663e21166595acf8b7c387233cc2daf6ba8161c8,0.0,0.0049900000000000005,-0.0049900000000000005,1,1
0x66406c257f7c3d180835bdab2f0bef7216001a4d,99.99999999999994,0.0,99.99999999999994,1,1
0x666d9dd320da60865fac6b52082eafdf9fd969ab,189.43,0.0,189.43,2,1
0x668a503874deff74a0e5663966e51fdefb82e8e1,1.439998,1.4352,0.004797999999999858,2,1
0x668f84e6fb8c9e2d1eda97c22711cf62110c9650,193418.38800000004,0.0,193418.38800000004,1998,1
0x66973e9ad96043f17dabf0fcb02316d2b7bb19ae,218673.10799999995,218229.55199999997,443.5559999999823,3996,1
0x669e352adcb73741ad0b6b255eb427c565266ac9,42.969982,42.73185,0.23813200000000023,2,1
0x669e4df08aa201f53abff0ea3dff4e01bb261bbb,33.043184,32.940329999999996,0.10285400000000067,4,1
0x66a3ac16ae6788dc91cd2cc8e168e923b003f9f9,3.0,0.0,3.0,1,1
0x66b72283cfcab79cc7d8152f93cfa60fc49f7c80,2.689999,2.6466,0.043398999999999965,2,1
0x66cf0e88d700cacaf1e0f5459191130b69fce3c8,0.04,0.0,0.04,2,2
0x66dc826f2a0897c0b6c33f9f549b0952c50943c1,5.219998999999996,0.0,5.219998999999996,1,1
0x66ff4bf07081f912dafaccb3b84f5ff416e5c392,133.73999899999998,124.91,8.829998999999987,2,1
0x670fb2b7da7b89c6c997294c2074e491c8e31e14,2.159672,0.0,2.159672,1,1
0x6716f5aad304e75ef383fbd588d7a6f9c3341fc6,11.999918,11.929339999999998,0.07057800000000114,2,1
0x6738af3bffc24ba564d6dae62e4a75576bfbbe66,13396.890062999997,17.05311,13379.836952999996,2002,1
0x673fdf969b419af768e0e52251e24aa3b23bb8ed,31.999982,31.86886,0.13112199999999774,2,1
0x6748e7d9c571a613e10a2a10f2089e09cfecae1c,0.839817,0.0,0.839817,1,1
0x674ad1897afefcffed4755410e845a0b1b72ea03,6.662,0.0,6.662,1,1
0x674b599840ef708166ba6f316fd5cf44b46ec20b,0.0,19.68,-19.68,1,1
0x674c8d0aa9496909c2c74a7d186d6f36b5da2bbb,0.0,5.964,-5.964,1,1
0x67528786f155d8bd6e743a95f38c0fdced2ee971,0.199999,0.0,0.199999,1,1
0x6759acb06a75a2a520d1f27ee6b1492fb02cc9ba,143575.25884000002,0.0,143575.25884000002,2000,1
0x675d022485e0a8e3df6db580605d68474e65ab28,687407.81067,0.0,687407.81067,7997,1
0x676e06e90ed0e8b91d9d9142909415215d8c0fcc,24.999959000000004,0.0,24.999959000000004,1,1
0x678f2b6c1171beab80b6da3cef332f26cb08477d,378955.47499999986,0.0,378955.47499999986,3997,1
0x6794654ffb7900273dd84c97e76de2893e2f63c8,0.149985,0.1473,0.0026850000000000207,2,1
0x6798f406041dc5111b29fc046b686326f0b6c7e7,1.359639,0.0,1.359639,1,1
0x67b30bc1a6ffdf9db1824861d09ff38aee0e9fa1,0.999984,0.0,0.999984,1,1
0x67b3ec4b220a217fbee09f365ebde7bc023dc546,0.559981,0.0,0.559981,1,1
0x67b6eb651375908ec7ade9050ac182820d0db4e6,9.999998999999999,0.0,9.999998999999999,1,1
0x67dd85528c6586f5c39a01a04cedef74dd17fa21,1.0150000000000001,0.0,1.0150000000000001,1,1
0x67df062792047b772029f1123b234151b895772f,99.999988,98.9334,1.0665879999999959,2,1
0x67e289442f3c0c871e768067f05efbb8d788474e,4.999998,0.0,4.999998,2,2
0x67ef94d032a6f5c012772219886275ec35714973,51.119829,51.067660000000004,0.052168999999999244,2,1
0x67f2aa1061c96891f1ea7d600d26c3041930c2fc,1997.8881119999996,0.0,1997.8881119999996,1998,1
0x67f53d5618335d5e9f0d7204651e192ab1f8f2d6,1997.9920079999997,1990.0080000000007,7.984007999998994,3996,1
0x680dbe758867e1ed623aea82a68cea2f477c3cb9,23.999997999999998,0.0,23.999997999999998,2,2
0x681b2ecd62afc3a1e179fd608a7064e3813dc067,0.25999700000000003,0.0,0.25999700000000003,1,1
0x682739793e64c28f95c4cc15bfa0e798ee3c783b,57.849991,56.592000000000006,1.257990999999997,2,1
0x68316ce6c2180bc9de6f8e9f9925191ec8bac6af,94.81,0.0,94.81,1,1
0x6850a0888bfbc404d4289ff26bf31008e79d8aa1,956641.4400000001,0.0,956641.4400000001,9995,1
0x68843717806cf922b75f3fb31ecc4dfd9a3aa363,4.999999999999991,7.5,-2.500000000000009,4,2
0x688c85b21e2f5d90635875c3d1763740a8176925,333029.09702,0.0,333029.09702,3999,1
0x68963039b9f2362b5bf65aead232b85e1a2912d7,3.429999999999935,1.37616,2.053839999999935,2,1
0x68a2cfab6625d2cd8ba2b7b3b38dd6bf05270111,2.3096050000000004,0.0,2.3096050000000004,2,2
0x68a9dd1480c3068546ba6934a78fc6f6dc63c8be,1.619995,1.61082,0.009175000000000155,2,1
0x68b2cd50d14016193bae019d45af31ac56c9d603,42629.327999999994,0.0,42629.327999999994,11988,1
0x68d9e9ecb811f1659094f67fa785e1e9ed7c71d5,50.479998,50.42748,0.052517999999999176,2,1
0x690799d6ea5edb88474d0618cfd18d86f202ae03,26.839997999999998,26.72544,0.11455799999999883,2,1
0x690d878d0fdc4aba851f2352570ad11431527388,0.0,1422115.9804799997,-1422115.9804799997,1998,1
0x690ebdccd6b42c7b07c95c664f31d3a35015ac6e,5.0699879999999995,5.05856,0.01142799999999955,2,1
0x69111d5f8a7d2a4460799cefdf4fa11bb890bc9e,21314.664,0.0,21314.664,5994,1
0x6912f7eeb875006beba70d0c5efe7521eafa27a8,0.0,0.08,-0.08,2,2
0x69184f4ae08d7b08117b3ac2c25894633e4cfadb,567816.4249999999,0.0,567816.4249999999,5997,1
0x691bb1a40a8d77e935975f64dad8898627c2b4ae,574941.9839999999,0.0,574941.9839999999,6007,1
0x693c9dafd9ff891783e3cd0c7c252918db076f7d,39320.640000000014,0.0,39320.640000000014,7992,1
0x6953ac0dad251391a79363a6a6ed778f0ed27574,2.0,0.0,2.0,1,1
0x6961ee867aed3741441e9017f6d6ba1da6be0038,0.869716,0.86478,0.0049360000000000515,2,1
0x6970de64a1294b8bc1fb0c3cacfde3a1bed23148,42.67199999999999,0.0,42.67199999999999,12,1
0x697355d95fb6b851577184d3d3e6c00b65b66bc6,568859.24,0.0,568859.24,6002,1
0x6975eb46e705eb6f576d42f5b43710356a672940,5643.714,0.0,5643.714,2,1
0x69b5f4093741129416d38616934724cd1993252a,287222.38884,0.0,287222.38884,4001,1
0x69c20f8c4eac4bf6600fdc0fa2c38e833caf3d97,1539291.3278400002,0.0,1539291.3278400002,7992,1
0x69d086463ef958672e21345314f91d724d47709b,143954.40384,71.5604,143882.84344000003,2005,1
0x69e764cdb24ed51ade5e1fc1eb2d822179ea0a33,522.60232,0.0,522.60232,6,1
0x69e7ad68b5f11e97927e4bd938baf7dfb60bd3b0,153.8458,0.0,153.8458,2,2
0x69ed7c29afb410e120157934ab0dbc0a8eda0cfa,9.99999,9.97997,0.020020000000000593,2,1
0x69f3ba62e422e7946acca49dbe173b2a85fc4d34,0.019998000000000002,0.0,0.019998000000000002,2,2
0x6a138d936742a0bf79cc6af0065cf091652d94fa,143503.48268000002,0.0,143503.48268000002,1999,1
0x6a198d9f996460fb398578bf0ea805645ed9e991,9.95,9.95,0.0,2,1
0x6a227401c1bea82fccc103fee7540a0a8a11dc32,38.999999999999574,8.64706,30.352939999999574,2,1
0x6a254dd0594c2005f1261c171f191ecc785811b6,51.069879,51.017759999999996,0.05211900000000469,2,1
0x6a2b07b866601f40d8894207622e7dc0844671b7,3.209999,3.1152,0.09479899999999963,2,1
0x6a5267b113a6adfff7d1289f901a4bdfba1e2e91,1.01,0.0,1.01,1,1
0x6a5ddf53cfc0526c4d82f11589689f51d82cba7d,4.6000000000000005,1.24615,3.3538500000000004,2,1
0x6a5ea43c96ef58796521074f6d7c3879cdbebf25,5662.668000000001,0.0,5662.668000000001,2,1
0x6a7420ef64ce9b1ff72ae168850fe3873b788397,0.0,0.03,-0.03,1,1
0x6a7ef58ed03802868a54d69b1338460d10fb5914,2.499953,0.0,2.499953,1,1
0x6a875f55c229e9f36787d152333942c94f80b709,1.999968,0.0,1.999968,2,1
0x6ac6150184b2086b1f021bd8035bc61c8973a6fc,0.08,0.0,0.08,4,2
0x6aea66fcfc849fe3a2a09272498e675bec1a6d28,4.999998000000001,0.0,4.999998000000001,1,1
0x6aeb33f746e6991e8377a82fe1762fffb5b917a6,82.917,82.834,0.08299999999999841,2,1
0x6af26bd273a8592d21416b5af8d2998ee75dda59,956832.8640000001,0.0,956832.8640000001,9997,1
0x6af42c4dbc9d6002f7dbf3ab7e63cd4da2025d38,5.999988,0.0,5.999988,1,1
0x6af75d4e4aaf700450efbac3708cce1665810ff1,397.22,0.0,397.22,4,1
0x6afa561d07d480afd49b6ef1090b68161fe5d7bd,777661.5600000003,0.0,777661.5600000003,3996,1
0x6afbe4adcdbc4fde1af0467b80044231af453b48,1166492.3400000003,0.0,1166492.3400000003,5994,1
0x6b0040a173db852d36ad91105dc7889389ab5b21,378860.7599999999,0.0,378860.7599999999,3996,1
0x6b03cb560c5e34c843caa2a51aeec202868614e7,1.0,0.5,0.5,2,1
0x6b09ec0f2920c4c7a9518871b7c65bcbd2d62f13,5642.709,0.0,5642.709,2,1
0x6b0a615fa0c77c988669a019de78a22b8a437660,286.16355,0.0,286.16355,1,1
0x6b27ecd1725e3446420080218ca1265b4f2bf8be,0.999998,0.0,0.999998,1,1
0x6b2e00d52078d8b9999990765d3897a5ba914745,378385.7599999999,0.0,378385.7599999999,3999,1
0x6b3386f9874c91cfa6250f3d96989e056bb44853,0.9999989999999999,0.998,0.001998999999999862,2,1
0x6b3a6ca39fa48b1d032b9f4f28bc05bc75f299f2,0.999999,0.99485,0.005148999999999959,2,1
0x6b44cdccdc280e6d0be71782f0772a6bf4b2be1e,1399.6077,0.0,1399.6077,13,4
0x6b45b77f06919aa6cbaca32b76156f24166f784e,4.999998,1.4274,3.5725979999999997,2,1
0x6b46c2a651e37921ae3301e13c4ee28c5900bd47,1997.8881119999996,0.0,1997.8881119999996,1998,1
0x6b46e0d1ace6906246fe8acc30a424e149dc9d70,55.329924000000005,55.4414,-0.11147599999999613,2,1
0x6b49b5069b3bc2cbffce6ff4b044735936007ebe,0.79,0.0,0.79,1,1
0x6b4c229633182b8ea45e393424163c2962ee8349,378481.1399999999,0.0,378481.1399999999,3996,1
0x6b561ed0518a67eee3590737da1afb22e7d73da6,1.199931,0.0,1.199931,1,1
0x6b586138fa89487a099dc5a66dc96b0580bfd2db,0.219998,0.21604,0.003957999999999989,2,1
0x6b6d0917cea5b101b6c8c32c25ce3433f185b922,602694.799902,601486.2117000001,1208.5882019998971,3996,1
0x6b744de0ad6909d5b154afa7fb16a9a051a07d47,1.599972,0.0,1.599972,1,1
0x6b7ec4ba079c0a258435ea36025f6190cd424562,615.92346,1490.9145199999998,-874.9910599999998,21,13
0x6b86317928f12a2f1a54f3682c0c995dd241208e,388830.78000000014,0.0,388830.78000000014,1998,1
0x6b8a7169a522a15c5f3a2b8edbef66afff9bf4d0,17.699303,17.65462,0.04468299999999914,3,1
0x6b91a933dcf0ed3263b35ae2dd150a7b9cb0d018,35531.551999999996,0.0,35531.551999999996,9992,1
0x6ba7e8bc5482c741cf6f18dc80f27a6b744ca18b,0.22980699999999998,0.0,0.22980699999999998,5,2
0x6bab41a0dc40d6dd4c1a915b8c01969479fd1292,60.4,72.33149999999999,-11.931499999999993,5,2
0x6bc77c09f292ac2d435c6b3736920cf7ddb8d861,0.999999,0.99384,0.0061590000000000256,2,1
0x6bc790fa6c4bb273f6adfb7ec0c7660e70d48e8e,1.019999,2.2640000000000002,-1.2440010000000001,2,1
0x6bce8f603159a2aa22be2a14f3ee536a9a2a801f,388830.78000000014,0.0,388830.78000000014,1998,1
0x6bdb961de63b5a3fb9b5b90e5e43a99abd4a40f1,190093.38499999995,0.0,190093.38499999995,2005,1
0x6be3c12257dc3e25d0d7f415b2dbd52d7dac647e,0.0,9.96,-9.96,1,1
0x6bf48b65b95d7ad3d25f0e6b17c65b123b4f5d59,21314.664,0.0,21314.664,5994,1
0x6bf604d9fa800774cf1b221f8630e01f2b2e69f8,83.496,0.0,83.496,1,1
0x6bf9ff86193f06e2b10ae5aba1aac2c36558cd2f,0.0,19.68,-19.68,1,1
0x6c15e05902e3895d9a0a8ab6405db367161f61de,0.0,2.0,-2.0,1,1
0x6c2051cd71522cf7783be5f444c715e6418e32c4,5691.594,29.91,5661.684,2,1
0x6c2b08876ff51e0a97fd6b1824a66c56b3f59fa4,1158476.44392,0.0,1158476.44392,5994,1
0x6c2ecdbf7b8b82bdd49f6bfbabdff8208d6b75ea,0.0,147.261,-147.261,5,1
0x6c3227018adc3262592b2eb8950984b473ac052e,802.3599539999998,0.0,802.3599539999998,1,1
0x6c351ce69006eed8d6f9790727a126418ad5bcda,13985.944056000002,13935.950100000002,49.99395600000025,3996,1
0x6c44d9ed7c30e011eb874b887ef43ea6c3088b4c,4.999999999999863,1.9134600000000002,3.086539999999863,4,2
0x6c486140b1be4a727fa25ba5a8612ae7b9f581e4,24.999941999999997,24.89095,0.10899199999999709,2,1
0x6c5e53881d5668927d88ee368fadb25633a3d831,125772.24505000006,0.0,125772.24505000006,2001,1
0x6c68ae7d25a52336d955771f1797f5111dd1b61e,0.12,0.11699999999999999,0.0030000000000000027,2,1
0x6c6bf5bb5489fdfde29193e96c61d018130b05a6,0.999998,0.0,0.999998,1,1
0x6c742200d3eb924e216561133ff434182fcf7c1e,29.401899999999998,0.0,29.401899999999998,11,1
0x6c89e1a940a1fafb7542c1f06c56808f48730728,56.342,0.0,56.342,7,2
0x6c98cf5ade2267a2d76b85d180626e9e4835280f,30001.997999999992,20.69977,29981.298229999993,6012,3
0x6ca07f8e446e58be88effe4a6cbb5ac25d60072a,3.999996,0.0,3.999996,1,1
0x6ca63a1dae8dc445d52050781625a07ef449a05c,10529.376084,10477.272239999998,52.10384400000112,3996,1
0x6cae2a4820d32cd5d5a9c79d142361dca3bb35b0,13526.428032,6.733549999999999,13519.694481999999,1999,1
0x6cc8bc44c7f998c48e54cc9b8258a89626fe05b5,245.539197,0.0,245.539197,3,2
0x6cdad988a5b4234096872410d33a5349c0678ea2,116143.36437600003,115778.66543999997,364.6989360000589,3996,1
0x6d08faec3e1254115824fa3481812c304252ad42,1997.8881119999996,0.0,1997.8881119999996,1998,1
0x6d0f2daeeb6b53d301cb213fccf5333b832bb6d4,388830.78000000014,0.0,388830.78000000014,1998,1
0x6d1516ee459053c45222c2aa56dcaeac3baa62ae,0.12,0.11699999999999999,0.0030000000000000027,2,1
0x6d2080727f53ad8cb58521212825cc512fa1a976,75.5872,73.944,1.643199999999993,2,1
0x6d2ab3dabac7d77cdd5c9e1a47152516db704f27,2.0,0.0,2.0,1,1
0x6d313be3d250938bc08c29a3918bf98799092f0a,1.039999,1.02,0.019998999999999878,2,1
0x6d324d89c3d2910ea948e44a1a8a759b6a01736b,10.269998,10.2214,0.04859800000000014,2,1
0x6d36564037013689df589c30d66da0e11fa0545b,27.654000000000003,0.0,27.654000000000003,7,2
0x6d3f2976dc8d7aef88327ddf39c19565b230e3f2,663.42934,0.0,663.42934,8,1
0x6d46ff521d5171734b417f3e94cecab4bf54f196,1.199799,0.0,1.199799,1,1
0x6d4ae8dc536fd1e652680cddd24ed16fee5c04c2,6.999924,0.0,6.999924,1,1
0x6d517fe0481584ae9cb6dc5195a767e5ebf836b3,1438.18404,980.0,458.1840400000001,13,1
0x6d55b6ac0d9797bd5c0849c2682a94c8d0419435,378860.7599999999,0.0,378860.7599999999,3996,1
0x6d5fdc5d69183fdeed282b17e3caa74f97d39878,5.999977,0.0,5.999977,2,1
0x6d620e1932dec7defe9b14b72f26a7d3e7f0c4e9,286912.34536000004,0.0,286912.34536000004,3997,1
0x6d6514eab960a4afa0ce9b6d2a60039dabc23781,4.999998999999999,0.0,4.999998999999999,1,1
0x6d7620d12fdbefe9a93f82d06cf0485ac4a15379,3796.1960040000004,0.0,3796.1960040000004,1998,1
0x6d835a3e37a8d68ab38862dc9b89c9835b36c0c2,7991.844156000001,0.0,7991.844156000001,3996,1
0x6d87fcd151d27a681a1c59203c1a0b185e921ad4,0.9999680000000001,0.99485,0.005118000000000067,2,1
0x6d8d8cd60be327858aa4df662aa14cc54bb81fe1,0.0,4.985,-4.985,1,1
0x6d9107fec92f328a55961901be0884d30a782948,71.77616,0.0,71.77616,1,1
0x6d92ff554c869094c812dc2a5124f9c1f9af3a3e,190.0,174.0,16.0,4,2
0x6db5b4ecdfba842c23a3c3dd951917891447233f,5650.694,0.0,5650.694,2,1
0x6db882f41769bb68e89000d6b2b8c740f381b5b0,23706.017995999988,140.21255,23565.805445999988,2006,3
0x6db96b81bf5bdd6b84b49db77bdd5615caed3c75,1.319679,0.0,1.319679,1,1
0x6dbcc708bc7af1a6bd08da9ac94ee52b4575ae5e,0.9999940000000002,0.0,0.9999940000000002,1,1
0x6dc3902066257174951097687f417128eb84dacd,5649.703,0.0,5649.703,2,1
0x6dc8dddbcf96bf58b07e78977e16d6f05c88089a,0.009999,0.0,0.009999,1,1
0x6de5f7e62cc463768c0e71a57f2c6bf2c2e8048d,74131.26642,0.0,74131.26642,9995,1
0x6df877478fbdb85118bb3aee1d91842890d7cece,0.9099980000000001,0.9220100000000001,-0.012012000000000023,2,1
0x6dfcd7445a53295486caa69acb65a1c76754711c,28.448,0.0,28.448,8,1
0x6e0254bd74e592700ef62d70201b936038dbbfce,40.040000000000006,0.0,40.040000000000006,3,3
0x6e0c20ff9c08fa40afcc2d85ac9bf857d749f2f8,19.986,0.0,19.986,3,1
0x6e0cbe8ba7f8457cd8d0f1dd04011c6fe9052bb4,380814.88391999993,0.0,380814.88391999993,1998,1
0x6e1b74849f9e3843b9ffec802595950c1fc9538d,51.389998000000006,51.33384,0.05615800000000348,2,1
0x6e29b8055a9578aa3f112cc0c51c260bb5622250,1530339.168,0.0,1530339.168,15989,1
0x6e44eb376226938741bc65579b7602977bed3ece,0.7999989999999999,0.7672,0.03279899999999991,7,1
0x6e4dde6dffe88577995bd2285ba6f4e98056c64f,0.06998399999999995,0.0,0.06998399999999995,7,6
0x6e52158ed2645b74dc08fbe8113dff2788382552,5665.674,0.0,5665.674,2,1
0x6e5a39850095da9af335f40f36b7ec6e7d23780c,4.999998000000001,0.0,4.999998000000001,1,1
0x6e653be1c01c532d3185c59d709449c3cbb3f85d,1.27986,1.2723200000000001,0.00753999999999988,2,1
0x6e6dfc8b908f1093b83ed66cd0b4d85f874f212e,51.25999999999999,0.0,51.25999999999999,2,2
0x6e7fd17074f1d9844408ae072cd80b5e83fdc154,0.9999989999999999,0.998,0.001998999999999862,2,1
0x6e97f072c621be821ae92ad7bb09f2f38918d34c,1997.9980020000005,0.0,1997.9980020000005,1998,1
0x6e9c2999dac6293476be11fb98dda19261658f27,0.0,0.092,-0.092,1,1
0x6e9fd44c0d04bbaa2ada28436b0701735d6ebbe5,234.029998,268.55499999999995,-34.525001999999944,2,1
0x6eac8fec457a31654f6b87151afb08f0f397f4af,5937.1230000000005,0.0,5937.1230000000005,2,1
0x6eb6e52a1c46e9931738f6ecd11c6ea572b010b4,10.049940999999999,0.5,9.549940999999999,3,1
0x6ec2f58a711221e1f90563a52cac42d72f79c992,4.999993,0.0,4.999993,1,1
0x6ec5d829ddf732ee0a5823f9a582849775fe4ea5,3.4999970000000005,0.0,3.4999970000000005,1,1
0x6eca3493a3df006d2866df0a55765b999ce5b7cf,0.0,12649.258080000001,-12649.258080000001,1998,1
0x6ece7a21f235cefac7348f2b30368420853e5cba,32.97999999999999,30.3225,2.657499999999988,2,1
0x6ed674e6cef0cc1ac0b8879e14b8a628505d12e0,10.668,0.0,10.668,3,1
0x6edc9366da354780a9718f0f6d8b1dfd35845ebe,522674.38116000005,0.0,522674.38116000005,5999,1
0x6f2471b6827e8c472f7b07089069840711fde408,35524.43999999999,0.0,35524.43999999999,9990,1
0x6f3144bdbf0844990c76ad036e86836f4848c303,189.24,0.0,189.24,2,1
0x6f451d267c04226457a8a0ce2d99f98d0f14451e,0.059898999999999994,0.0,0.059898999999999994,1,1
0x6f53670f4e7535b339469bef3b08738967542358,0.0,1997.200800000001,-1997.200800000001,1998,1
0x6f56f8c381b34fc3c584e8adf7dd098d56fbf65a,0.04,0.0,0.04,2,2
0x6f63894d16a515187db736ef176d1222bff4c942,5.976,6.068,-0.09199999999999964,3,1
0x6f7f3c5906868759efbe487836faf99645a671a3,49734.21599999999,0.0,49734.21599999999,13986,1
0x6f83329ddd430fb8f15da29e3d050e944ac8dc84,1166492.3400000003,0.0,1166492.3400000003,5994,1
0x6f8adcde78eec8306ccea67e81732402462cd7f3,1147874.016,0.0,1147874.016,11993,1
0x6f99f6a243f6406d48cfd7e452c3b42ff9d6c446,24.999997999999998,0.0,24.999997999999998,1,1
0x6fbcf1e0c62360b35d1e62e3835ca39e5cc90576,1339010.8800000001,0.0,1339010.8800000001,13990,1
0x6fe01c0d81dd8e15eb8576c425fa2d8a3babbe04,193418.38800000004,0.0,193418.38800000004,1998,1
0x6fe1c6a0b6605e0af00d59b6d211a311bbda6b00,11.999986,11.935920000000001,0.06406599999999862,2,1
0x6fec2e30fe1be533af89e2b6da177e72c0beb552,956354.304,0.0,956354.304,9992,1
0x6ff460a734fd4db48d31cb5b8011d85790050d00,567816.52,0.0,567816.52,5995,1
0x6ffb4354cbe6e0f9989e3b55564ec5fb8646a834,157.842,12061.066860000003,-11903.224860000002,5995,1
0x701b7c68781f9c8aa2fec891fbf4621d56b09af3,39200.72004,0.0,39200.72004,1998,1
0x7023cbb3c68c67ce850d21aa73efb8793471fec4,0.49999800000000005,0.0,0.49999800000000005,1,1
0x7024ae3d70d8e0c5c7a55ef579e5bb4434b95c14,5993.996003999997,0.0,5993.996003999997,1998,1
0x702769ac7df0a7d44969b6ddd141042b1db282a8,9280.718001000003,11.00085,9269.717151000003,2001,2
0x7038098fe58162474c5954775c3e425d51e85548,1998.9959719999997,0.99485,1998.0011219999997,2000,1
0x70458c769c5f325c856ab8809338388c03ef4538,0.0,1983.6743399999996,-1983.6743399999996,1998,1
0x70497423bf5e4d24f20d529391e1b1f5ebfc7b39,3.979936,0.0,3.979936,2,1
0x706527d838b292ef72fcb021d10003459b46c100,148.99989000000002,0.0,148.99989000000002,2,2
0x706b205fcbebb052a6887f2b071c17eb79eca194,4214.30148,0.0,4214.30148,1998,1
0x70725a25e788690f585d3e3e9a26f1e1f02810c1,568385.5700000001,0.0,568385.5700000001,5999,1
0x7080f74f43a85000e42d19670fca8e2836f3f28f,0.0,0.14700000000000002,-0.14700000000000002,2,1
0x7086edf1dd06b0be753a4dd3f7480cb37a10e493,51.809138999999995,51.75628,0.05285899999999799,2,1
0x70950b9a2f8cc612024f3d2e070c2b6076b7efbc,0.339892,0.3366,0.003292000000000017,2,1
0x70979f49e87c142f75a38a1d24d08c3dae4115c5,98.999541,0.0,98.999541,1,1
0x70a5d3f0384d01e7ffb59d3672f34fbec9ce4a3c,3.999999,0.0,3.999999,1,1
0x70b950d089bd1fe06273efeaa160738be4276123,378575.9499999999,0.0,378575.9499999999,3997,1
0x70cc2e9dc4c0b84bef330da5a5b78470d4fb77e2,388830.78000000014,0.0,388830.78000000014,1998,1
0x70cef8c682b7e227acd87ae1312185b7f5a3dd52,0.0,0.09945,-0.09945,1,1
0x70e710220cf56b22bbd7d43160b07efcc8ad9e3d,5634.732,0.0,5634.732,2,1
0x70f1ecfa0d426fe2e7f5a4b88eb15e688f6cb8f8,117342.53600400002,116382.86064,959.6753640000243,3996,1
0x70ffd4d9d12f8f8b5af26cdfffba9a23fdd9c840,5682.644,0.0,5682.644,2,1
0x710666c0bc12ce911211e69b0862605a3527e750,1.329835,0.0,1.329835,1,1
0x7106fedd442fff78d1f33b433a42aaa1e579b034,94.81,0.0,94.81,1,1
0x710a10b8157203c7dd80a66a931ac1dfdb2d639d,0.05,0.0,0.05,1,1
0x710b4fb83c15f78a716162e3c41aae5e585e7745,0.999999,0.0,0.999999,1,1
0x71133ba5add55bb482a1775fc418bd6fc9db5082,0.0,0.672,-0.672,2,2
0x71341309589c19fde533aff735e6d947b8725361,10948.992047999996,5.4556499999999994,10943.536397999997,1999,1
0x7135569dbda8daf49bec8343bc6603dd126cf5a7,0.999999,0.0,0.999999,1,1
0x713691ace4643e2a496b7c32bac934f85fcc5dba,44485.050910000005,0.0,44485.050910000005,5999,1
0x71376fc24ded612b44492a1976b362896fb58402,0.0,19.74,-19.74,1,1
0x714b4a9435209d8eb1b4a253bea2face7bb907ab,215.32848,0.0,215.32848,3,1
0x7156565ef1748d466c11c22c307629d8c9135d33,38261.550149999995,0.0,38261.550149999995,1998,1
0x71580165e238fdf903d22955776728b22cfe60e4,71.77616,0.0,71.77616,1,1
0x715d8f4b01a797bb0fbf92a5c0b78c5d97377b6d,1.009997,0.0,1.009997,2,2
0x716ddfd7c7536d379abc5aac3de279576baae23a,568670.19,0.0,568670.19,5998,1
0x717248df1790ca3379b730a55213faafff71d52b,0.259894,0.25818,0.0017139999999999933,2,1
0x71794a0365408608a74b4da82c44c190ef12b115,0.009999,0.0,0.009999,1,1
0x717ccabf29655f521052d5534e553fbf6314b28d,7.649998999999999,7.4842,0.16579899999999892,2,1
0x718aa5518864f48f8bd3d9c647a0653060d408fa,6.999998,0.0,6.999998,1,1
0x718d33cda37d041fc311cabf4f7b7457af5bb702,11987.988012000002,11952.036,35.95201200000156,3996,1
0x71935232e9cef626aa634a0b9bc84bcf74c604cd,0.009999,0.0,0.009999,1,1
0x7194f17f940a8e9c0749b992f85b8aa690be2beb,1555323.1200000006,0.0,1555323.1200000006,7992,1
0x719dd25a238155073a0f2953b0d2f08cbf7d4d0e,568670.19,0.0,568670.19,5998,1
0x71a14ce32f7b17f3f697fa38d143ebfd1bed53ec,1529956.3200000003,0.0,1529956.3200000003,15985,1
0x71af2a6bbbc7ade3b77d91394834dfee3a2fcb19,607.6996,0.0,607.6996,8,1
0x71c4ecbc4aa66769e69cb856cfd83570cb8eb1ea,15.289695,0.0,15.289695,1,1
0x71db724410b43f66a76f68e1758b4425835787b8,189904.04999999996,0.0,189904.04999999996,2003,1
0x71dd5a16e67a6de83dafe151640109a8f93de49f,5.759930000000001,5.74072,0.01921000000000106,2,1
0x71ed0bc95433cdf1be29f43219725fce9addd9eb,6060.65052,459366.3010600002,-453305.6505400002,2007,6
0x71f6b25a47b9d65b97db5146ef1dd324831053d1,51.929998000000005,51.87168,0.058318000000006975,2,1
0x71f8d0ffae77422339d6629aebf6c14bfbff01df,1998.9960019999996,1.00572,1997.9902819999995,2000,1
0x7209b999662dc111b0ecac015a956a3a124d57f2,0.09999999999999863,0.0,0.09999999999999863,1,1
0x7215de7dcfc32785f45f4dafe3f3be4d4164d542,0.0,0.114,-0.114,1,1
0x721c6e6378f8bab211ab91eb7d4abdc6a6d94b46,0.11999599999999999,0.0,0.11999599999999999,1,1
0x7220a8bfc6cf847a47deed67edbc6d47d23c0230,7.999891000000001,0.0,7.999891000000001,1,1
0x72243e1130b25880a342a4019d1283e468b0fe4b,5707.562,11.964,5695.598,2,1
0x723abd46c3a35c8969092c955708caeb48c9a47f,0.999995,0.0,0.999995,1,1
0x723b07baa325c1b753a5110f808d10dc29276ddf,32.999998000000005,0.0,32.999998000000005,1,1
0x724342e9970c4ee65c1bba065a8d538885fb09a6,60.629997999999986,60.39399,0.236007999999984,2,1
0x7246ab2117518b12ac4b5b9d28c118976a572bf2,16.999998,16.92962,0.0703780000000016,2,1
0x7265ea170349f8b565520e55ad63f1115ef7bf9b,0.15996100000000002,0.1552,0.004761000000000015,2,1
0x726b8b127f96b8512744af04db715036bf1f3e18,0.0,0.02,-0.02,1,1
0x726cb4434cc97b17b615a7a767380b935075fb9c,0.05999999999999891,0.0,0.05999999999999891,1,1
0x728372de91a4ed196f588ec2f16501a6cfe2e84a,5.279911,5.26071,0.0192009999999998,2,1
0x728577a3aa2537fcbbdc377384ab52d393b21784,4.999998000000001,0.0,4.999998000000001,1,1
0x72a04155ff9bc7d43b56e1565f8ecbafb4b2bbfe,68514.97800099998,76.1191,68438.85890099999,2001,1
0x72a26387a5ade3df9afabe190716be6aa4461a08,0.999936,0.0,0.999936,1,1
0x72aa070b8c9e4780aba966a6b337242eedd23b8b,0.0,0.08,-0.08,1,1
0x72ac329b2c995759f63653cd510793c22e505c03,402.31818000000004,0.0,402.31818000000004,5,1
0x72ac45d990f7ea23436d30aa05fc0e7804c743a6,1.0,0.0,1.0,1,1
0x72ae0bf91c1aa535d0ed9fe585c4061e9118cbdf,104.36552999999999,0.0,104.36552999999999,1,1
0x72b86d8711ac05ea00b548deb6dc0b7986114af0,0.899697,0.0,0.899697,1,1
0x72c9a7355ce0bebae68451bbd4d89ba5b7fb7cb5,378765.76,0.0,378765.76,3997,1
0x72e5e8db0b2a525b4cecaeda152c5b41e59b0a0b,44.99999299999999,44.5191,0.4808929999999876,2,1
0x72ee350884b127c5e7228395fab1af788bbbd4d0,74134.07116,0.0,74134.07116,9996,1
0x72f09e05f9841678c8c1fc47c47c91134e0ee92b,199.79600400000004,0.0,199.79600400000004,1998,1
0x72f5252b3b624feab8162ebb5cd5627da14fe8fc,1133638.3250000002,0.0,1133638.3250000002,11993,1
0x72fb14be8a366e02858035451bdaf36b3ee80ea9,8631.252107999999,0.0,8631.252107999999,3996,1
0x7304f9c7f37593854a880100a8c54f9466fa0379,1029.0,1683.0725,-654.0725,28,1
0x730f6ec03dab1179380bd262efb9b10904a3be88,23.319944999999997,0.0,23.319944999999997,1,1
0x731a3bb5f74c4476796e38856a6cfdbb90f66eef,1.099998,0.0,1.099998,1,1
0x732218d2b6666638faf3eba157655d6a2c519b03,82.59994300000001,82.36935,0.23059300000001315,2,1
0x73255b73677cb1a65dae8b88045035045638c8e6,1.2797189999999998,0.0,1.2797189999999998,1,1
0x73273dcfb58f2116c73754a7d83acbc79a19e8cb,404.01036,0.0,404.01036,6,1
0x7331bbcd23303109ab2024af5b620edd90cdec92,755632.8500000001,0.0,755632.8500000001,7994,1
0x7333badb98c068e6287bd9c61783e0c4abbf321b,118604.41469,0.0,118604.41469,15990,1
0x7349ac28b9c45af9e276b0992c807a17c838f5a5,29.299997999999995,29.92714,-0.6271420000000063,2,1
0x734e0e784c5c5a9ce0b8ed790c7524e2c094fe31,0.7799950000000001,0.7712,0.008795000000000108,2,1
0x734f44506a52c64daba461bdfc55b20bdd17720b,26.648,0.0,26.648,4,1
0x7354fe3a4be99f689bf22795d3ad30cc2ba8f206,7.968,0.0,7.968,1,1
0x735cf6c3a220d81536382dd3976da3813c820c97,1997.9920079999997,1990.0080000000007,7.984007999998994,3996,1
0x736527711ff2ab108bd34864289c2bfd98cf59e7,11887.992107999997,5.927490000000001,11882.064617999997,1999,1
0x7378ecaf66271ce58a9e1a11752afd942b34d91d,663.1,0.0,663.1,7,1
0x738f784acf4e70a3ea8e1c4442d4d3856034f30e,17.999998,17.9586,0.041398000000000934,2,1
0x73a353a83cbcd48bdf45a3de4df4f878f908eff5,5640.696,14.955,5625.741,2,1
0x73b49761901bb0ba53d1f894cdc7a5a3e879e56e,1997.9980020000005,1.0149,1996.9831020000006,1999,1
0x73b743583e8945d6343698c28fa4c8468aec9360,103.63,0.482,103.148,2,1
0x73cd866155a2db27d9081df5808e73c4e86444a1,288.609102,288.31221999999997,0.29688200000003917,2,1
0x73e1fb6505d8e667edb32210f9f993cd99ed2fff,1997.9960039999996,0.0,1997.9960039999996,1998,1
0x740262ebf63801651e54f4a1ef5e4855ec0833e3,1997.9960039999996,1.00572,1996.9902839999995,1999,1
0x7403a2849a268a7d525e7836d421e50977800a1e,313177.83029,0.0,313177.83029,4001,1
0x7408ea61750a60ff9adea4e87fca86c7e84925c1,5709.558,34.895,5674.663,2,1
0x740e31b86f3914aa134340cfed89bdba0eecfff3,100.0,0.0,100.0,1,1
0x74122c1627a5fa83696a926acffe3661b53a928f,13.429998000000001,13.40682,0.023178000000001475,2,1
0x74163f99901f149a4946979f3dfa44f6fd6f58dc,568480.57,0.0,568480.57,5996,1
0x74277f4b04fc7bf8999c7f4886703141d9e5da3f,0.899878,0.8937,0.006177999999999906,2,1
0x742d242e8f9177c87d41e7f5797c830f368ecf09,2.2699990000000003,2.2011000000000003,0.06889900000000004,2,1
0x74376f595cf3d22254fc4ca35154a206132ddefa,1.2999999999999923,0.0,1.2999999999999923,1,1
0x743848257bffb0dd616ae0e8cb98e098f06e57e7,0.009982000000000001,0.0,0.009982000000000001,1,1
0x7454b67b4fb35c6da2e0252979e05d1e06466c0d,10.729932,10.659600000000001,0.07033199999999873,2,1
0x7457155da30ced19e389b54cf1bdfc98fafb5670,0.0,9.96,-9.96,1,1
0x745ee9028877f11949e50efa58eb4d8c306c69e4,13.324,0.0,13.324,2,1
0x7463206e01f72b00e8b3d6d06b7bb41b62f76812,33.128,0.0,33.128,4,2
0x7464a0107457dd1e6a5cdc31655c6a69ab2d4a4b,5739.529,0.0,5739.529,2,1
0x746cbd5f27456d00181e93a1d341ba67418d1c88,567910.95,0.0,567910.95,5998,1
0x74707ba19ac167b7d611d28989406b91ec736b90,1997.9960039999996,0.0,1997.9960039999996,1998,1
0x747fa7bf0a54a7aaf8a37982c24125e229066616,35963.96403599999,0.0,35963.96403599999,1998,1
0x748391fc97426d6ed53ee64c285b0a2ead09489e,944966.4250000002,0.0,944966.4250000002,9997,1
0x749085e3cd977409e8a3bd06cf338ab08029b9f0,9.869998,0.0,9.869998,1,1
0x74a0e15b47f83750ee5f75c67a9b7c977ddd184d,1997.8881119999996,0.0,1997.8881119999996,1998,1
0x74b35f47ee546e7800b06d7960c01ec256308757,466.29686999999996,0.0,466.29686999999996,7,1
0x74be2f400ae069914df58df18944e23fa5a1a24b,9.999997,0.0,9.999997,1,1
0x74c38a8e46f0ca11079926962456906978b2c1a8,24.999999999999996,0.0,24.999999999999996,3,1
0x74d3294b8271a31aa096ec493aa08708788960a1,189.05,0.0,189.05,2,1
0x74d6bc4d7d9dc3a107ac74f69244190eb52f4ac3,1997.9640359999994,0.0,1997.9640359999994,1998,1
0x74d7dfc85e139b703eb3a7f31da6195b6661c095,1912421.472,0.0,1912421.472,19981,1
0x74d82531152d9ca8690d824d8552cc68422c5a80,2.0,0.0,2.0,1,1
0x74e600ef3e0ab46efc54db74ed4a7b34a041a379,50.05989,50.00978,0.05011000000000365,2,1
0x74f6b4d4c70cb784afef7a7bf64a233a373f412e,3.759921,3.74073,0.019190999999999736,2,1
0x7500ad341d87d00a650c4d5c84487ac6128a604b,0.39951000000000003,0.0,0.39951000000000003,1,1
0x750eddeba4e5bb16e89bc74ee6908b58f96208c0,1.499996,1.462,0.03799600000000014,2,1
0x750fcfb3cadf98fe864685d9be998dc5c897b60e,1.2297690000000001,0.0,1.2297690000000001,1,1
0x75288d1d9e5bed4208a9d323cb04802c469a3a54,1.0999999999999979,0.0,1.0999999999999979,1,1
0x752e548b05862e96b7e60ef8f4e3d548658b81c4,1091587.1063000003,927559.54738,164027.55892000033,4004,4
0x7535a63bfc42cd800c2e9c57712284116b3bcba3,12.51,0.0,12.51,1,1
0x755d29a2e6b543d9463aca57d4d47f50c60b6acc,14.0,13.850000000000001,0.14999999999999858,5,2
0x755e58c2d6c239bfd4e5de3b5dcd9957d1da6a27,1.999999,0.0,1.999999,1,1
0x755e6a88772ba2d9241db273d97f35f1fe4260e3,79.99999,79.35480000000001,0.6451899999999853,2,1
0x7590825dd40bcee72d1910f08fd5654b0db132f9,0.0,1936.0619999999997,-1936.0619999999997,1998,1
0x75bacd2b8a20a3a4269993ce4697dcfeffc35c1f,28.99988,0.0,28.99988,1,1
0x75cb9932a864e9ce83629b544952cb502b56e445,0.839817,0.83748,0.0023370000000000335,2,1
0x75cf87b16c629f8894238b885e0aff7fbff6f1c3,1.0050000000000001,0.0,1.0050000000000001,1,1
0x75e5976b97be633dc51bc54a6e046d65d63c78e4,0.9999990000000001,0.0,0.9999990000000001,1,1
0x75e9152adc7e91fa86187d3e32aa0ecea36adc55,1.309992,1.28345,0.026542000000000066,2,1
0x75ed567dc58205265e94b5c21e8232f26898fe62,9.99999,9.97997,0.020020000000000593,2,1
0x760b0f32857632ddb280a44b21f27cd956e726ec,2.999999,0.0,2.999999,1,1
0x762f1c855e117e2ea4aaf4628e716896ac883abd,0.05,0.0,0.05,1,1
0x7646a526e3b0ada953b5d47d3bc94a9def675ab1,50.22972,50.17944,0.05028000000000077,2,1
0x765074595f73fe5b1d20cf7b16ccd8d3492303a6,62976.95600399998,61216.72200000001,1760.234003999969,3996,1
0x76541b7f6a84e620afed294b7151413ad77287e6,0.1,0.0,0.1,1,1
0x765cf7f741ffdd8c910541f1ca0a4c763132829c,1700403.3794000004,0.0,1700403.3794000004,17989,1
0x765f375ae8d738979ae76c38d4381ff73f228145,1.4195790000000001,0.0,1.4195790000000001,1,1
0x7673035a1ea4dbfabd530367c506f75b3c48fd6f,14.259999,0.0,14.259999,1,1
0x76873f8dc5148728b4ee59af4c1a018880220023,0.029998000000000004,0.0,0.029998000000000004,3,3
0x7699da5e66aec3d7fb79f8038406160d4c5eb1d5,189.43,0.0,189.43,2,1
0x76c98aa4feec7c83a26dab730c7a4c33c12613da,193418.38800000004,0.0,193418.38800000004,1998,1
0x76ca3f39dfb63739cf5f1e625a2b4007cf13461d,1.035,0.0,1.035,1,1
0x76df5c55af79d4e56b5121f540982d6083be68df,0.239998,0.23568,0.0043179999999999885,2,1
0x76fec7fde3b6baf8ce412e0c8abb6a8510355e3f,567816.52,0.0,567816.52,5995,1
0x7718e7dc54c6720bceec273296d0998efd582095,9.99999,9.97997,0.020020000000000593,2,1
0x7719e43b6c661e7d4d2c39dd58145a39b8a7b4e3,0.099999,0.0,0.099999,1,1
0x7734b4cb986065197b5fb441a70d12d9397605f8,4.999998,0.0,4.999998,1,1
0x775296893b1dd16188668173ff1dec4d65d0dad8,777661.5600000003,0.0,777661.5600000003,3996,1
0x776251a27da9611e0ad012a493dff5e814aa9723,0.099998,0.0965,0.003498000000000001,2,1
0x777995095634a90204911d568ea453b74b11fc07,189596.96615999995,0.0,189596.96615999995,2000,1
0x777c7b1c06153602c086a096dd22edb26a5f9bf4,0.0,0.04,-0.04,1,1
0x7789806c754eb0af4c3abeb026c218b4ba78f823,9493.533000000001,0.0,9493.533000000001,6,4
0x7795369ff097e48135189da2e17ce68b8b3a1db8,18.400000000000002,18.0,0.40000000000000213,2,1
0x7798a905e8e608b1004054e6286dc7c379631125,945060.9500000002,0.0,945060.9500000002,9998,1
0x77a064dea23a365692ed05421eb5db93f0b590ef,14441.079988,14449.855679999993,-8.775691999993796,3997,1
0x77a5b7d1e1f547a8d3a4b0cc6799dcb64257f4bc,1997.9960039999996,0.0,1997.9960039999996,1998,1
0x77bcdb81af4858832fae6520d2b817fcdfaf4e67,189596.87115999995,0.0,189596.87115999995,2000,1
0x77da43d6c5757f7f484d5a17a30ff222f5ae8574,261.30116,0.0,261.30116,3,1
0x77df27cca31b3611976c08734ffe1e314d88726d,21314.664,0.0,21314.664,5994,1
0x77ee00be16ee8cb59c91e690497a8780976a5e4b,380814.88391999993,0.0,380814.88391999993,1998,1
0x78085c1a8aff7abc6c2611de015f78fa212546cc,18.954,0.0,18.954,3,1
0x7814b50dc5961db57fce185a1d6928938944fce3,0.02,0.0,0.02,2,2
0x7814c8482ecd7b36b857137edffef555eaf88417,525.8299430000001,522.7848800000002,3.0450629999999137,4,1
0x782231e32a24f9f92bbacc171768b13b6ec58115,29697.44283,0.0,29697.44283,4006,1
0x783996b0d4a81ae0b3011d2e17890cfc2c489dd1,15.999984,15.9176,0.08238399999999935,2,1
0x783e0473b9a752b690820eb0ca64d4eee48a643c,1.0010000000000001,0.0,1.0010000000000001,1,1
0x78454dfa7e4a4939e97aac578ef45b2303e6fa5c,284.43,0.0,284.43,3,1
0x784a46a7a40c7528828fe2b78ddbd7e8dba3f89d,9.96,0.0,9.96,1,1
0x7854acf504e65f9e7a0e6dd3d68d64a246b390a5,0.0,1488.3334,-1488.3334,2,1
0x785ea4e47564464674d38e057e333069a61418af,777661.5600000003,0.0,777661.5600000003,3996,1
0x78633256b8c8d14401752039c2d8c9a86017fa62,299.696004,0.0,299.696004,1998,1
0x78a34a9dc3865135b45e814bd08594eea730c1f9,51.439997999999996,51.38364,0.05635799999999591,2,1
0x78c8caa22e98b5874ac809a66647421e28d231eb,199799.96803200006,19580.4,180219.56803200007,3996,1
0x78d2e668bfabada26ac95787165ff5b3d21b1494,95.13934,0.0,95.13934,2,1
0x78d369be9708f6f29d4cfecaa4df64690d2c5159,0.5598240000000001,0.55553,0.004294000000000131,4,2
0x78df63c83da0cfd7295a8868da3cc13d011d4236,11987.988012000002,11928.06,59.92801200000213,3996,1
0x78e4ed3ab2b2abb9419a3f27c59b49f26c996bc4,755632.8500000001,0.0,755632.8500000001,7994,1
0x78f1a1d4154e7f7fb6c17d1c48f4a4ed34c7b2e1,28419.551999999992,0.0,28419.551999999992,7992,1
0x78fa6d4f7502d8906edfa94179c6d0dab684c7d2,5.5600000000000005,0.0,5.5600000000000005,1,1
0x79037c9db0e933cc12dd36a8c23c732995453197,0.04,0.0,0.04,2,2
0x79265df02574905a3625b3a93ad230f7c2df17a8,125924.12080000005,0.0,125924.12080000005,2002,1
0x792ddc4011c76d8c235ba58e90ed5eed2a4d894c,0.9999990000000001,0.9879000000000001,0.012098999999999971,2,1
0x79344d40df126aaed885265e344b9a58d00e24a9,378480.5699999999,0.0,378480.5699999999,4000,1
0x7936af03ba998d2cde25b960ec7d75f075624c51,1.006,0.0,1.006,1,1
0x7945eb1248516a9105270b36fa52b8d5f88921e5,1.999996,0.0,1.999996,2,1
0x795872e7802d1db056c1b73d68c7b07197d232b6,11.099998000000001,10.98201,0.11798800000000043,2,1
0x796337e2ae811f7e0edebd6fd5fe9f875e160176,0.9999999999999964,0.0,0.9999999999999964,1,1
0x7969f666e852ddbed8d7a0a89c2e07710ad22321,5.179951,5.16075,0.0192009999999998,2,1
0x797d37aa1e0833995605a850176b1081f70bb730,4.499898,0.0,4.499898,2,1
0x7982ec8e26cbba2e0ca5bfe891dc3c4f92a3a27e,189691.77615999995,0.0,189691.77615999995,2001,1
0x79874e4b888ecbbf65676ff6784633823513f5b9,383230.848,0.0,383230.848,4004,1
0x7987da44cee5de2bc4fbbe38246c5e7115267ed2,39959.996004,39777.04314000001,182.95286399999168,3996,1
0x798fb5f6f93dc2584296eedf85e62ba0766017f0,777661.5600000003,0.0,777661.5600000003,3996,1
0x7999f1fd5cd0769e2d782a7328fb1bf34f330270,5673.648999999999,0.0,5673.648999999999,2,1
0x799f87ceedab403b33bc6e651a29e3eb46614bcc,11.43,11.4121,0.01789999999999914,2,1
0x79b93e37d5a5efc08ff287143c98da55bb7fb623,6.951,0.0,6.951,1,1
0x79cc12db67437f727bb9bb8de6ba2a236a264187,313452.61912000005,0.0,313452.61912000005,4003,1
0x79cddeacaef55a6747ca7ff8f8c9402952d11528,5689.612999999999,0.0,5689.612999999999,2,1
0x79d1eff36b7586d07ccf6768f25f67b67027ed0f,11.299998999999998,0.0,11.299998999999998,5,2
0x79d251b9505a2b707b21bbe4e1417ba495ba61ce,47.799998,0.0,47.799998,3,2
0x79d820271d71dea04a67c9777c41aaa9e145f6b9,1.659999,1.62176,0.03823899999999991,2,1
0x79ea756f5300984a4078652a405cec7bb9c9a576,0.9999989999999999,0.998,0.001998999999999862,2,1
0x79f6e6816628ef3ff6549f43a041d11ca3af08ba,42.319964999999996,42.10452,0.21544499999999545,2,1
0x7a146c5e70c092d06be27097a5c770b49d0bd748,10.54,0.0,10.54,2,1
0x7a3a92bb9846c66751f77c4c0c727c9467a07f70,34.766,0.0,34.766,9,2
0x7a56a85d856d07687208ad87473798445868511b,17.999998999999953,0.0,17.999998999999953,2,1
0x7a68eff85d257cbfb6e67b3f634898e1dbcc722d,189502.15615999995,0.0,189502.15615999995,1999,1
0x7a7084c27d6b670eadbadcb1e9bd4767e9f695dd,1.41654,339.74903,-338.33249,41,1
0x7a7eed4f4b62ebcf14e9110e1cad9a8e102f4809,0.129942,0.0,0.129942,1,1
0x7a842121bc0936ad3a4022f9f7cd1407270e96b1,473.57500000000005,0.0,473.57500000000005,5,1
0x7a84aac2ba4dc320d402d76db013a8526b50bfe8,7111.549999999999,0.0,7111.549999999999,1999,2
0x7a99588d226db167770bb5601daa1fb3d064d6ca,0.0,0.24,-0.24,1,1
0x7aa1a3a3c6cd22215fd681765b8cdfb32b443f73,0.03999999999999991,0.0,0.03999999999999991,2,2
0x7aa67084ab32a60aa4bf6aa4cc274d6ac1476c23,0.9999979999999999,0.0,0.9999979999999999,1,1
0x7aaf58669274bd0739757e3096d37c284fd47290,1147874.016,0.0,1147874.016,11993,1
0x7ab585afe325cf20b117e29ab59407addf1cee06,212985.3894120001,212333.85360000006,651.5358120000456,7992,1
0x7abac276f76bf6ab4f2c9b8f6efc8ef897247c24,0.0,1983.6743399999996,-1983.6743399999996,1998,1
0x7abd3b220dcfd23e3b8c3384f61e54cc2a3ae1ce,4.9999020000000005,0.0,4.9999020000000005,1,1
0x7ac082dc450fa41b4493777cf41402c281a19609,187504.28259,69.87973000000001,187434.40286,2006,1
0x7ac83882979ccb5665cea83cb269e558b55077cd,496.4,0.0,496.4,3,2
0x7acd2773732fb8bf7cf0497635103e7272bcae09,185.07,46.440200000000004,138.6298,12,2
0x7acff93a4f459ba2ac0fcc19eadb6d2ef0cef67b,274.557153,12.465499999999995,262.091653,4,1
0x7ade4eb8ea6c75d1bac356fe211a064615308d7e,388830.78000000014,0.0,388830.78000000014,1998,1
0x7ae1541d09d35ac4890fba2673439729a2df6bb3,49734.21599999999,0.0,49734.21599999999,13986,1
0x7ae58673f682329487e7d9f1ed62a5cf65dc625d,7.999984,0.0,7.999984,1,1
0x7ae7b5dcbd5f38b4de5e397dd64146780502f64f,2.909998999999999,2.8215000000000003,0.08849899999999877,2,1
0x7b02314f729c371f45b67f41b849f121eeb09114,599.3999999999999,0.0,599.3999999999999,1998,1
0x7b1d908953dd389ea9cdd74a04859451e52cc64e,13746.225980999954,11740.62762,2005.5983609999548,5995,2
0x7b23c8bb2b1333e4c3a307cd410d24100d5093e3,0.8,0.0,0.8,1,1
0x7b25ce021f8af09299966f358dd66ee8ba778208,1095.0,1051.0,44.0,2,1
0x7b2bfc264e42c262dbb98d06489cb9d602d5bea9,99.99999900000002,96.53736,3.46263900000001,2,1
0x7b4eba5267c9d2ec1d971a606b641510deeb2c08,2.1499989999999998,2.0856000000000003,0.06439899999999943,2,1
0x7b5194ca1bfd059dbab6d68c6c45de26382b1879,51.369579,51.31716,0.05241900000000044,2,1
0x7b5822e4c2f265426bc340d81b4c58a52a8cd058,5.999998000000001,0.0,5.999998000000001,1,1
0x7b700e6dda13d751fd1f4355af1895a565b65939,5634.708,16.949,5617.759,2,1
0x7b8bdf256a0fec5c111b9636db9cc711cda05544,5655.6939999999995,0.0,5655.6939999999995,2,1
0x7bb0194b0efdb4e6bf30790732e1309d75524d9c,0.9999909999999999,0.995,0.004990999999999857,2,1
0x7bb6fcbc5f77d5b9b4adbb7aee86851e6cdf1986,29.849847,29.81028,0.039567000000001684,4,1
0x7bc65fc96d566c8770aa2980f5f9cb43d10b9204,9.029889,9.001439999999999,0.028449000000001945,3,1
0x7bd27d0d62ddbd7bc169b12bf76abb7a6c249125,1.279945,1.25388,0.026065000000000005,2,1
0x7bdc8ea0b7b879d344c4cdcfe764c5fa52d89550,0.0,0.051000000000000004,-0.051000000000000004,1,1
0x7be45b9dffee80cda73dc1e5836a6a9c7378f487,0.14999899999999997,0.0,0.14999899999999997,1,1
0x7c06cb30d9fec109fd2188196895bca78f0c651b,7126.223999999998,0.0,7126.223999999998,2004,1
0x7c1a6b923a9a00b27d05787f108c228c2474abb7,0.13999100000000003,0.0,0.13999100000000003,1,1
0x7c1e0f7a4cbd594bea22571bc54fee7e918fc021,1997.9960039999996,0.99485,1997.0011539999996,1999,1
0x7c388616a73ffd7bd6dcf8db680b782071b22356,71.77616,0.0,71.77616,1,1
0x7c403e193beade942a1057d0e6cee1b3186f0fc0,0.999984,0.0,0.999984,1,1
0x7c42d32c9b23f5d19529e9d5b32af4b3cb27fa47,5.0,0.0,5.0,1,1
0x7c6fddb0810344f86c1baaf1258d1d35165b8c74,0.32999399999999995,0.0,0.32999399999999995,1,1
0x7c7fba038897ea37192f909f8dc782210e823cfc,9.99999,9.97997,0.020020000000000593,2,1
0x7c9eee2cb0c383d806e0b26103558004fd9b1350,0.17999399999999996,0.0,0.17999399999999996,1,1
0x7ca3484314787b9a69977dcfccb0886debe97c11,0.33,0.34374000000000005,-0.01374000000000003,2,1
0x7ca7e3cba05595a65039fee7e90497a67300cc9a,0.049940999999999895,0.0,0.049940999999999895,5,4
0x7cb4d36dd71d649cd4920924c4b2d2079a926f39,13.972,13.958,0.013999999999999346,2,1
0x7cb61295b83fc19bc97e1b5a8d7ff8c823949de3,0.999999,0.0,0.999999,1,1
0x7cc2119692f6f0a35466c28102492a5fbb5448f7,388830.78000000014,0.0,388830.78000000014,1998,1
0x7cca544c0fd10facec5dcc95b5a9da90fbd027d3,54.079998999999994,4.94431,49.13568899999999,2,1
0x7ccae31467c8ecb2277431bca9f3920060e6a8b1,3.9999959999999994,3.988,0.011995999999999452,2,1
0x7cd15f6193af6ee8b5a66afda052302e39f8cc7f,1.0,0.0,1.0,1,1
0x7cd1e9c68cd2d065e6be83f7ca08afda5625ec5e,1147682.592,0.0,1147682.592,11991,1
0x7cde4050cbf1eb52d725d8ed2fd73f09c5205fee,333172.225,0.0,333172.225,4000,1
0x7ce8769f3a4decf401de861d7874db271342e47d,15.0,14.979579999999999,0.020420000000001437,2,1
0x7ceb1b97d45abd8f5dda29d04f6edaf1eb32af18,166.49116,0.0,166.49116,2,1
0x7d0bcf8cd862cec640c38808ca72f613eccf58da,7.999998000000001,0.0,7.999998000000001,1,1
0x7d0d4b9f78762800a39d191bfee20c72e66830cd,5637.702,17.946,5619.756,2,1
0x7d142a238b0a70bc4eef587b52ebde821ecc5d39,245.619135,245.36828000000003,0.25085499999997296,2,1
0x7d410d263ac6d616f637d2a213fc4a7bf9951698,10.80748,10.7858,0.02167999999999992,2,1
0x7d50bf43585b09923f712e7108926376df787119,1158476.44392,0.0,1158476.44392,5994,1
0x7d51f53b446ee3891e75d2834f0368ab5019a168,189.62,0.0,189.62,2,1
0x7d5291feebf5819d82dac197f14376c5832bad9d,1.2099999999999949,0.0,1.2099999999999949,1,1
0x7d6890f1ef5a44afacbd8e7cf29cc0435b5cbd0e,1.199997,0.0,1.199997,1,1
0x7d7a6c4f7dd9d23fad4d20c9a0b1f38f8aedbc1f,4.0,0.0,4.0,1,1
0x7d96520515ce163d1591c4930cbb6c886fced216,1997.998001999999,1992.0059999999999,5.992001999999047,3996,1
0x7d9bcf2743b2ec5d2ad269641dcd2e8054c21dad,9.999997,0.0,9.999997,1,1
0x7d9ebac623477b73cbb7164b17f8dfc995ea547d,9.999998,0.0,9.999998,1,1
0x7da955063416465eb37f2b520d331914b39f0491,7.999999999999822,0.0,7.999999999999822,4,1
0x7dc3af1f539c7359e97a724c4f67e2ecfdde7064,73.94999899999996,0.0,73.94999899999996,2,2
0x7dc733b54fad49d757286b33b24921920df093cd,956832.8640000001,0.0,956832.8640000001,9997,1
0x7dc80d8f4d23c77113385a32a11f40f7deda1d08,0.05,0.0,0.05,1,1
0x7dcfe013620f8c5835fb62fd85a73fe2b9af8dfe,51.369579,51.31716,0.05241900000000044,2,1
0x7dd257fe559d72281ad38090c3cd5e3bcfe72fc5,189786.82049999997,0.0,189786.82049999997,2003,1
0x7dd52fe608a20f2078f48de6cf2ae2a07a26a23d,378481.1399999999,0.0,378481.1399999999,3996,1
0x7de1e22687031a5d77d94e09390280c8f747630c,1531275.4317599998,0.0,1531275.4317599998,7992,1
0x7de2750653c737781e5bacabeefdbb962a051a26,13.324,0.0,13.324,2,1
0x7de39ca29dbbd31a7da7ce5aba69b61d3807c8c3,0.9999680000000001,0.0,0.9999680000000001,1,1
0x7deb34af718a66a1cdd18e4fde37e0d7246e0184,82.79995300000002,82.37503000000001,0.4249230000000068,4,1
0x7df4afb257f8c52d0f1c12e2f4c84f05038719e6,28419.551999999992,0.0,28419.551999999992,7992,1
0x7dfd778b567ef5db7f6a8679edcf0125718f763e,5.379968000000001,5.35735,0.02261800000000047,2,1
0x7e02516a5f1ce5f455fbbc159baf6cf1feb8e90a,4.9999199999999995,0.0,4.9999199999999995,1,1
0x7e04106552a61c860b5b4107d613695add6d3231,1166492.3400000003,0.0,1166492.3400000003,5994,1
0x7e04ceca992b807a93b17fa50e5ad38a23b5b38f,0.009998,0.0,0.009998,1,1
0x7e0cf40bf007ca211bb4afd31434c0f0b9a869b9,13.999981,13.7741,0.22588099999999933,14,7
0x7e0e10d263ca6f3eba39f1af103a49683b3a6579,427.69732,0.0,427.69732,5,1
0x7e26715bbf0c61e130e3a8ea25b65e49f98b96bf,189525.18999999994,0.0,189525.18999999994,1999,1
0x7e2e4513a0adde69295601468fb6779e147ca68b,7.872,7.896,-0.02400000000000002,2,1
0x7e3b1a6b96201ebef98d6040d58d55c035c6c78b,1.999984,0.0,1.999984,1,1
0x7e414423cb5db4366509372c9e3a0bd3002f4444,0.12987,0.12948,0.00039000000000000146,2,1
0x7e42841679bc32a4892b600a3622bf0800315039,21314.664,0.0,21314.664,5994,1
0x7e4b6603b426ce07e58a2141d91c1c6190630944,13.324,0.0,13.324,2,1
0x7e4c8e7f3e08fe739a87063337f6afc0ad7e4831,29969.894105999996,29872.95713999999,96.93696600000476,3996,1
0x7e5ab5f2d70f0b5bb9bdc4f81129ff46080d9a25,189525.18999999994,0.0,189525.18999999994,1999,1
0x7e6448e7845310f08cd1db2beb44b420442a2632,0.0,0.051000000000000004,-0.051000000000000004,1,1
0x7e6eae018e950f5568b42d1cb9a9551b639959a8,189430.37999999995,0.0,189430.37999999995,1998,1
0x7e85d50894fd8717ab16605c427201693cfa6252,0.025,0.0,0.025,2,2
0x7e88f5a6ff423f7d2a127871da12e47d14429471,379050.3799999999,0.0,379050.3799999999,3998,1
0x7e89bca84e5cd08ce53429afa3bcfeaf25dacfec,39.11599999999999,0.0,39.11599999999999,11,1
0x7e96dfd871063e35ae4bf8f9707bc9690ae300b5,13666.29003,6.812189999999999,13659.47784,1999,1
0x7e9c3555e1fbb13d9ed9bb87713803826c140669,3097.4500000000007,0.0,3097.4500000000007,1999,1
0x7ea475b1ccf341c9c41999e94703ae494262156c,568100.95,0.0,568100.95,5998,1
0x7ea904b709644ccaa7f8d52b9a11950b66a6eb4b,379.05,0.0,379.05,4,1
0x7eac4e017ca365e1210aa53df3c6b7a76456f83b,0.0,0.036000000000000004,-0.036000000000000004,1,1
0x7ec7a45d791c86105e75b970a9a0b2e11bb8b95e,46.234,0.0,46.234,5,2
0x7ed13f931479278240ffee26803537118b6524a1,39.789899,39.62783,0.16206899999999536,4,1
0x7ee6cde928eb1848aaa5413e586f8c08b5ca5f16,379.24037999999996,378.86076000000014,0.379619999999818,3996,1
0x7ef59ed89a0f9459cd9b8989eefe7a27da2c04e2,473.67,0.0,473.67,5,1
0x7ef5cbb28d936ee1cad9e10006c7508863ae4bc2,4.99998,0.0,4.99998,1,1
0x7f018e63d2dbfbf5082b67535c2e6c4d36dd14be,1912517.1840000001,0.0,1912517.1840000001,19982,1
0x7f20322690dea52da87b58cea173e4058c310d1c,0.9999960000000001,0.0,0.9999960000000001,1,1
0x7f2dafb0132f06927fdf14ba4e9b6726e5ee105d,0.44999799999999995,0.0,0.44999799999999995,1,1
0x7f45013574f7c569c8b029847dc16acd0b0340a1,9.99999,9.984,0.015990000000000393,2,1
0x7f46a525e94cb5de5ddd70b17bd8fb16f8b48393,19.78,0.0,19.78,2,1
0x7f5b2d615a62ff219db19ccf071997a773959289,0.009999,0.0,0.009999,1,1
0x7f8201b94232635c77d8271b75d5f9c0d10200f9,1997.9960039999996,0.0,1997.9960039999996,1998,1
0x7f892104f6894cab955cb08d853aa5be4005f79e,12.699998,12.57222,0.12777800000000106,2,1
0x7f9a10a3d22e105ed0a0a29a3afd2df887ed935c,380814.88391999993,0.0,380814.88391999993,1998,1
0x7fb633bdf88f2615d60555ee857d949ddf7341ad,1997.9960039999996,1.00572,1996.9902839999995,1999,1
0x7ff2ab236d8df6c4992833368f7cbea91d0be8bd,0.0,7.968,-7.968,1,1
0x7ff2c600bdf5f568a51c63d3f89c68f24d06176e,4.049991,4.04092,0.009071000000000495,2,1
0x7ff8d0f069660556c9a1344ee00e65f91630d56c,0.20999400000000001,0.0,0.20999400000000001,1,1
0x7fff797b5873371776235d868c4616875f5f5c34,25.36,0.0,25.36,1,1
0x800a6482d5631d8e00cf6eb53c7090c6ffc83da3,1.699929,0.0,1.699929,1,1
0x800f22b146455ff2d03c60bcb8e16469b7e37a75,333005.63883999997,0.0,333005.63883999997,3998,1
0x802567e98eb932930b54dc5463de3be01137852f,1997.9640359999994,0.0,1997.9640359999994,1998,1
0x8030e67f0f61e7a69bd309b2880125e06ebb973f,379.24,0.0,379.24,4,1
0x80326e7a24c4bccd2631cb37abaa77b5e14f3e7a,50.779998,50.72628,0.05371799999999638,2,1
0x803b076cbd07ae9e910c94718a9bb81992a8600d,19.99998,0.0,19.99998,1,1
0x80414d7645088c3345ae7b02f37442f283e7d0a2,0.0,0.2,-0.2,1,1
0x8041529bc1c8645224da6468379f3237d8b0251b,0.999999,0.0,0.999999,1,1
0x804436677d198e2552bdfb574a34b06b4bd0ad72,0.0,9.95,-9.95,1,1
0x80457ae7843e021ed379c30f5a3bd5de63421705,5.9999519999999995,0.0,5.9999519999999995,1,1
0x804cea4ad56e4032dbc5f45356a366aea86dc740,5.999969,0.0,5.999969,1,1
0x80507edbadb63dc660c89570c5c99af8e4608f2c,27.0911,2.6620000000000004,24.429100000000002,9,2
0x8052d4246e95da594f0157d5a183f8c7ae5b4dc7,0.03,0.0,0.03,1,1
0x8055ae09bfeeac2f46dffe254cc1868f2df444c4,105547.11234,0.0,105547.11234,2001,1
0x80598f356f41f96d6ffb11a815fe365123dd883a,344.099921,343.67088,0.4290409999999838,2,1
0x805d8ef8405523c97410e81feecb5f532e1d9a6e,1.589814,0.0,1.589814,1,1
0x8067508bfffbd1c3d67681af2c772e15ea137727,0.11999899999999988,0.0,0.11999899999999988,1,1
0x806b243e83cf2b562b00666f7264f8cbda0d9014,143598.38768,0.0,143598.38768,2000,1
0x806ed4cf860dfd2ecce29ac495a3f7688b694837,1.999998,1.97,0.02999799999999997,2,1
0x80749a5ede04463ce1f713e4b9982bb7eb48646e,944777.3750000002,0.0,944777.3750000002,9995,1
0x808840e8aec776c2cf91dd176bf1b59acd60105c,0.43998899999999996,0.43692,0.0030689999999999884,2,1
0x8088a724bb05a078af386e8c81211d026841378d,50.289660000000005,50.239320000000006,0.0503399999999985,2,1
0x80924933381b11bc53f4b55efd39f584e255bb3f,378860.7599999999,0.0,378860.7599999999,3996,1
0x80957edcfe08e07ddde4f9ad4dd65670b1a526a6,0.999984,0.0,0.999984,1,1
0x80a258daf10be162bdcc91ddb249658127dff88e,0.0,0.114,-0.114,1,1
0x80a6491150fcc6a83ea6ad10c55a538c016bbb53,97.99971599999999,0.0,97.99971599999999,1,1
0x80b5217ad6da31b92da960478e39d7cd515997e6,1.0,0.5,0.5,2,1
0x80d1a0d1a5a66ea002b8e1dbd381d90f61e2f6c4,149.99999799999998,53.23360000000001,96.76639799999997,2,1
0x80e85454b30291aaf55f0edd3a818f00a50b88ef,10.439973,10.41285,0.027122999999999564,2,1
0x80ee33ef76728d53cfffcbdc5c82794ac878bfbc,29888.133947999995,0.0,29888.133947999995,1998,1
0x80ee5a492e426203d00cefe11b2a6119fa6bab76,11.42856,0.0,11.42856,1,1
0x80f8dea37d11b33b36fae1c336a40970746eafb3,20.999896000000003,0.0,20.999896000000003,1,1
0x810f7dca808640ae6448bd1a158d4a2275ea2725,56.896,0.0,56.896,16,1
0x8114ffb88b78eed1addd2dc7a37957985aa1bb39,143503.48268000002,0.0,143503.48268000002,1999,1
0x811879959cb890a0c2135a473c1473c29f25147a,4214.30148,0.0,4214.30148,1998,1
0x812d5a0b188f9479428ed525d1d386380df2156d,10.668,0.0,10.668,3,1
0x8135ba528b5370c522edb9d64e6ce8fb986a30a3,188955.47500000003,0.0,188955.47500000003,1999,1
0x81404d91cf2d7d8508827f49bfdd625fb3a7b92f,170369.45400600004,94.2264,170275.22760600003,3997,1
0x81525952f172646a4104030e9a9ef1e769c7bfda,2097.04837,0.0,2097.04837,1,1
0x81585946a6a2498573b846b28bf7fe50402cb34d,0.9999889999999999,0.0,0.9999889999999999,1,1
0x815979a350625a56e3f1d15de4507d2b44676265,0.999999,0.0,0.999999,1,1
0x815faf650a093427c1386f3fc7465d03bdc7f1b3,3984.05196,0.0,3984.05196,1,1
0x81744af48f257d9251a4acf1dc18c6cc1048a812,28419.551999999992,0.0,28419.551999999992,7992,1
0x818091b1ab4d2b05bf813276d943c826a7d008cf,568195.76,0.0,568195.76,5997,1
0x8183d28db6562df8ad60e992d1300fd63cc81aec,0.9999999999999853,0.0,0.9999999999999853,1,1
0x819ce39b0dedb6aed69a11867796ef06b77cd84b,1.259998,1.144,0.11599800000000005,2,1
0x81aec119f694b8f369f0b5e792eedd8e62c71fdb,2.7999989999999997,2.7522,0.04779899999999948,2,1
0x81b464fc316cc5162cbbfebc4d0e223367d1e532,0.9999440000000002,0.0,0.9999440000000002,1,1
0x81cdf0af3d5460d98a3d58f4d21d60f2d769d56e,568434.6923199999,0.0,568434.6923199999,5996,1
0x81d87f572bd28b238a0413ad006e87c7c6400128,1.039998,0.0,1.039998,1,1
0x81d8c8b027e818bc6b991c00088eb7404563fffb,36.538,0.0,36.538,5,2
0x81da9b75233e966958f141bae0df930bffcb9367,0.5,0.0,0.5,1,1
0x81dd000efee26fb5c5761d0e9606cc95267439d3,4.999998,0.0,4.999998,1,1
0x81f23cfa4f218b7a25886f28fd98274258c97706,5718.54,14.955,5703.585,2,1
0x81f44533bc1a7bf4f6472fd3ad8099bbd7e7e80e,14.999998000000001,0.0,14.999998000000001,1,1
0x81fa8b0b34868bcd4e1dc2bcb123eb52f046641e,189786.91549999994,0.0,189786.91549999994,2003,1
0x81fcee1260524a6ac1826b5a794a256c0bdf9836,19.999996,19.665000000000003,0.33499599999999674,2,1
0x81ff5cde794e796c03d31ea436a1d4fc5cba3a62,4.999955,0.0,4.999955,1,1
0x82029fabafa6490d1532b3f0ca2662970f08af88,8.999998,0.0,8.999998,1,1
0x820e9937b2b4261ae23bc1c42c7fbf984a17634f,17981.996004,17884.217879999997,97.77812400000403,3996,1
0x8238a57bb91bbafaafc91c224bbd89bc1fc6160d,4.999998,0.0,4.999998,1,1
0x823d6e09d22043ccad7b4c8884f2a62468b7c56c,0.0,1993.1248799999998,-1993.1248799999998,1998,1
0x823dd9b264036285445dbc24156fb5b30c9c5c5d,0.0,73999.92599999999,-73999.92599999999,1998,1
0x825ae953541126149258aac8041ec14d420f3367,2.0,0.0175,1.9825,2,1
0x826d085e435b03e794011308b78e68392ab23568,51.70999799999999,51.65256,0.05743799999999055,2,1
0x827b8a78c18825d3621652c8e556f35db64501ce,75.14,0.0,75.14,4,3
0x828ccdb6fa774dca00e2b281831cf0abba18fb4c,7.999994999999999,1.89,6.109995,5,3
0x829003de3735e0900ecc6290e7fc78eda2ea63b5,5642.692,17.946,5624.746,2,1
0x8291b91a6e98414e568e068f05fc10ca730a50c9,1997.9960039999996,0.0,1997.9960039999996,1998,1
0x829aa032035310be87990bc67c9e82d84ed01305,189809.04999999993,0.0,189809.04999999993,2002,1
0x829d755509f9a8d371b413e1418bd60f1dbb34f8,189525.09499999997,0.0,189525.09499999997,1999,1
0x82a7f34930e888425d38c90e7e235034abf867c6,189430.37999999995,0.0,189430.37999999995,1998,1
0x82b58193efc45fb8db7b4170a9f1a17c44ef3b1d,13.324,0.0,13.324,2,1
0x82c9bbae5cd22fff9b655a284d442ce9557410e7,143670.16384000002,0.0,143670.16384000002,2001,1
0x82d200981ccb0797fdace78e50de5748d3382a9f,956737.152,0.0,956737.152,9996,1
0x82e15df804930d991af054f42e2cdf0e4311f226,99.999996,96.9096,3.0903959999999984,2,1
0x82e5177270a84364b844d1f35c04bcec64d3498f,189714.61999999994,0.0,189714.61999999994,2001,1
0x82e6941c725731391a10ce0164ecbb845eabe095,189.62,0.0,189.62,2,1
0x832e0200986570762249c54da5e4d9566f38618e,3.209998,0.0,3.209998,1,1
0x8331c5472293bd830acd725cbc4e2172cc456d1c,1135917.4699999997,0.0,1135917.4699999997,11991,1
0x8354ab966ec5922ab80107c58cba1f3618516556,189524.61999999997,0.0,189524.61999999997,2003,1
0x835c51d10be6a1165789817ea6131ed649ddbeee,12071.888030000006,9.99361,12061.894420000006,2001,1
0x835fbb25ff78f4bf1ab727417caab4b1ba27a3fe,98.99960399999999,98.69405,0.30555399999998656,2,1
0x8363b994cf623ff3cc143eb9dd1f19e7b30dd0c3,5.99995,0.0,5.99995,1,1
0x836c46ebc62c6b649cebe2ee49a5a137c67d0a67,66.409832,22130.92037,-22064.510538,4024,4
0x837c12af6ab777787deafc61d423143322c9f4a6,1.1999259999999998,0.0,1.1999259999999998,1,1
0x8387a52b0d75d9d11fba6bff466cece673faace9,0.27999799999999964,0.03703,0.24296799999999963,3,1
0x83885dd9971102f074991755c79f61d9e9f47d41,75.924,75.848,0.07600000000000762,2,1
0x838eb5de96dda1424cd1b218b6f7588afa80aeac,0.489519,0.48852999999999996,0.0009890000000000176,2,1
0x838f398ca11e08d9ce446d2aefe748a929e698b2,0.98901,0.98703,0.0019799999999999818,2,1
0x83cf468a0b376c73fb4a30bbcf468b813ea23528,388830.78000000014,0.0,388830.78000000014,1998,1
0x83dcf4df9bcad0d84e47732ef159dcca36ab013b,0.5999999999999985,0.0,0.5999999999999985,1,1
0x83e4d42ad1466f0a77845bc1915daba3085c64b4,761629.7678399999,0.0,761629.7678399999,3996,1
0x83e750f95574f0dd6abfacec3503a38a85b5901a,189240.57,0.0,189240.57,1998,1
0x83ece68c2d79b299ebdb880a2366d3eb402876ab,12527.37009,6.24205,12521.12804,1999,1
0x83eceed2d3478b64299a765e1c7801e386654f90,0.05998999999999996,0.0,0.05998999999999996,6,6
0x83f5646aedc60b7d9f28a3a392080e56d6bf2a32,6.662,0.0,6.662,1,1
0x83f65dfe37195252d6660dd365365b7e59438b96,1.0,0.5,0.5,2,1
0x83f685a58f27ea700075d461c0efa31784062ea8,1.0,2.1999999999999997,-1.1999999999999997,2,1
0x84026d9a1013904aaf4efb21649b44cfdd8f97f8,10.60938,0.0,10.60938,1,1
0x84070af38051541c55a9498ebe4a8d21c2bb5447,35524.43999999999,0.0,35524.43999999999,9990,1
0x841b8d54f6edbee2f93beed62b2ffdab1b55baa9,2.3794750000000002,0.0,2.3794750000000002,2,2
0x8421cb02ac429521017443007374e6673d64771a,66.67969199999999,66.49814,0.18155199999998217,2,1
0x84380a7852378a943619f5c7b62c75e8fb50296b,1.0,0.5,0.5,2,1
0x84390f6932ff980abd294178eb34918d49d270b8,0.19999899999999998,0.26071,-0.060711000000000015,2,1
0x844a6869dbe8e76b41d1d7456a73f3d8e302c9f7,0.04,0.0,0.04,2,1
0x84523127917624aca8c1344dc473e25b4107da2d,350.81351,0.0,350.81351,5,1
0x8455377b2f7e214093633f7ced1adc562ca5db3b,1150460.5478400001,0.0,1150460.5478400001,5994,1
0x8467fd1e7b763ea6a5f5f44ce993b47b4b8699cb,29.401899999999998,0.0,29.401899999999998,11,1
0x846c2e65e1f72588bb7b5cda712a8414a257ebc6,11068.830090000003,5.51463,11063.315460000003,1999,1
0x84795ee3a2b621c0cc1a0409254fa1f32989bf1b,1.027,0.0,1.027,1,1
0x8486c92eede60dd7e2ea7e46cb63b875e05a41ee,0.03,0.0,0.03,3,3
0x84c488f7cc0aa0d6483d7ad9c58305a39fa2ea8a,0.5794199999999999,0.57826,0.0011599999999999389,2,1
0x84d1eac8b60be57bcb26ea0fdb4b6849a16f3ef3,47952.0,0.0,47952.0,1998,1
0x84e0bad8192c0054aef4bddcdb7a73a09749bb35,0.009999,0.0,0.009999,1,1
0x84edeb35697d94ebf7a4e1ad2af8b1bb4060c68f,0.999984,0.0,0.999984,1,1
0x84f05d6157918c46968e2003948a2ae04bf5fe2a,56683.036223999996,28198.293479999997,28484.742744,5994,1
0x84f9aed2edf8c7dafcaefe0d2f74d58299d3785b,0.15999899999999997,0.0,0.15999899999999997,1,1
0x8507bf8a45d2925a63029178e134b2f272dfad2c,10.999989000000001,0.0,10.999989000000001,1,1
0x850e3f41c1fa5ff65b9614c0fe435447b4b3d4ca,769645.6639200001,0.0,769645.6639200001,3996,1
0x85143d8a8d3126eb1409cc5ab4c70cc48faae546,0.9999909999999999,0.995,0.004990999999999857,2,1
0x852b8ce7973108395c5bfbd60d4a5155afcfa4a8,189525.09499999997,0.0,189525.09499999997,1999,1
0x85317b33a7d57d990c356b425d87028de0d51ca4,252.99974699999999,252.7435,0.25624699999997347,2,1
0x8535786340a67e3e7ca9510c21ad9d76a925005d,0.04,0.0,0.04,2,2
0x85439e33bddf0721d1216b8402d93c31567cb8fa,13.599997999999998,13.47255,0.12744799999999756,2,1
0x855d9e900c93e5c4edf5b86bf764b16f96045304,6.662,0.0,6.662,1,1
0x8564848285e54c65f6cc2e3930b49362fbd84b2e,25.6799999999999,169.5,-143.8200000000001,2,1
0x85679eee88f596d88e21337ced1dc639737c1b33,0.9999880000000001,0.0,0.9999880000000001,1,1
0x857594965d38b8f5d927f4856bc3a26fd129ba37,522269.52768000006,0.0,522269.52768000006,5994,1
0x857b53942b7dc7cb09881fdb3a8959ade7d57f31,17.999979,17.929959999999998,0.07001900000000205,2,1
0x857c51eb336d4c4e3768aa4f962ec9f7f8f68293,193418.38800000004,0.0,193418.38800000004,1998,1
0x8581894952313a6b2c1fa85ca64baf9d6b02fb93,59309.174660000004,0.0,59309.174660000004,7997,1
0x85927dac86c5a092d1ad0c5c4995f4282ce49926,1.0,0.0,1.0,1,1
0x85968ed25c5a05167b5345721ab9736d9a797fb8,0.96903,0.96709,0.0019399999999999418,2,1
0x85a5a7f45f0e397a5805d1a632d0a096aeaec8d9,6364.041899999999,1.8480400000000001,6362.193859999999,13,3
0x85b7e9c178c128eb7f4e8fbbc0e1bd9cd85e1782,481.72898,0.0,481.72898,7,1
0x85c2ff54be7c051246b83c184784cb6609d5b46e,12.66732,0.0,12.66732,1,1
0x85cbd06464c52585955d6f47fe7c44689225e3fa,189904.23999999996,0.0,189904.23999999996,2003,1
0x85d65f08921245c4d056fa935d181b4abd514f44,379145.18999999994,0.0,379145.18999999994,3999,1
0x85d883e0d9f8e1024b0e21b4688ac5304f70b8ce,11.509885,11.47545,0.034435000000000215,4,1
0x85db1ecbaede7ff3b998f89c3892c5e9cec58376,1.72,1.6449,0.07509999999999994,8,1
0x85ff1fce56bd53df42624f412ec07409a24fc7f1,1.639997,0.22754999999999997,1.412447,2,1
0x86005f12ffdd1016e8ad6ad592be29d09a333a3d,758100.7599999998,0.0,758100.7599999998,7996,1
0x860858daba85e46151b0193a96d188865319c480,193418.38800000004,0.0,193418.38800000004,1998,1
0x8619ffe77f951aa06b0655a20bc90cac3eee627b,28443.649999999994,0.0,28443.649999999994,7998,2
0x861bb52320c0c15870205b884fbf6d7feea116e2,4.779998999999999,4.655,0.12499899999999897,2,1
0x8620966905f7b808fdc5cc48e7bfdc544864f598,189691.58615999995,0.0,189691.58615999995,2001,1
0x8636c73304e146b6940aa184bd976475e5e26994,7126.223999999998,0.0,7126.223999999998,2004,1
0x8650266fa167be6a6fc0c69c7e890d27ad436346,42.057900000000004,37.28528,4.772620000000003,2,1
0x866358797196d7ad566b23781f2a89adf406693a,0.0,0.027,-0.027,1,1
0x86643de7a4ee60cc9a49416185567f8fa5d2c9e7,761629.7678399999,0.0,761629.7678399999,3996,1
0x867470a1b827e7441f82a0d9d7f36cc8fd170d1e,0.0,10.796999999999999,-10.796999999999999,1,1
0x86832919f224cecfad4826ab174aa356b843bae9,0.9999999999999502,0.0,0.9999999999999502,1,1
0x869a56b6d4b7dd5ab061d70b21de49f7110fd4a1,0.0,8.046919999999998,-8.046919999999998,1,1
0x86a23f3d2841fdf28e26f8dd801a7a190564be38,217.68521999999996,193.99204999999995,23.69317000000001,36,3
0x86c84f1f92046b7a32ee32f8393866018bd1f171,51.689998,51.63264,0.057358000000000686,2,1
0x86d29933b9eff7830085ad49521d9c8182574230,388830.78000000014,0.0,388830.78000000014,1998,1
0x86e266d38070a70e897b42acaa0c924890cc761c,0.03999999999999996,0.0,0.03999999999999996,4,4
0x8707534e609c4dcb2eb0159329d77bffa6887d4d,14825.498940000001,0.0,14825.498940000001,1999,1
0x875bffe53c9165e41a172778fdf364cd09bc3289,9.96,9.96,0.0,2,1
0x8762f9360f595197254f5dfaad675a11132007a1,1.5399999999999,0.0,1.5399999999999,1,1
0x87636f1f7e3e5acf81f62a246d13327e353ff019,1.999992,0.0,1.999992,1,1
0x876505d36c5fdc3a745bb007e92df775b17d8d3f,24.892000000000003,0.0,24.892000000000003,7,1
0x876b839c1cc4df4b18155885f8c96feb42147b4f,188860.95,0.0,188860.95,1998,1
0x876bfb6d6c6efbf7b719e0c807c11393b3912ed6,0.0,0.162,-0.162,3,1
0x8779221bcf77c8b24cbc70cfc58cd82546d39c52,0.579998,0.0,0.579998,1,1
0x878215c04816c301eeb810edebbb89ef045ecc38,3.949981,1.5323,2.417681,4,1
0x878ccbbd8b9e2137d48ee6fc46d96c8282b3e888,0.109981,0.0,0.109981,1,1
0x878f45b5b59764dbe942f0401ae5d13c5d5e07b5,29.149932,0.0,29.149932,1,1
0x879793d22580364d5b30210ab13ea272705ef249,83.496,0.0,83.496,1,1
0x87a1fc57462b2ded8331c8d0b0cb1057df77bdd4,14.58,0.0,14.58,1,1
0x87a6628775ace7be15e2dde6cf430760ce6f95df,4.0,2.0,2.0,2,1
0x87b231debe83c4f5ff53023c5cbe7107d0c036c2,0.5799979999999999,0.0,0.5799979999999999,1,1
0x87bd8fc0ddd8a2cf4a8722cbb6346c98cf118cdd,0.909828,0.90363,0.006197999999999926,2,1
0x87d4437a89095f7eab3cc03d3afa64e5f2b6098b,4214.30148,0.0,4214.30148,1998,1
0x87d7318b8af178eddfaf6cc114ca3ccc0aef8929,5.9399999999999995,5.928,0.011999999999999567,2,1
0x87db0899037c15dd4fdd05d6be9136aa16114321,14.999908,0.0,14.999908,1,1
0x87ee7f1f4962d38a3e470cbdd848184f39012137,11.999998,0.0,11.999998,1,1
0x87f353f414dbbc94785cb24ac9300f8e53b53950,94.81,0.0,94.81,1,1
0x881453bd36c87c9422040150eb255f6b834d5cc0,109.61999999999999,83.20000000000002,26.419999999999973,37,9
0x881a8c48058771dee8464a1a6e57b578136e9187,4.1499999999999995,0.0,4.1499999999999995,1,1
0x8820462adeaabfa881d638dc9c7afccd98f6b137,777661.5600000003,0.0,777661.5600000003,3996,1
0x882b03e148eab27804faddf4cffb13836b9a2c79,49.999998,49.885799999999996,0.1141980000000018,2,1
0x882e14bb91760d4efdb8acb3f21c5f36192edc6f,12.799998,12.74348,0.05651800000000051,2,1
0x883080e4bbc010894c012056cec6502f73afe62f,0.0,8.883,-8.883,1,1
0x8856ea3ba52896af104f39ef829896a85c893950,0.0,0.405,-0.405,3,1
0x885802ba918b8d147346896355645656766981f8,19.986,0.0,19.986,3,1
0x886c5fc31bf376c9a933ac9fef9e0face2b6a863,2.0,1.0,1.0,2,1
0x8874d1631eb0e998b866e85b090d580a8696c926,89.539998,89.17174,0.3682579999999973,2,1
0x88760bce5a0335e92bad8d4280a49e70a0e8bbc0,9.999998,9.456999999999999,0.5429980000000008,2,1
0x888733910df102717c5f0ff8274c7766a07c08ac,56839.103999999985,0.0,56839.103999999985,15984,1
0x888e1df03e0868d5fcc9cbb5191e1afa40d0d6fa,0.499998,0.0,0.499998,1,1
0x889262d9287462f92cc540e36e8c74c6a6af65b1,59323.69936,0.0,59323.69936,7999,1
0x889b16f80049db0cb45a0bd666adedcd02fa990e,116927.55539999997,59877.94212000001,57049.61327999996,5994,1
0x889f8667c3051aaa23500a3e3435b861c805a40c,7104.887999999999,0.0,7104.887999999999,1998,1
0x88a2be4f72306d9bb55ad85c0e448e8fba99e5a2,0.119999,0.16182,-0.041821,2,1
0x88a2ca3f0ab77fed3ca6b14ba9069050128fdff7,388830.78000000014,0.0,388830.78000000014,1998,1
0x88a470d70933737bce667857285122ab63e58f40,476580.89768000005,0.0,476580.89768000005,5998,1
0x88b59d79b6e1659c95a0043028e5bb7a26e6205c,1139288.0414299995,39057.91829999999,1100230.1231299995,6038,7
0x88cd8b1094c13fa19309a5505a2add0416440f45,50.48946,50.438919999999996,0.050540000000005136,2,1
0x88e8561352c2250b3f63c02175d0a5e81f00380c,189524.99999999997,0.0,189524.99999999997,1999,1
0x88eac4aeb0a4e2b976ce8bfa16470c7bb1770512,9.89,0.0,9.89,1,1
0x890d0e9463a488019ab53187d311606fe6a7c11f,13985.986014000006,13930.055999999997,55.93001400000867,3996,1
0x891eafd99acc1f4fcb95bc3761a7ffe2a7bb91eb,378670.7599999999,0.0,378670.7599999999,3998,1
0x892699202753de10fd18c338e83bc4ffbfbb0b06,5.999999999999771,0.87758,5.122419999999771,2,1
0x89320c01e9f6a658504151b7ca120a172b606fd7,29664.36229,0.0,29664.36229,4001,1
0x893dd07bd1a1ddc2f483c220e66619c5d0216b68,59320.616004,41.64662,59278.969384,1999,1
0x894151cde3e67a926cbb45a64607b24ee2b79c5c,4.97,0.0,4.97,1,1
0x894a317203e334f86549e41ec6f4ac4ce3172aec,0.48951,0.48902,0.0004899999999999904,2,1
0x894a38291a61a7d466b5fc60ebdec16f63288a3f,756200.0000000001,0.0,756200.0000000001,8000,1
0x8953d414a746ddc1869ba19806c4bc1116123449,0.0,0.051000000000000004,-0.051000000000000004,1,1
0x896042e36af00da1ca0a80bef59b9445612893fb,21.599999999999998,0.0,21.599999999999998,1,1
0x8963dfe5648054249e709f203dd8ad87ff950d22,11.499998,11.44332,0.056677999999999784,2,1
0x8967ec3278099e9c38db82d4df26d51c9323f747,39959.992008000016,0.0,39959.992008000016,3996,1
0x8989abe20ef1b039987e518bf777d032421e6507,2.0,0.0,2.0,1,1
0x898b829d2313f1117597fd8e3127a9cd3cab355d,0.39999199999999996,0.0,0.39999199999999996,1,1
0x898e6bff44572362a674f87ccaf223072b534579,1700126.6500000004,0.0,1700126.6500000004,17986,1
0x899020d104059b7d988dff0d9a7b71589caf8a05,97.999902,19.483359999999998,78.51654200000002,2,1
0x899749945e2428a85f4489b0032d29316b3c03d5,20.542,0.0,20.542,5,2
0x899d416c67e410d2fb75c4a44dbe072827f178ce,97.999998,0.0,97.999998,1,1
0x89a4c462aaf529830cacec9fd694fdb29393c3c2,189145.56999999995,0.0,189145.56999999995,1999,1
0x89bea0dc6078facab88ba39e21b86df0e1d748ba,189335.38,0.0,189335.38,1999,1
0x89c12194f6314bf530c8486ab4979668ed4963ac,0.53946,0.5383800000000001,0.0010799999999999699,2,1
0x89ccde9c7e54d400bdde0d225a06658eb56aacb2,94.81,0.0,94.81,1,1
0x89d40f6a28ca0a7695f6e3028a773210f9f8cb89,5996.982,24.925,5972.057,2,1
0x89d61169108a7ea1334ea3de74a649a545b2fa3e,0.999999,0.0,0.999999,1,1
0x89e73f74e4db3c4f255f4ead45bd1f7d54ab6cb3,39959.920079999996,39750.84936000001,209.0707199999888,3996,1
0x89fdd863a64dfd8a73e33d756096f1c40894a576,35524.43999999999,0.0,35524.43999999999,9990,1
0x8a04c6c0a35d50774b4414b2545aa27d155cbb04,2.8799989999999993,2.8044,0.07559899999999953,2,1
0x8a0866dcd50a64377909be0038c4eadaf2de0db2,11.599995999999994,0.0,11.599995999999994,4,2
0x8a180ea95ef4058cf894f598b21aa0e877daf544,0.02,0.0,0.02,1,1
0x8a1862857707be41a0085e32abf1d103543d434e,761629.7678399999,0.0,761629.7678399999,3996,1
0x8a2007aea2b503a2afd4b48b5887a573d26c2ba4,36.538,0.0,36.538,5,2
0x8a3b9824dc99752d3298377350c2bc7a5c7432b5,0.0,1.01286,-1.01286,1,1
0x8a436accaf64752b6d0a198eb291e141a3d13225,0.02,0.0,0.02,1,1
0x8a440bae26f53b244bde512c576869d2725aa388,0.04,0.0,0.04,2,2
0x8a44e8e2a20c578ff6b261500675b2870dfbecc1,1.599783,1.58087,0.018912999999999958,4,2
0x8a47b06b7f309ca18477d84eaf47b87c1b380ff7,12.51,0.0,12.51,1,1
0x8a4ad7d67ffa9a1afa3b4459b286ee5de8e3b608,0.979941,0.97119,0.008750999999999953,2,1
0x8a4b38af8bd0140c472dc3983ffe529f9b274241,33.116,0.0,33.116,4,2
0x8a58b18cea1239192036d306305f1d911202ae92,0.04,0.0,0.04,2,2
0x8a63b20e2464a14f20c2638cff4b097bd3d95383,1.1999879999999998,0.0,1.1999879999999998,1,1
0x8a6510fb63cad25d7043b9e0cb2159176b4425ad,68.0,0.0,68.0,1,1
0x8a7ab4d1fbfa241e49571fc4ced992107c63bcf8,0.639718,0.0,0.639718,1,1
0x8a84e24316402aebd26e634a09d4347de7125910,11.999998999999999,11.906519999999999,0.09347900000000031,2,1
0x8a8e7e64c77051c43ba45c9f6b019a314c3dcbe3,1511549.2750000004,0.0,1511549.2750000004,15991,1
0x8a96f8360043e0dc37a9f18cbc6d9428dde3e839,13.324,0.0,13.324,2,1
0x8aa317d64e2e899704d76e84a55f876760cdf3f5,6.999998,0.0,6.999998,1,1
0x8ac29534160d7897c1918e782770ccff58536dd7,0.539709,0.5351400000000001,0.004568999999999934,2,1
0x8ad8a8ee9bacd94a69998f632ee982bd4e2b296f,5637.722000000001,0.0,5637.722000000001,1,1
0x8ae0a26c6e33073d11aa6e4b9da7fe4515ac5e5d,2.199947,0.0,2.199947,1,1
0x8ae7bd1cc0a9b30ecd083ac3434ecde8b824179e,189998.66999999995,0.0,189998.66999999995,2008,1
0x8afb4330377f47f81a1227184a9581337a94ba65,0.9999440000000002,0.0,0.9999440000000002,1,1
0x8b01e664b6f1c434e1ccd3585441188e7219e149,3.999998,1.82,2.1799980000000003,3,1
0x8b06174bca5ea6e364df335dd460b05c03228819,17.969991,17.88912,0.08087100000000191,2,1
0x8b091e7369593256266c17721334b96559eda17f,0.479921,0.4728,0.0071209999999999885,2,1
0x8b130decfa48d92c337049d2a554958522bf3ff9,20.999938999999998,20.928069999999998,0.07186899999999952,4,1
0x8b2c22f0f60487ccf333e2cf5d68a956216811b5,332910.92383999994,0.0,332910.92383999994,3997,1
0x8b3ee86c508553ebb6db6842fd1b8c5db9c242df,41197.48128000001,41138.97984,58.50144000000728,5994,1
0x8b51695b707b995fbd917b08b2cb05e69510842a,5.8,0.0,5.8,1,1
0x8b62f7aa594b803122a79010c52367bb551b53e2,379050.18999999994,0.0,379050.18999999994,3998,1
0x8b72df47d55097fa5f9eccf8d54124586a0d8827,1134104.1044,0.0,1134104.1044,11998,1
0x8b9af967e493f1a3733c6d1bd1e588998b6e82d2,284.43,0.0,284.43,3,1
0x8ba7b0578937bd5d8701e167d985be9df83d87f4,40259.698002000005,37571.990399999995,2687.7076020000095,3996,1
0x8ba8036c1e1e9c1fdccd1a17dee52f36e2e961b7,247.8617779999999,15.289839999999957,232.57193799999993,11,2
0x8bab1706a7cb232ca9a57b620f0cb5451a8e09b6,166.58616,0.0,166.58616,2,1
0x8bcc2c7132f404272eafd23d341f5d60f854e105,0.15999799999999997,0.15952,0.00047799999999997844,2,1
0x8bd3f676e1b340ffdfd2a8f30d919d21ecddbf4d,68.889998,68.6098,0.2801979999999986,2,1
0x8bd8f7698835bdec553301f5164d000949e528ff,9.95,9.95,0.0,2,1
0x8be3a6e3a5065fe453cfba368ae0c0fc71aa30bf,51.409538999999995,51.35708,0.05245899999999182,2,1
0x8bec4a8f06c238a67cc17be07b0a856d6bcfe864,199799.92607400002,99.78006,199700.14601400003,1999,1
0x8bfedc31740123f43258331b713f3eae0202a410,0.5,0.0,0.5,1,1
0x8c05ffd6b97284db43ea6f1de5dd94edad154867,30.649995999999998,30.605439999999998,0.04455600000000004,3,1
0x8c0725b64e543508555535bcba37651f07c7ec66,0.0,0.986,-0.986,1,1
0x8c142c60e00b41af315021e7eb273e7cccc89e4a,189809.61999999994,0.0,189809.61999999994,2002,1
0x8c1d4917c46708792e2d7e273bfcd0bcb24a940c,2.059999,1.9965,0.06349899999999997,2,1
0x8c377ed121c9dda1a8631ace8d0e3028644d4e9b,61.41267,0.0,61.41267,1,1
0x8c761c66f97a83ca46e78d02f016906ed2aaeb9a,1.7,0.0,1.7,1,1
0x8c7a3940287733cd408e4be91b088c85af6de117,29676.965220000002,0.0,29676.965220000002,4005,1
0x8c7a81e440b22700992aa94a417fffcb40e750bd,11.999998000000001,0.0,11.999998000000001,1,1
0x8c87efb935c918f6970e80cfb6bb64e17110902f,99.99999999999979,0.0,99.99999999999979,1,1
0x8c87fa5279904194de66cb9654b676afb4045eb4,1.0,0.0,1.0,1,1
0x8c89b4877a158c48520c3600b5ba9c68e50dd3d6,0.37962,0.37886000000000003,0.0007599999999999829,2,1
0x8ca05b99a43e66c10c3adbbde38649b4b155b858,15576.906001999996,15634.018019999996,-57.11201799999981,3998,1
0x8ce1f59c8d08b7e9b83f70fb98fc443169697c58,403.999596,403.59119999999996,0.40839600000003884,4,2
0x8ce3b9f90a48680ab6af47137c0ee9e6c3b8c5d0,0.9999940000000002,0.0,0.9999940000000002,1,1
0x8d017135576991eb8d66f71c21ca2f236d029992,100.99990399999999,100.27117,0.7287339999999887,2,1
0x8d040e4bb4cdd0247eea443ee2d83a5ffe97c695,11.789998000000002,11.73702,0.05297800000000308,2,1
0x8d30e7db73911576ba81ca2357a8e2d8a5352281,0.0,5.0099599999999995,-5.0099599999999995,1,1
0x8d4c21e55a81a35e15132f19c28db093248150e8,124395.462018,62.25268,124333.209338,1999,1
0x8d750a1c2a88fa4451115857af126e4efe42ed98,0.0,0.084,-0.084,1,1
0x8d7fee5105890f3198d7318ebf831903e995c9de,1.179871,0.0,1.179871,1,1
0x8d8179e7f435945b34632b7754d431a76290bae1,332839.14767999994,0.0,332839.14767999994,3996,1
0x8da2d6149c651d61f2e35ea428ea978caf26c85e,0.0,0.092,-0.092,1,1
0x8da7e2e33d42191dc86a9519102db8fd076e1e15,94.81,0.0,94.81,1,1
0x8da81964cf6149f3e2a6395333c2d84a5f9256cf,755.2560000000001,54.09815,701.15785,11,1
0x8db38c09e327a651e914f4296592495c95f45bbd,5.999998,0.0,5.999998,1,1
0x8dc2b12da00cf9d233461ee64c9934eb5d7e43fc,5658.66,26.919,5631.741,2,1
0x8dc6fff7cf3b715a5acbfeea119fa1beeac179f3,379.05000000000007,0.0,379.05000000000007,4,1
0x8dd2726bf60f007ab69a868ad6521fd6a49e000d,0.329998,0.31746,0.012537999999999994,2,1
0x8ddfd8529a09275613614b5c9dc46f165af5d093,3.179979,3.16827,0.011708999999999747,2,1
0x8df1e8deb689ab43eea50151923fd04e6567d7fb,415.96922,0.0,415.96922,44,11
0x8df901e9eaf479f72fb61e97c798575117576019,0.44997899999999996,0.4464,0.0035789999999999433,2,1
0x8e06b8cba63473f2cc18c0e5a08c2ea50130aa32,284.43,0.0,284.43,3,1
0x8e095c686c4e78658fab5dede0c6b7e1e27f3cb2,772280.2099990001,49.184169999999995,772231.025829,16025,6
0x8e0c63db1b0642e2fec3e02855a200554fce842f,0.049996000000000006,0.0,0.049996000000000006,5,4
0x8e17ee45ae63c14172e22b1251c1e42cfb662abf,2.6099989999999993,2.5311,0.07889899999999939,2,1
0x8e1b33422ee5d49554e2bbbc4debd547de5e032b,44469.185580000005,0.0,44469.185580000005,5995,1
0x8e325123af7182b922c8b67d5755de1fe5828664,1.499904,0.0,1.499904,1,1
0x8e4aa1907e550ea6bdd353eb86002a3d126bb32b,378765.76,0.0,378765.76,3997,1
0x8e4dc5e5edf00f3573ccfebc22bf1097888e2374,44485.8553,0.0,44485.8553,5998,1
0x8e58615094173612bed9f0165a7fe8d2ad1f7009,39939.89612399999,0.0,39939.89612399999,1998,1
0x8e5a5d37a354f4e05badd0d9e91b519774e44ef5,1535.87343,5006864.384180002,-5005328.510750002,8000,4
0x8e663d9ffcff0e7e752637fa3c303be8f032a1fd,5996.992,0.0,5996.992,2,1
0x8e7967db300026f10852754c56ad3b6a1b099540,118634.30900000001,0.0,118634.30900000001,15995,1
0x8e7d932c71aeacf77dc00e87c658b2e4a94a3464,0.0,0.336,-0.336,1,1
0x8e8adabcd55ab4cc9348273add866c64842b8326,94.715,0.0,94.715,1,1
0x8e8d8163c34d90ce063c7438637a0e5c3ffa5a27,0.009992999999999998,0.0,0.009992999999999998,1,1
0x8e90ba69cade685ca33c0de30be69aa17b2fb0e7,1166492.3400000003,0.0,1166492.3400000003,5994,1
0x8e9b3f76520153652e10cd92e0852d859925aa68,143834.16404,0.0,143834.16404,2004,1
0x8ea78315feccdf4bad7a78cf0e50a3e5d8cdb979,13.099998,12.99148,0.10851800000000011,3,1
0x8eb54bfe8b9fbfdf1889d486c679685abd065bd6,568481.08934,0.0,568481.08934,5997,1
0x8ebbadf5ed8d089e228d7be6da6e1d7e2d5995c1,4.779999,4.697,0.08299900000000004,2,1
0x8ebfa9f84af73f362cbcbdabd37a9e4ebbf337ed,379144.9049999999,0.0,379144.9049999999,3999,1
0x8ed5172fd3eafbca85d46fbf3f4e93e11ead91ce,0.0,8.906,-8.906,2,2
0x8eeacee0bed0d22eb9b1ae72b9422a6c6944a034,1.5399979999999998,0.0,1.5399979999999998,1,1
0x8f04852f530e007d335f16db852cc82c5a37d82e,74.0,0.0,74.0,2,1
0x8f11f50122c3ce0d86ed2627061a7d4013ac205b,1.9499959999999998,0.0,1.9499959999999998,2,1
0x8f162d4488d9dc60768a52ce3191f657f88f479b,0.9999979999999998,0.0,0.9999979999999998,1,1
0x8f239917a9fe50462b49a3518f8797269619f28c,599.3940060000001,0.0,599.3940060000001,1998,1
0x8f2655917568638f193bf1e3fe850e337094c168,13.324,0.0,13.324,2,1
0x8f35e9dff290b7fee64f44941127b50964a1fb08,5718.553999999999,0.0,5718.553999999999,1,1
0x8f4f6be2db0261f470ad8553a35f334145e94e2d,1.9999920000000002,2.0416000000000003,-0.04160800000000009,2,1
0x8f51d37dfaf6076384e70cbdebf3d8911d2f787b,298.57619999999986,0.0,298.57619999999986,1,1
0x8f554b6f2f3248835dac53bf7d422bf2ada0b310,19.999999,0.0,19.999999,1,1
0x8f8e76050043fec0d2466160cb9d146cd93f0430,189430.37999999995,0.0,189430.37999999995,1998,1
0x8f9b67f6302ca68aa7f00b481352243e478c6de3,0.329999,0.0,0.329999,1,1
0x8f9c5388d7294e2da6ca448160953837083f0c97,0.9999979999999999,0.0,0.9999979999999999,1,1
0x8fc09a211bd771b17cafd01c96d8011e59d86e2a,756200.0000000001,0.0,756200.0000000001,8000,1
0x8fcfd71f48f88b6d6d0d65b23e0ed408ddd8127f,22257.71600399999,22285.63205999999,-27.916055999998207,3996,1
0x8fe8dd1f989bd373c6462bc16e40f74c38e0f83c,0.059995999999999966,0.0,0.059995999999999966,3,3
0x900038dd28302b7519b5fd1d9aec7cdf2c44e059,855226.7535400001,0.0,855226.7535400001,9992,1
0x900bd04e52bb9f2976c0ed0f1c37023c0a233e89,985.0036400000004,0.0,985.0036400000004,1999,2
0x9011a27328177ef2280b1bdbb9fb887ec2e70e00,0.0,0.069,-0.069,1,1
0x9026dcdff0afa8002c9eec1ff9029277b4bb6c52,4.999998,0.0,4.999998,1,1
0x902995bc94e6620fbce153b0f751f42af3647e72,0.159996,0.15888,0.0011160000000000059,2,1
0x90321449b1f5122710b6c6b5dafaf49e5a46b800,59302.28286000001,0.0,59302.28286000001,7995,1
0x9032a76382008d127f483c648677dbbecd9d001a,24.098000000000003,0.0,24.098000000000003,6,2
0x9043403d06996461e336ef1405a1b5e30a9dafd2,189619.80999999994,0.0,189619.80999999994,2000,1
0x905d8edd444714070f6166c808fcc39616b37937,0.0,0.051000000000000004,-0.051000000000000004,1,1
0x90633b9ccd3b435e9e2f719cab7e46a83e421ccd,0.739882,0.73482,0.005062000000000011,2,1
0x9067b3c6a5f9926eaa42fa44302f6f34794291e5,5729.539,0.0,5729.539,2,1
0x9079247d94761dfe31b013c2d2ce8536708573ee,0.9999870000000002,0.0,0.9999870000000002,1,1
0x907af68c7be7c581f15b74a5d72e671342bc3381,1322782.85,0.0,1322782.85,13994,1
0x908a06b54d3744a5095b73f21730d737ab413956,1.9999989999999994,0.0,1.9999989999999994,1,1
0x9093c90dcb823480a127baf3f47c1372618a10cb,0.0,1993.1248799999998,-1993.1248799999998,1998,1
0x909673ddd7f6e883078b65066cf283ebb9cd4cbe,0.15000000000000002,0.1369,0.013100000000000028,2,1
0x909a5bd3c6968139130b6df3843b89c8f82df494,379.05,0.0,379.05,4,1
0x90b902c2ae77f70da5a22fc56b9be7f367f6b826,568480.76,0.0,568480.76,5996,1
0x90bc847f09d686fac4ba3a9e5d82b606f656ec91,755821.9000000001,0.0,755821.9000000001,7996,1
0x90cbff093dfe33a87308a903ffaa6ab5c7526ce1,4.999999999999996,0.0,4.999999999999996,2,1
0x90d2d60d2828bc87d831f2ce7ea347a1d4f4b978,3.9999819999999997,1.86,2.139982,3,1
0x90e9e82151abd9bb2ebf2ea8132ecc63f99eb36e,956832.8640000001,0.0,956832.8640000001,9997,1
0x90f34f5a8a66ec13f39d617fa8a74450adc6c32b,21314.664,0.0,21314.664,5994,1
0x90f8e31a82bf5f273675e4e0ec58671d5f8b5a3f,0.0,390.0,-390.0,1,1
0x91035e420b57a292bc4475ca8a59339cdfc6013a,0.9999909999999999,0.996,0.003990999999999856,2,1
0x9106a96325aba74049c0cc182187f9447010b912,4.985,8.892,-3.906999999999999,2,2
0x9110e2a8b0011fb2789a04afcae7854c6b49a2c1,11.199905000000001,11.12349,0.07641500000000079,2,1
0x911109dcd1c9bdce493ff7e998065b70ffffb68a,5.999998,0.0,5.999998,1,1
0x91117219cd28d9fcd2594c064788f72636ae9bac,3.9999580000000003,0.0,3.9999580000000003,1,1
0x91140bde79b4ca620043a32dd352cdc7283581ef,0.9999909999999999,0.996,0.003990999999999856,2,1
0x9128f18762f12beae76548fe34376613a2784470,16.27,0.0,16.27,1,1
0x91326c1af7ab1f0dd46b46ed1f77f522548e5491,51.749199000000004,51.6964,0.05279900000000737,2,1
0x91382d6d868e4caf1e1bfd22a2a52bf4d880000c,215.32848,0.0,215.32848,3,1
0x916144890fa1f4f5a061cb7b95eb69c580b221a5,356.3455,0.0,356.3455,5,1
0x916e404312d00ae816b023e1dcbaef17a06f498b,0.85,1.1866800000000002,-0.3366800000000002,2,1
0x91784d82fbe4543459ee85fc9809be185d70a2b2,0.0,1.23876,-1.23876,1998,1
0x91853fe74e6ba7d4851dd7fe7ef72571d92915b9,567816.52,0.0,567816.52,5995,1
0x918f37a302751489561c2277a394ed84ceff6429,765313.152,0.0,765313.152,7996,1
0x918f52b071a0d5dc82990bfbd610ea40345a705d,1.0,0.0,1.0,1,1
0x91d20bf1adfaaf8fba6c9f1ed5f02efd09f59b8e,52.309638,52.25528,0.05435800000000057,2,1
0x91d5e1ab2cf68c63005eec381706da1723c1b0b7,98.99983399999999,0.0,98.99983399999999,1,1
0x92027b660c56aef28a013e9aea937922a389f4da,14.999980000000003,14.9523,0.047680000000003275,2,1
0x921fb18a103b61f20d8336a8ba691f3e6bf00645,6.662,0.0,6.662,1,1
0x92701ab34ca6fffe29a70af6f8ea4f8748f3621e,1.199799,0.0,1.199799,1,1
0x92921a3301db84379152c3c047c01de2b9533ebd,1148448.288,0.0,1148448.288,11999,1
0x92931ec23af33ebbedc858da61cfaed0a0b56c24,5993.994006000001,5976.018,17.97600600000078,3996,1
0x929e8ef680ed0570e030434179e0618ae579114a,1147874.016,0.0,1147874.016,11993,1
0x92a2228be3a24b1d2afb2bb05ef0911aeb968ec5,199.79600400000004,0.0,199.79600400000004,1998,1
0x92a6998a9295ae85ea7a095e43b863f720bf61dd,28.448,0.0,28.448,8,1
0x92c366beec9acafbc054feef02b9114c1db068c2,1.035,0.0,1.035,1,1
0x92c45d155a8f15bb157df3ba962ef70873d3e701,1133915.0544000003,0.0,1133915.0544000003,11996,1
0x9323f3bbb4c63e202c4cfa14ba903e2c602238a4,0.02,0.0,0.02,1,1
0x9339be0ff5889a55da497dd6b94ceb49058dd291,1166492.3400000003,0.0,1166492.3400000003,5994,1
0x934a1da0cabae7f9f86eeb779d286b00d57802a3,29994.994003,27.84872,29967.145282999998,6002,4
0x936b7714c4d9eadc17e8f571143d34be10575cd0,21314.664,0.0,21314.664,5994,1
0x936ef3dd089502e0e7ccc4e74135fcc20167df07,0.0,869129.9999999999,-869129.9999999999,1998,1
0x938ab43352f4a29878ccb11c5cded3a0f880a268,129850.018002,127594.27799999999,2255.740002000006,3996,1
0x939a8b3d89af2240cff75746d73cc86711dd6e6e,568.56272,0.0,568.56272,8,1
0x939f354a038c2cd18d1883bf7d8dbba9a869073b,0.0,0.056,-0.056,2,1
0x93b5de84bb1e5976e770aa04a5556c196a7ca174,0.259988,0.0,0.259988,1,1
0x93bd698cd583ca865b2e4a1e451b99b44613349c,35524.43999999999,0.0,35524.43999999999,9990,1
0x93c98c6e9eef8043f26888a7bbc133399ca9a72f,665988.4338399998,0.0,665988.4338399998,7996,1
0x93d2fb83f6176ad7121595a62e41a22f414851c1,44505.87084,0.0,44505.87084,6002,1
0x93e2e9c581aa9b0967b4d472ffe512e2fbd4ea78,189525.18999999994,0.0,189525.18999999994,1999,1
0x94168ed0244742264470ec0ca31f1539d887373f,0.109992,0.0,0.109992,1,1
0x9441f6f9aa7cbee176c006663bdb5b5a64b6ffdd,1166492.3400000003,0.0,1166492.3400000003,5994,1
0x944e7680f01821e0701c9226172bfe475a6fcfd5,189525.18999999994,0.0,189525.18999999994,1999,1
0x94537e58fbba53d933f4726a346ac30131cdca7d,51.129819,51.07764,0.05217899999999531,2,1
0x945449d90b23a7e49bfed0fd18a4c5be601cae2b,0.03,0.0,0.03,1,1
0x94585d7dab2f382b2f309ff9b6b7d09bb0583742,5.0,5.1875,-0.1875,2,1
0x945dea5726dbd5fe54c4efd3edd37ab543532a74,757436.7099999997,0.0,757436.7099999997,7993,1
0x94604d0ffb3ab684d496a83c1793b5117bb7492d,2.9548400000000004,0.0,2.9548400000000004,1,1
0x946a22bf314af13bc2a689ba4852df55cb58d34a,41600.419999,141.59729,41458.822709,2006,4
0x947bf5ea88df0f395d4ac425ff75ccbb818d42ec,34.21,0.0,34.21,7,2
0x947de9b555a129151e315fc1d05fdbe294edb064,0.349873,0.0,0.349873,2,2
0x94814d2a648437f1d0bd33ab306d4ca79c5f26fe,0.0,396553.72932,-396553.72932,1998,1
0x948389be6fb867df3faac4dbb317ce242172f59b,4.899998,0.0,4.899998,1,1
0x9495619e4620457cc035ea114cfb417d1926f195,473.48,0.0,473.48,5,1
0x949d6b7fc2faac41f91ca52a509556e9c136e762,397.19402,396.79603000000003,0.39798999999999296,2,1
0x94b9ccc29835be306a8de6c9bedce47cd0c661e0,7.199999999999999,2.2,4.999999999999999,2,1
0x94c31a81fb35225e8b943b9adda971d2b0755635,189999.23999999996,0.0,189999.23999999996,2004,1
0x94cf2a4ff9fe15ef591e9c2f774dbc32b056181c,166.992,0.0,166.992,2,1
0x94d031c805950807d9635e23b4d6df04fa652513,35524.43999999999,0.0,35524.43999999999,9990,1
0x94fcac0a1752a109fc458c093217fad1ff36b335,1.5,0.0,1.5,1,1
0x951382369834195ab3cff980ebcd1be79ad9a6a2,4.999999999999926,0.0,4.999999999999926,1,1
0x9519f472b1c2a1836ed74b2cd3a3554000797687,1.999977,0.0,1.999977,2,1
0x951b81183e0ebf194be2bff90cf45970abf812fa,3036.938022,0.0,3036.938022,1998,1
0x95233c3f89217536348360da0e83485c63bf31b4,189619.90499999994,0.0,189619.90499999994,2000,1
0x9527a20b3fe19a416b6cad136f2d322337fac04c,0.35999999999999827,0.0,0.35999999999999827,1,1
0x952ac67bac42e3d2db5ccc491fdfe5a2b7f8c345,94.81,0.0,94.81,1,1
0x954addaadbe874b3e8b401ec8c53ecce50d4d949,0.09997700000000002,0.0,0.09997700000000002,1,1
0x955420d7afde2cf213dda95b8a9abd2e8f454be9,6.662,0.0,6.662,1,1
0x956254771e5547d7aec838c0c52941aa034b1e44,11.13885,11.1054,0.0334500000000002,2,1
0x95645ee5495c8442cf6fab241ed4e24d8a61afc9,0.799897,0.7976000000000001,0.0022969999999998825,2,1
0x95663973aee082b1f3fed8104d92f191853f12ba,1.039824,1.03272,0.007103999999999999,2,1
0x956fcf62e065a206e1ad1dcf0740905d4407f960,4.999934,0.0,4.999934,1,1
0x9576de126c37f2ee71400549e534651ec10e6863,10.5868,10.565520000000001,0.021279999999999077,2,1
0x9594b206998d79eb7977cdd4901ed2cad696fd61,17.999996,0.0,17.999996,2,1
0x95a3c5687deedf9558a9a39ee11f8c70fbe138af,944770.5294000001,0.0,944770.5294000001,9995,1
0x95a3e6ed3a7e703589eb84ce86f7bb2862d1046e,0.0,48.66693,-48.66693,1,1
0x95ac09f7a389953d6b1a8cac209f7f33093a84d3,19.998,0.0,19.998,3,1
0x95ba680d4068085e1356cba8c6c599adc4c799da,65.889999,65.5522,0.33779900000000396,2,1
0x95bfd6dfcc35b6a14fcf8000136dd261970eb687,0.999979,0.0,0.999979,1,1
0x95cf9d48a9b74d29f611bc51cc8b7dc01e6ae89f,0.87912,0.87824,0.0008799999999999919,2,1
0x95e066f4520b0d99d45ea2b2c6d5b27c649c0e46,777661.5600000003,0.0,777661.5600000003,3996,1
0x95e27d830d01ce028bffc0d1e346297d0b8cd058,50.299998,50.248200000000004,0.05179799999999801,2,1
0x95e595259385f24fb7b3e7b518c8d3ad660244d9,0.0,118.54794,-118.54794,1,1
0x96266628b999ba11c910c03b74017b3abc533e46,7119.111999999998,0.0,7119.111999999998,2002,1
0x962e007cbdff7b24b97c1e993a0212db7cbade5f,383230.848,0.0,383230.848,4004,1
0x963b1e3213285199ec49b134c55344f7df351d75,0.0,7.236,-7.236,2,1
0x963c11db86b459e590de6a46749b95c463a40769,76.42999800000001,72.1679,4.262098000000009,4,1
0x963cc2c4f09e12ffdcc209e4c7c603de76f87bc6,430.9999890000001,428.06189,2.9380990000000793,2,1
0x964521d412039be8acd7be169830fd908d9082ef,50.889998000000006,50.72751,0.1624880000000033,2,1
0x964b3f35c72065b105356c948ee5e8f221746772,5.999963999999999,0.0,5.999963999999999,1,1
0x965822b7b2d5bb4c3fdb9e5f24417c0bad086a49,388830.78000000014,0.0,388830.78000000014,1998,1
0x9659c43d70876b58654cebe91bdcbb9d02cd4a22,6.662,0.0,6.662,1,1
0x9660e2f918440faa36b558bdeb193a091339ee66,189691.58615999995,0.0,189691.58615999995,2001,1
0x9667981c1e9cb6a3eef4aa84d2805f6208de0e81,189619.99999999994,0.0,189619.99999999994,2000,1
0x9667fdf3d7435e1f6e9d8cc961b027bda3fafd48,52.479468,52.42494,0.05452799999999769,2,1
0x966e37c43fde04e00a2bfbed330ff02e1a6cd4af,74142.81002,0.0,74142.81002,9997,1
0x967a8cff0d61a2b991ac3fb7b1317c381087eb9e,0.0,0.02,-0.02,1,1
0x9680e040d6eec3b1c321be92ef606a7e587418a3,333218.0076799999,0.0,333218.0076799999,4000,1
0x9693803e2d2473a45900de8ccc82ae98142fd46f,0.04,0.0,0.04,2,2
0x969de5850df6b04e0e287b47121203c6b0962de2,757574.402902,53885.66040000001,703688.742502,8000,2
0x96a1ef8a5d56d05ef7b85fed980a0d8d0dadfbdb,6.662,0.0,6.662,1,1
0x96a45b19604cd6238a38e5b818fa166f5a5d4d01,0.0,1284.1205400000001,-1284.1205400000001,2013,5
0x96af0cfe7b5e8331fd188594cd6f450c81293768,5.999998,0.0,5.999998,1,1
0x96b13d65fd9e2ef35051bbb0865cf08f99d2db68,1.6499980000000003,1.6367999999999998,0.013198000000000487,2,1
0x96b59f71f635da5da031e3e93448c54fe226f5e7,4381.671219999999,120.08742999999998,4261.58379,22,11
0x96c85031bd38d4e490e2cdfb647e17b12df47d2f,14851.24004,0.0,14851.24004,2004,1
0x96ce581918a0e34aaf42e950f1893ebb4369c565,1997.896104,0.0,1997.896104,1998,1
0x96d19d4538b09c5ad659f5762bc1eeb4a73535dd,0.0,0.111,-0.111,1,1
0x96dc45a528820cb6b6e4383f8f4c090bbc8087f0,0.97,0.0,0.97,1,1
0x96e485d8cabc258531ac973ac8274f1324549d58,574080.576,0.0,574080.576,5998,1
0x96f46f46bbc718c127dab5f569b0c44b8b2cd5e7,1.1297359999999999,0.0,1.1297359999999999,1,1
0x96f8fc59c98ed1612fa9440d3224a853552ce4e8,0.0,8.955,-8.955,1,1
0x96fc91cb62112232f76a596536a9e507eae7b79a,143.1284,0.0,143.1284,6,1
0x9707db7b74ec6aa0c377da1cc8b78b17a0a3e16d,1.2499980000000002,0.0,1.2499980000000002,1,1
0x971020870e1cb293be19e32c1f79440ae937703b,97.999998,0.0,97.999998,1,1
0x97144ac5b8c01c541b4f213b3b9f48366aaa6cf6,189714.80999999994,0.0,189714.80999999994,2001,1
0x9716e40c6b29b5cb2df035ac09fe52c8eed3e32b,0.9999989999999999,0.997,0.002998999999999863,2,1
0x971cb6c0734fea54f91e82661534cf0a5f567774,7150.321999999999,0.0,7150.321999999999,2010,2
0x971d226b5624d0fdea01f7fd4d35f4c6428e2b4e,1142444.65176,379288.57175999996,763156.0800000001,7992,1
0x9727b7fc89d98f89fbae4040d3eede6beb717c8f,561370.068,0.0,561370.068,5994,1
0x973076afc343cfc4cf65b1d8d5b4bc427295c710,0.04,0.0,0.04,2,2
0x973896a3c6974e66dfe9f1efc6619040df1ee686,0.0,4026.2696999999985,-4026.2696999999985,1998,1
0x973958fb073f369929165a656c08dd99c230fb22,388830.78000000014,0.0,388830.78000000014,1998,1
0x973fad2a4d84f5f6256fd5f23165c7e714f62c03,9.99999,9.97997,0.020020000000000593,2,1
0x97450fffca5f07b9bc3d1eca60b421c407f4b1f5,0.8499099999999998,0.8091999999999999,0.04070999999999991,2,1
0x975ed9ec5b7424a6e573ae988426efd88e26cd01,388830.78000000014,0.0,388830.78000000014,1998,1
0x976d9ae6ea336456c137aa193eed7fc3c77ddf66,5967.042,24.925,5942.117,2,1
0x977a185c0de24ea8f442f59fab4b4f6740c6b8e5,0.13999100000000003,0.0,0.13999100000000003,1,1
0x977d9d1e4c029a27c018d3a56d961559bcef23a3,189.62,0.0,189.62,2,1
0x9794342b4795ee2e2126b6449a5e724381dd3086,6.3180000000000005,0.0,6.3180000000000005,1,1
0x97b454fcda9a2ae7f34920c39f18344f2ee73b0d,189050.75999999995,0.0,189050.75999999995,1998,1
0x97c9957fc6c08d62247931d9d8ef33730b270e77,9.96,5.316000000000001,4.644,3,1
0x97d1a27333083dc0b48de6dd8fa8e996cc91509b,12.999955,12.95604,0.04391500000000015,2,1
0x97d36c4e3f49e305278ca308b22e94bbea68811a,0.0,0.09,-0.09,3,2
0x97e7d452cd9f7a546a5c537665aee7bfec6d5187,0.039998999999999875,0.0,0.039998999999999875,4,4
0x97f745958f88a9e0f853cd30241431eb172e0c0d,5.999998000000001,0.0,5.999998000000001,1,1
0x980aea559e74948f8fb60d012659ec5c863437a5,189525.18999999994,0.0,189525.18999999994,1999,1
0x9815c92c9371ad7cbaa5d0af14448b1c5a7887a4,65933.98601400002,0.0,65933.98601400002,1998,1
0x981b632ffe63cf24fafdf589958e6833ceba1d8d,769645.6639200001,0.0,769645.6639200001,3996,1
0x983ebaa58ce6510cef4d8a701f07445b11f8c1ef,0.9999909999999999,0.995,0.004990999999999857,2,1
0x984053939e8b75e703019d19be1f77ad5348734a,0.10999799999999998,0.0,0.10999799999999998,1,1
0x98763cc634d8f82aa1b035843c13f0a08382d9c8,28.448,0.0,28.448,8,1
0x9882fc5d26192879b7578dd2b159d47c58fe683c,13.999967,13.95056,0.04940700000000042,2,1
0x9898178cde1ec7785468cd625b58f03e4f69c34c,44.089998,42.9475,1.1424980000000033,2,1
0x9899fd6c97e6a83a61f447f0d2affc3eb37f822e,5993.898102000001,0.0,5993.898102000001,1998,1
0x98a62b2ae1f0434b9852e2a5712bf161482f6a49,661.1057800000001,0.0,661.1057800000001,10,1
0x98be8f262de9a6af8f6039e3115e3d6884adbde5,0.0,0.028,-0.028,1,1
0x98beeac28f65ede65c57df44fd593cc1de3eedbc,1997.998001999999,1994.0039999999997,3.9940019999992273,3996,1
0x98bef117991bbec89fa8496e90c2c37001b45bb4,0.0,0.114,-0.114,1,1
0x98bff370178a380d32363e172145c4ceb1adaeb7,0.02,0.0,0.02,1,1
0x98c09f09112b567443cc149578db294337c07ac6,42629.327999999994,0.0,42629.327999999994,11988,1
0x98dda354d57f73ffe1f96c6a5f4ed678b7fe1de7,16.986,0.0,16.986,4,2
0x98e3bd8aa196e626e45c76565dd073870de1c387,1.339659,0.0,1.339659,1,1
0x98e3c3ab05d5d3b4ca23d409d739da159e4e50a6,1.1,0.0,1.1,1,1
0x98fb9ac0ffd8d9a72f9b93e7bc538954e00e7fdf,9.999996,9.8808,0.11919599999999875,4,2
0x99023ae8527119b416928f4c3cc5a8e330febef4,14835.725020000002,0.0,14835.725020000002,2001,1
0x990d23ec9fc088b3e3eb2fa2e1a2584bf0ab0b8e,187144.24800000002,0.0,187144.24800000002,1999,1
0x990e046af2e3b2c5511955353d0a0f2f6997a4f7,11.999998000000001,11.96775,0.03224800000000094,2,1
0x990e39d08e7adf9af678ed57bdb84b4cae1d27a9,998.884116,0.0,998.884116,1998,1
0x991d6e67bea21218df63faf0c02f0f7c6a03f337,6.999998000000001,0.0,6.999998000000001,1,1
0x992c58095168047c4b756d768b509d767a2aaeaf,0.9999909999999999,0.996,0.003990999999999856,2,1
0x993c072519306017fe9a6b3ee6fa4a02b3056787,187.2,368.4,-181.2,13,9
0x994d20bd53efaedfa6e8cf7ea9bef6b57a46703f,39.959999999999596,0.0,39.959999999999596,1998,1
0x994d4051e437277cd4a002a994daf89defa5aa22,916.969998,912.9182899999998,4.05170800000019,2,1
0x994fc05372de3412c3ac5cd1093dcf7361c626db,10.919998000000001,0.0,10.919998000000001,1,1
0x995b126e67613c43ef75d9af858950dae02dca9d,7.999998000000001,0.0,7.999998000000001,1,1
0x995ce081cccee711f4b8860e43450203fca6f79e,10.668,0.0,10.668,3,1
0x996bc309b99bb1578adc30f85956634f4aa11e9c,0.0,3.5999999999999996,-3.5999999999999996,1,1
0x99826a45da11749e904110bdacd9e15a31122034,1339106.5920000002,0.0,1339106.5920000002,13991,1
0x998291567b6fd76888b58efaca2625eb22336275,522743.52702000004,0.0,522743.52702000004,6000,1
0x998ea53b91c2a73d71811889bc10e38e9847da3b,6.9993,6.97809,0.02120999999999995,2,1
0x99a18b3de03fc7bf03bfbfb13f827ef6d018b0c3,0.0,6.216,-6.216,1,1
0x99b0d453aaabcddc734cd0f141e84596434d70c4,0.0,69.0,-69.0,1,1
0x99bd73d01a93c9384da16296dcc82886d95914dd,29.999965,29.90286,0.09710499999999911,2,1
0x99db06f13e73faafb99783067ca00f35d77f1bc5,0.969557,0.0,0.969557,1,1
0x99e1b1460065447300cc35366bad8adbbd5b44e3,476745.23354000004,0.0,476745.23354000004,6000,1
0x99e29438bd6a33602f336e76d7eecd7e51c1ca8f,119879.99800200001,104199.696,15680.302002000011,3996,1
0x99ee67855c8ec4025bd71d5fc0c8d91238bddbaf,0.31999800000000006,0.3088,0.011198000000000041,2,1
0x99f04885694f9b1955a626bc5809ee92821b4f73,765408.8640000001,0.0,765408.8640000001,7997,1
0x99fb3a7c3e58b0f2a38a45203c3a1b81bf9298cc,13.999997,0.0,13.999997,2,1
0x9a1265ceab41f99efe58a038d0c2fb94f2e4df96,332982.69999999995,0.0,332982.69999999995,3998,1
0x9a14f23db6869347f2d6b3a151aab149d928266a,6010.954,23.928,5987.026,2,1
0x9a1dc47abe325000e9521186ecacb05869fb18a0,8.75,0.0,8.75,2,2
0x9a35111b7be7bdfc510e75300ffb6fa648c44afe,4214.30148,0.0,4214.30148,1998,1
0x9a530c068a082a501b3a957707c73a4a7491290f,1.9999980000000002,0.88,1.1199980000000003,3,1
0x9a571ef2d226d2a73a213a803573ad34b81d5388,379.24,0.0,379.24,4,1
0x9a81f59addbbd062877e7981f5f98af9256d695b,187457.99128000002,0.0,187457.99128000002,2003,1
0x9aa2b650ae3808dea00687451e16bb075262cf80,765408.8640000001,0.0,765408.8640000001,7997,1
0x9aa790af87792dafb2d517168bdd04f507e7b332,238.26732,0.0,238.26732,3,1
0x9ac7b0e2b6560dd89499d21b554c1e43d02c95d4,5.979904,5.955909999999999,0.02399400000000096,2,1
0x9adbb308a821adf2a0b828fb1440b630806e50c7,2.9999700000000002,0.0,2.9999700000000002,1,1
0x9ae7e178ea3e947e57dc7bb4ae9a8d9bad92da65,63375.660290000014,0.0,63375.660290000014,2006,1
0x9afd1510c8729ca5c4347572ff672114ac1ecf12,50.17977,50.12954,0.05022999999999911,2,1
0x9b09d7d4675964038073c5ee7a15e6069a2e58d8,0.0,0.447,-0.447,3,1
0x9b108516497518af245b5b385f8b06e7be009fa1,1.009998,0.9951000000000001,0.014897999999999856,2,1
0x9b10a532adb1cd175ef217ccb4289c46827e3835,187270.46128000002,0.0,187270.46128000002,2001,1
0x9b1590275a7dccc0e7ef13f5770db3accef3473a,7115.106,0.0,7115.106,2000,2
0x9b16ff88b022daebb10841db08ef549604486e84,37802.068091999994,0.0,37802.068091999994,1998,1
0x9b1de18221f0ea4c4a9065cf89a3abe9d139b0c2,6.662,0.0,6.662,1,1
0x9b27916389b0965489950acc4e326d55ffd7fe73,1.0,0.0,1.0,1,1
0x9b2b7f9e60e819552064a5993d3a64e5d9ef6e47,5.399998,5.392320000000001,0.0076779999999994075,2,1
0x9b3f1347554d2e554279ccd7f9d621eaefbeb80f,14.224,0.0,14.224,4,1
0x9b41d227177ce99201e4ba111d725b6ccb16ad43,54725.114106,27225.267480000002,27499.846626,5994,1
0x9b51a136eb9bab53487c612e03f3d67778ed56fc,0.279996,0.0,0.279996,2,2
0x9b69543764c1a7b200635ee05c0c299c8f43337f,6.679938,6.654909999999999,0.025028000000000716,2,1
0x9b773183132e64f7f2401447a182b9c60f637678,59298.349140000006,0.0,59298.349140000006,7995,1
0x9b813a5713a6462b6a4a97beb74f197ea9f49ab8,0.0,33456.51,-33456.51,1998,1
0x9b925094d231a046d7f43f3f9a530615f3cef5f1,284.24,0.0,284.24,3,1
0x9bb170749a21ef12215b775bca578b2b7dddd351,378765.3799999999,0.0,378765.3799999999,3999,1
0x9be39a285fdf14bb4c29edb7cd1171b5e95dd653,2.3499980000000003,2.31,0.0399980000000002,2,1
0x9bfe05a1924ba889d4f98feee28196ba0033bef9,51.009939,50.95788,0.052058999999999855,2,1
0x9c21ff3022b05030ca9476fc3b3441d45249b7c2,1.036,0.0,1.036,1,1
0x9c33054a9dbf3b4b6ffc808949888ec5757f1b14,0.099974,0.0981,0.0018739999999999868,2,1
0x9c343e7f2f5716f5b236e07279f90dc6dc577b37,0.0,9.95,-9.95,1,1
0x9c3f8b8ffbdc0b6b49bf2e16b1ddd83f84eb5981,0.0,0.996,-0.996,1,1
0x9c590289131315440f6d0279bb39eebe37bc72a7,765887.424,0.0,765887.424,8002,1
0x9c5d5cb877f1bad1b7554e66212b1530997e16d4,166.992,0.0,166.992,2,1
0x9c63744fb5438942f5411602e1736d991e9caa03,284.24,0.0,284.24,3,1
0x9c65719e8a7902f144a0ec27497849d06f008fa3,143480.54384,0.0,143480.54384,1999,1
0x9c6959f6721d4be970242433b94f68bec3ef9b00,378955.56999999995,0.0,378955.56999999995,3997,1
0x9c6e6b7e1d204382ce2da53f935d140577494c46,0.08,0.0,0.08,4,4
0x9c6f9d84a0056a88f3d91443594abf5b9f79f96b,71.77616,0.0,71.77616,1,1
0x9c803ac6a4005a2d3ebe52b7c3856e8768d82399,189999.05,0.0,189999.05,2004,1
0x9c88c0ad88b0c7dd929b0cf040abc9a46b2bc405,28967.413589999996,9.745629999999998,28957.667959999995,7,7
0x9c9c439609e53641dcee6a78287ff2c615f284f2,189.62,0.0,189.62,2,1
0x9ca50a64dd2c2bc99c3457dfe446e81d2f9ce82c,1997.8881119999996,2003.3146800000009,-5.426568000001225,3996,1
0x9cbeb43f5ebc0a12651ffb6878b62b6e58a46c5a,16.409937,16.37433,0.035606999999998834,2,1
0x9cc9c841496e22b04117c378ce9c98afd6b3d404,0.8699979999999999,0.8492400000000001,0.020757999999999832,2,1
0x9cd058bc7fc13b05da942863e5e23b85eea533a3,0.08,0.0,0.08,4,2
0x9cd18c0c8b31614db600d7440b11bb25db5718e7,83.916,0.0,83.916,1998,1
0x9cd46a8e5630ac8bdb9ee091c72135427ec9d4d5,2.569999,2.4915000000000003,0.07849899999999987,2,1
0x9cebfbfbca969080d5bed9ecf10bdde4b97a4a6f,777661.5600000003,0.0,777661.5600000003,3996,1
0x9ced362002bb871045b6b2dfb0b970d071681ca1,0.009999,0.0,0.009999,1,1
0x9cef2923ef3c9ce12888db9ad99adefc76c8601c,0.9999979999999999,0.0,0.9999979999999999,1,1
0x9cf174c8b978684cc9be1fbbc893382f4e145873,757721.33,0.0,757721.33,7994,1
0x9d0c3ecbdb71811fb42b9a50e07b097522d8c724,5.939934,5.922,0.01793400000000034,2,1
0x9d16b541a157902ed7c19faeb5a3fe6a9bf0a9dd,11.999998000000001,11.96775,0.03224800000000094,2,1
0x9d2abde6974dfd1df52987ba0d7b5f7b9997577b,1997.9960039999996,0.0,1997.9960039999996,1998,1
0x9d2b3fd70980fda3503460d04f23cfd455cab62e,50.19975,50.1495,0.05024999999999835,2,1
0x9d30c16b95cdc250731c4fc931cc08e375e9dcf2,13.999991000000001,0.0,13.999991000000001,2,1
0x9d37c66c25555c18abebebb8308a2671a700dfca,5655.666,30.907,5624.759,2,1
0x9d603dcd0318c8254e3a75171b42e6719318d6ad,4.985,0.0,4.985,1,1
0x9d64b4871e6e253e635c49d305f44b8bf909106f,1166492.3400000003,0.0,1166492.3400000003,5994,1
0x9d84ce0306f8551e02efef1680475fc0f1dc1344,6123.5141,59.88467999999897,6063.629420000001,19,12
0x9d9d3aa5004f7a99dda62b32616d6f2df7eaf254,0.38971900000000004,0.38883,0.0008890000000000287,2,1
0x9da15d2c3d07a9cb93a517266e9411ce334e7086,67.17,2.33325,64.83675,3,2
0x9da1cf458561f044466787184e84de5293e9ffa7,0.349999,0.35048,-0.0004810000000000092,2,1
0x9da44ca2d80e10d202f1f9a384f208c2b0e5a661,0.689924,0.68655,0.003373999999999988,2,1
0x9da544df8b717cbf4bcdfc8e295176c1905f282f,3596.4000000000005,0.0,3596.4000000000005,1998,1
0x9db3a30c2645224519d040bd04158e286980d091,378196.3299999999,0.0,378196.3299999999,3997,1
0x9dcf533b5c576dc362df9e9bd41d925d76b0ea32,761629.7678399999,0.0,761629.7678399999,3996,1
0x9dd5612817adc4066672acf3811b1309db689876,189525.09499999997,0.0,189525.09499999997,1999,1
0x9dd9e18b9dcc393705e73966bc79eccbbd9108bd,567.5,10365.64,-9798.14,2037,7
0x9dde660ef131e774be1c67c45762b9f05d231991,6.999993,6.979,0.020992999999999817,2,1
0x9de449bedb07fe65f0d5f11e63b46a26e3aee101,13.013,20.400000000000002,-7.387000000000002,2,1
0x9de4c6f896ecd422e0ae6ff18ba854db7b628cd1,3.74,1.87,1.87,2,1
0x9de8baf48250a33051b0114d75cb8c578ce8b179,9.999998,0.0,9.999998,1,1
0x9de95a5764f35db1c4af1b6889dfafdcf6037abe,6.999993,0.0,6.999993,1,1
0x9dedbf7fe1d65741595cfd9a693397fcba7b786b,4.999955,0.0,4.999955,1,1
0x9def0c6c9fff38ca99ed2ba3c97008ba0ab1633e,1.9999980000000004,0.0,1.9999980000000004,1,1
0x9e0521cf194b26b5a409be3d323a8af12244f4d0,0.019998,0.0,0.019998,1,1
0x9e068bd76701674bb2cdc40fa3fbbe5f118a80dd,2836.3188419999997,0.0,2836.3188419999997,1998,1
0x9e0b7102d2aedc365c8c24781c3ce0870b90964b,0.0,0.2,-0.2,1,1
0x9e242d46d7b94125d77f7dc9abf25d1c025aa334,5639.698,23.928,5615.77,2,1
0x9e24fa792a9aea998c6c8ab1ecd8abfd2be76ad8,135843.94008,135553.7106,290.22948000000906,3996,1
0x9e2b455a503330d5042cfd538fc7b185269e6de8,59322.68366,0.0,59322.68366,8000,1
0x9e323a0358fae97ec33fd3c7f2e229b0d3caaedb,19831.936001999995,19785.935579999998,46.00042199999734,3998,1
0x9e32ab4e4f1350b9af82e813523580eaf19ed6b6,3776.2160039999985,3786.7294800000004,-10.513476000001901,3996,1
0x9e33cce7c5a5f30fbaddbc886c2ba87145dfab4f,1944153.9000000008,0.0,1944153.9000000008,9990,1
0x9e39769dc9dde77e43919d85ab27da7a8cb0e75c,284.43,0.0,284.43,3,1
0x9e4391f48198493829fc74e6d272a96bb1127f03,46.93302000000001,0.0,46.93302000000001,1998,1
0x9e690e91aa9733d20a11ebe622efca10e5b98387,0.0,19.759999999999998,-19.759999999999998,1,1
0x9e6ecda26642a867e674cecbdb25014b05d0b8ea,1.0,0.5,0.5,2,1
0x9e904939102eacdbf0402aef554a129136a30df4,0.13999999999999999,0.13649999999999998,0.003500000000000003,2,1
0x9ea67f0c5987a17a1c1964f4d035eb1cf0321444,10.6786,10.6465,0.032099999999999795,2,1
0x9eb08cc194e1fa6034cd838f840d98413b714d5e,17.78,0.0,17.78,5,1
0x9eb09b90bc89e9a102e3197e272f1b4d40d77be3,190047.79231999995,0.0,190047.79231999995,2005,1
0x9ebafd7d6fed15a66b81d7b3465b55a8e9ef3013,5640.7210000000005,0.0,5640.7210000000005,2,1
0x9ee4d30cca3f97635b222c9a739d78be2fcd8cb0,51.929998000000005,51.87168,0.058318000000006975,2,1
0x9eed17debb009fb03e1c8f7c5b6c3475e3b2b006,0.619801,0.61752,0.0022810000000000885,2,1
0x9f0c2a6074da419b29735bd3eaf5d244380a8aa7,0.0,38.258,-38.258,3,3
0x9f1d6937c3901aafeb0e3c70fd32e1f1a8bc3ee3,16.999997999999998,4.26,12.739997999999998,4,3
0x9f3f599ced900a79f1160a0c53e1005ad5e236ef,14858.226940000002,0.0,14858.226940000002,2005,1
0x9f44b7bc53815fb5a208eaca694adf0a966c3db9,32607.298062000013,0.0,32607.298062000013,1998,1
0x9f4d18cd852122ae46e19bce26f6c2a940711c5d,1.1299989999999998,0.0,1.1299989999999998,1,1
0x9f51fb0ca5458cf737eca545a876bc51d6c58f75,1.2499909999999999,1.2183000000000002,0.03169099999999969,2,1
0x9f6622d94a5da1a0a3229956efc7ff70bdffd42e,0.0,8.99,-8.99,2,2
0x9f7a2b2a3f05b485069517cc295c8472ba218b26,5.898359999999999,0.0,5.898359999999999,1,1
0x9f7b4599f099244914213c01ccb20a29419b6769,6.674,0.0,6.674,1,1
0x9f953770f006fbe3f0fd84f7c6b6ed4ac42432e3,20.022000000000002,0.0,20.022000000000002,3,1
0x9f98e1bf31d886df8304bb2ca7c59fad8cd4fdc2,200918.78609399998,197141.3213399999,3777.4647540000733,3996,1
0x9fb40b31dc9741c8661232618df795cb1fa2794b,19.999997999999998,0.0,19.999997999999998,1,1
0x9fb549724f9b6731fcb27b0c7f0f6877eb970fe7,96203.30439600002,95898.48552,304.8188760000194,3996,1
0x9fc04a0e9b08dabdac4588907c9e771d128e5d2e,1.024,0.0,1.024,1,1
0x9fc7b6bd6eca52f5c36143bd816ce5c8fb0e2b75,0.9699980000000001,0.96236,0.007638000000000145,2,1
0x9fdd9e06a37f88c0bc41a74c7f4ea365431a749b,49.499998,49.29234,0.207657999999995,2,1
0x9fe06cf87f5c97301cd22e695474b8d79d5e2b2c,1.29997,0.0,1.29997,1,1
0x9ffda6b1e4ef955fafab364b862eb98c88967e53,189809.43,0.0,189809.43,2004,1
0xa002f4e38c5e6c94dcfcb7a33251021422c5aacf,187356.24798000001,0.0,187356.24798000001,2003,1
0xa0276addb921d3b7b34412e9bd877d9e62957235,2213444.218122,2148011.74924,65432.468882000074,5995,1
0xa02df2c2e851059bf29491accaa6b099ea8546ef,12.999955,12.95604,0.04391500000000015,2,1
0xa04c95e40a4423be7a1130eec2f134080666e9af,1928122.1078400004,0.0,1928122.1078400004,9990,1
0xa079b7194eae10909c93e86076e724e930808e1f,10.349965999999998,10.31976,0.030205999999997957,4,1
0xa0a0f0eaadb9083efe0baf02edb96718415eb272,39.56,0.0,39.56,4,1
0xa0b1a46166dbe51e24c77ae5bd405b0ab02447e0,1.8899470000000003,0.0,1.8899470000000003,1,1
0xa0d4fa364ecdfe6094323af920d0b0b01ca1f46a,5.879999000000001,0.0,5.879999000000001,1,1
0xa0e4f10f6472732b823815c3ad6968d74c40e19c,568291.1399999999,0.0,568291.1399999999,5994,1
0xa0e61b50bea1b76f483c90a9dd4dc4d9099750ae,0.0,50.50979999999999,-50.50979999999999,2,1
0xa0ec3725bf57084f056ea22f4058a9b47aa32718,1150460.5478400001,0.0,1150460.5478400001,5994,1
0xa0f610c8e73ce3392fe0819436207c95eae11c2a,14.98996,14.8698,0.12016000000000027,2,1
0xa0f6184fed732c1d6cacfe82d5cbe9a54ee04aa3,379.24,0.0,379.24,4,1
0xa0f71fe9f72da2e7048cded96d2e7527fa0f5d7e,1.0150000000000001,0.0,1.0150000000000001,1,1
0xa1080032fcc2403f4381184c3c44f43aa3460879,101.99990299999999,0.0,101.99990299999999,2,2
0xa10bbceaaf1fa499f8e97127ccad7593074c4509,777661.5600000003,0.0,777661.5600000003,3996,1
0xa10d9709ab5966085c73d94f9557f66eb6adcc71,0.159999,0.0,0.159999,1,1
0xa11ba7af2e60b4b5f6acd686b4a69698f6dc0073,7.888,7.888,0.0,2,1
0xa122e633c4acfe1025363b505f5ec0c0aaac6651,1339010.8800000001,0.0,1339010.8800000001,13990,1
0xa12505706045a73355272797460e5a07b2aef451,4214.30148,999.0,3215.30148,3996,1
0xa13ace815fc1165ad1700bbcd0f198e935178c2a,69550.222158,0.0,69550.222158,3996,1
0xa16b800cbd932dbb8f38f32df248299b57b77584,0.04,0.0,0.04,2,1
0xa16d666607369346d1f6367d718fd90d8b279cf2,50.159997999999995,50.108760000000004,0.05123799999999079,2,1
0xa179be56452037186a6e5e779eb01386b3d8e308,33.104,0.0,33.104,4,2
0xa17e2f9a2dc6678b658ed3ca4709f2028d2d4672,143575.25884000002,0.0,143575.25884000002,2000,1
0xa180744f1f108086bfbe340ab947df357afdcdd7,1.219998,1.2037499999999999,0.01624800000000004,2,1
0xa18b12ff760322975521b9011960dcaaf3e295f9,189714.80999999994,0.0,189714.80999999994,2001,1
0xa197bb16d38af83f7c6aedea3a3956f412f22491,333313.24201999995,0.0,333313.24201999995,4002,1
0xa19b2db213993f6d5151bc8c109d5243bc610064,22.469998,0.0,22.469998,1,1
0xa1aa271ecefaceb36da312fe0c792ffe8e807679,379050.3799999999,0.0,379050.3799999999,3998,1
0xa1afdcfef61003990def97ddd8fd0e1a1eab6d82,0.0,0.036000000000000004,-0.036000000000000004,1,1
0xa1b3479d7c63ecd7649d2586547bd8c7b2723660,143741.84500000003,0.0,143741.84500000003,2002,1
0xa1b73ef8900f66bd547717ae8d437db72d21d600,0.0,1.99172,-1.99172,1,1
0xa1ca9072156515831e1e9c4d9048803fc7af95f8,21.978,0.0,21.978,1,1
0xa1d3eb7d53339f6770196365fb52d506feaec94d,0.9999989999999999,0.997,0.002998999999999863,2,1
0xa1dabd3bca883c94a592ff59efb7db14bf1a5023,0.0,83.664,-83.664,1,1
0xa1e050b37ad9de0d244e32a320377ba786a58ae3,3.999999999999948,1.64032,2.359679999999948,2,1
0xa1e1d0f5a299e00ff3bd47aaf55b7a3c83eb0692,5676.652999999999,0.0,5676.652999999999,2,1
0xa1e51e6d3af121600c50032cd2c7707d8d083384,0.02,0.0,0.02,1,1
0xa1e7375d3c1f74273d8e23df8e82168b3af2bf1b,189333.575,0.0,189333.575,2003,1
0xa1e7f3bc1ff960b731993085bb5366dd54520904,473.86,0.0,473.86,5,1
0xa1ecbb0234e77037f312eb3c383488081c00dcb9,11.999976,0.0,11.999976,1,1
0xa1f67ab4e77b1b991c98e94a4b41848f4ab2bbd5,16.552,0.0,16.552,2,2
0xa202d59fd6054a4ec9ec174b5d435c2bd5036500,1.1,0.0,1.1,1,1
0xa206bdf95cedc0b77b249db8bab1dff560b13339,19.509897,0.0,19.509897,1,1
0xa208c6005347cc08bc165f144fdc1edb9731112e,98.999998,0.0,98.999998,1,1
0xa2116db9c29539e0dcf6e70580621e97147187e7,15.999968,0.0,15.999968,1,1
0xa2198eb5bc85b08b186dbf683b97252171e6ac62,261.39616,0.0,261.39616,3,1
0xa21fbc0fd7588bb298e5b9bcf2219bea3d9756e6,3.37,1.685,1.685,2,1
0xa2298fc879da1e3187b8f54567c0eee2d2f175a8,450.73116,0.0,450.73116,5,1
0xa22aa0f62379bde1fc324912b910ac4d9dbe08e5,956545.7280000001,0.0,956545.7280000001,9994,1
0xa2320b0bce1ed575c58c349f7b3d36450eefb751,13526.352108000001,6.75024,13519.601868000002,1999,1
0xa238c0b393ae723f27ff724f618f3511d29ec28b,5.999963999999999,0.0,5.999963999999999,1,1
0xa249e5fee19961dd22527dc4d088699de676cd64,1.049949,0.0,1.049949,1,1
0xa265f458856b3fc58b0eafb493cb3d48d021a453,1.4098799999999998,0.0,1.4098799999999998,1,1
0xa275d96c6020751825a887d9f3410a70347428ba,1.039998,0.0,1.039998,1,1
0xa279e6e7557e59f4cfa8515ae859c63f1391b029,5676.624,23.928,5652.696,2,1
0xa2805e1227c65f84cab55da7f1196ba5c3a4e6f0,5.999975999999999,5.991969999999999,0.008005999999999958,2,1
0xa284e44a7518cef380591d1e14e166674dfd7d86,1136012.66,0.0,1136012.66,11990,1
0xa294f2ddc88b9355f86fa2abb92c31055e9babba,1997.8881119999996,0.0,1997.8881119999996,1998,1
0xa2a2cb7b8e6091f72c9fcf6eeb8e783fd155da4c,1.599939,0.0,1.599939,1,1
0xa2a2ff2a00b3d74069d60994da2e44a2176dccc5,437296.74685000005,0.0,437296.74685000005,5998,1
0xa2aee490377dac943b29ea5292c0f2777892874c,0.13999799999999998,0.13720000000000002,0.002797999999999967,2,1
0xa2af056252540fd90da6e33a4d95dce6e75e7fe0,0.999999,0.99283,0.007168999999999981,2,1
0xa2c4ff8007ff9312f2464f8a2bcea16125fa6637,1997.8881119999996,0.0,1997.8881119999996,1998,1
0xa2ce0fb9545feb0c43a41192746c679994c17306,244.7400000000001,239.7600000000001,4.97999999999999,3997,2
0xa2e0bbafc6bd01ffe60313602c8d3ab328e9cd34,8.999998,0.0,8.999998,1,1
0xa2e43938242c2fa8b6a11e977df95c50c56c276b,458.07707,69.66946,388.40761,8,1
0xa2e47736338f4e77aa811be32263c49ce1079cde,189524.99999999997,0.0,189524.99999999997,1999,1
0xa2e496c9b4bc6875d2d626026a9879f947fba5d0,14.224,0.0,14.224,4,1
0xa2f1fecf1cc7db65a46588f764b6691533052d22,0.356,0.0,0.356,2,1
0xa2f60b5403a69feacfb13c71aa06d602f54f41b1,0.66999,0.66792,0.0020700000000000163,2,1
0xa2f8444d9dcb3e65432d802ff88be6df9d2cc5b2,1.53,0.0,1.53,1,1
0xa2ff7ded23f380abd96ee77521652b5bb46dce13,0.43998899999999996,0.43692,0.0030689999999999884,2,1
0xa31a359fdb07becef81b9e31a96d5a29b8e55b1d,388830.78000000014,0.0,388830.78000000014,1998,1
0xa3290273ce2aaf6ee490e440489fa9f2bd3eb8ec,538.6903100000001,2411.86791,-1873.1776,19,1
0xa343994d8dc97097cf44bf2a59e2865148f4fb67,284.24,0.0,284.24,3,1
0xa344e8c27a9b099269da0ee5e81572a6089e7a72,0.0,0.035,-0.035,1,1
0xa34788b7dd11483f0e363cf0250abf035d4c44d4,0.0,12.935,-12.935,1,1
0xa350763877a2edd0505b1b5b821251d0364535bf,1997.9960039999996,0.99485,1997.0011539999996,1999,1
0xa350fd478fe5dec74c83f4089e2b3f195461e840,0.0,2003.3146800000009,-2003.3146800000009,1998,1
0xa3612a6326731e9205893ae0a4c5535eac6be5c1,522530.92384,0.0,522530.92384,5997,1
0xa3aea15d1143084713b6b0e5db7d8b4dcc6e6c40,1.2197790000000002,0.0,1.2197790000000002,1,1
0xa3b3e606c1d3125ddb9506cc3d458536577b7c65,0.999999,0.99485,0.005148999999999959,2,1
0xa3b8bd971e0d318ce34bb082a75e7f58b3793a53,189809.23999999993,0.0,189809.23999999993,2002,1
0xa3bbe27c02436c3569a391866dfbff94fe59e802,363.7280000000001,0.0,363.7280000000001,3997,3
0xa3c6c892fc94bee4246ee6dcb5c112daed61a36f,0.04,0.0,0.04,2,1
0xa3e22cd32aa9238ef7dbcfb4761e33b9eaa1fdf8,0.0,615.93696,-615.93696,4005,8
0xa3eac28bc9269c459d725343f8f7d90578dc99a3,1.1399979999999998,0.0,1.1399979999999998,1,1
0xa3f21001ae2f23d3caf14ed5f47310f2f991fd43,21.978,21.956,0.022000000000002018,2,1
0xa3fa19a3f57a0b8097a842d1433b8d07fb211105,133.039997,130.74089999999998,2.2990970000000175,3,1
0xa40c016541995f72e3b2f51a7a6c30abe7e58757,14216.887999999995,0.0,14216.887999999995,3998,1
0xa41776b7ddbd3ebbef2449df2f4fa56e5da8d778,0.0,1.056,-1.056,2,1
0xa41faf42affcea68df9eb2371e6bf9a69d4abcb8,1147778.304,0.0,1147778.304,11992,1
0xa420959466f3facce8f2d058dd6afa922025333f,1.4199979999999999,0.0,1.4199979999999999,1,1
0xa4368bb351c731e9a84756f8b26efc97a3603f02,378860.7599999999,0.0,378860.7599999999,3996,1
0xa43a327123651a71fe3982a770960963383ff5a3,19.99992,19.99992,0.0,2,1
0xa43bc909c6ffb930ca9396c427148d910d9b6db3,13.999998,13.95312,0.04687799999999953,2,1
0xa44c8a6667668e36c4c69948155b40f942a47b8f,1322877.375,0.0,1322877.375,13995,1
0xa44e2a6c8c158cea99d704487b7487104e98bb52,0.08198000000000001,0.0,0.08198000000000001,1,1
0xa452ea84d1b0a73a1938d231c458f2591f6dc4ea,50.999948999999994,50.84037,0.1595789999999937,2,1
0xa45391c3e53aa47f30574dbbd50c1dd63e325e12,22.382649999999998,22.3602,0.022449999999999193,4,2
0xa45b00c6dc0b92534e5a09445289e582156a171b,568385.76,0.0,568385.76,5997,1
0xa47b942160dd33b67176e16cbe319dd70769c554,39360.59999999999,39360.68399999999,-0.08399999999528518,3997,1
0xa47fe40e93566ff05039eb1e72fb27a93b5e2838,0.2997639999999999,0.2973,0.0024639999999999107,2,1
0xa4840b5ee0e41d1d085181f0bf494a1b31ca327f,0.0,0.995,-0.995,1,1
0xa48ec8530a5da061899c95a37adedf0706ff9da2,380814.88391999993,0.0,380814.88391999993,1998,1
0xa49f7a2f829f292389df24ca9da8eb3dd5da30a3,567325.3587999998,0.0,567325.3587999998,6002,1
0xa4a59f0ca51678d038dc817ab72ac36c4d750b14,12986.992007999994,0.0,12986.992007999994,3996,1
0xa4e773a46c18816aa1a901d82016e771c1cc7059,8.0,0.0,8.0,1,1
0xa506e181adbcca5d49c88861a353cdeb705d72d3,5729.518,20.937,5708.581,2,1
0xa5146d2f3016bc4488eab64f0af844f4800188c6,259.74,259.48,0.2599999999999909,5,1
0xa51799603ab56f5ec577201019f3251d9022d515,9989.99001,9960.030000000002,29.960009999997055,3996,1
0xa527ac9617d7221777cf421c4f04764bfafcf2cf,281.342,0.0,281.342,3,1
0xa52ab6a0e199976330e4e3c064889343d0b288ee,0.9499980000000001,0.0,0.9499980000000001,1,1
0xa53767570b706e85c14132368efc0b49276dc037,3.32,3.0544,0.26560000000000006,2,1
0xa53a9900ba46d6f9a06409f630258c1ba9cb459e,325.209465,324.87894,0.33052500000002283,2,1
0xa54305b24df13ba9ef8b1ff90326b5523e669229,0.32967,0.32901,0.0006599999999999939,2,1
0xa5454f8e4d93f88a4b4f5ed4d61ddcd0513e9ab2,36783.096084,0.0,36783.096084,1998,1
0xa54bbb8685100143f1fa435c343704ce18842cfc,51.209739000000006,51.15748,0.052259000000006495,2,1
0xa54c9a00efc2401657f68934200e6b5df0231490,189714.61999999994,0.0,189714.61999999994,2001,1
0xa55a2345297a7aac100037bd7b65b77214a5eff6,777661.5600000003,0.0,777661.5600000003,3996,1
0xa55e7b70f9b17382766027308ac37c46c03979a2,0.0,37.831,-37.831,4,2
0xa5637a1590e03a7741e0ee851e11ed09e167229f,0.9999979999999998,0.0,0.9999979999999998,1,1
0xa56934c22e54ca754fc1c4627421be56d9dd42b1,0.0,742.5367200000002,-742.5367200000002,1998,1
0xa570ddd5417d96f7f1078d5935265a49b3a5cc47,0.7199990000000001,0.0,0.7199990000000001,1,1
0xa57398a93f99be22c7126324523e146a99dd2aab,0.0,0.996,-0.996,1,1
0xa5760f44eaa992706598187330259e86e5811b92,3.319998,3.2670000000000003,0.052997999999999656,2,1
0xa584e14d19ad02afa4ef1f9cfc784c9ff4f0e350,1.319967,0.0,1.319967,1,1
0xa58d4f278d7953cd38eeb929f7e242bfc7c0b9b8,498.0809999999996,367.5771,130.50389999999965,18,18
0xa5940d08bf67bbf78aae45d1ecdb0199084b3af0,44495.89538000001,0.0,44495.89538000001,6000,1
0xa5a9c663aa648f7058f7b5f46e2712f9ae033969,108949.773168,108723.68748,226.08568800000648,3996,1
0xa5aa7d70d9ab7f059a00e8b3f5c93a8feece808c,0.049996000000000006,0.0,0.049996000000000006,5,4
0xa5b418850eee421fce9bac7f5ca6ba3ada1cb8d9,6.662,0.0,6.662,1,1
0xa5ec3b2e285d1681222dc78fc17ded51679ceb67,189809.52499999994,0.0,189809.52499999994,2002,1
0xa60e8b511c84358b9baa1b1cfc2943fa29e7f417,14.999996,14.93331,0.06668599999999891,2,1
0xa61050becb3d5e001ff6b70dd6deb9c7929afb95,1.01,0.0,1.01,1,1
0xa621abd841ac3583f57133a138a6c3cd3c9eb55b,1.2199980000000001,1.1941199999999998,0.02587800000000029,2,1
0xa625babf3e643d8088dcfb9ae9b111962a35b74f,378955.0,0.0,378955.0,3999,1
0xa62bd73f984eabff9302633992b9f0bf3f4bc8ad,13.336,0.0,13.336,2,1
0xa63eb7f98a19f052b74a1a21e005053dbcbb1a16,42.67199999999999,0.0,42.67199999999999,12,1
0xa640be16eeb242fbe63f139092738eddf869f661,0.0,2003.3146800000009,-2003.3146800000009,1998,1
0xa6428eb9f67ffb60c2bcf9077712bf531bf9a3ae,1700221.1750000003,0.0,1700221.1750000003,17987,1
0xa64b76375e3a0ef96a7e19cea59d1921284454b9,0.02,0.0,0.02,1,1
0xa6592dde79d25b8978f656e91a1196db8f448a1e,0.999979,0.0,0.999979,1,1
0xa669ae87d65e99269155c42091262c78b25f745a,0.019997999999999995,0.0,0.019997999999999995,2,2
0xa67ba47414c0072822a8dbb91f1bdc0c6fd1c131,51.339608999999996,51.28722,0.05238899999999802,2,1
0xa69b972ba954d869ee19f27d1434b146076e1f74,1912995.7440000002,0.0,1912995.7440000002,19987,1
0xa69d1f423e078c5b7edfc0b455d7bf63e6536640,0.0,0.028,-0.028,1,1
0xa6ae7dbd1f8268c2f1134b46fecd7b35750d1af9,0.019999000000000003,0.0,0.019999000000000003,2,1
0xa6e0718c5f143af66d3fefe7c52a940e26ce7bb8,19.849997999999996,19.759029999999996,0.09096800000000016,2,1
0xa6e1177da28f91db8587c351ff7e03e9434e5115,379122.4854999999,0.0,379122.4854999999,4000,1
0xa6e15dea3fea08679608ef2702f760cce6784756,388830.78000000014,0.0,388830.78000000014,1998,1
0xa6e1f3a7ba285c03ba35af88da657ecc237aa40c,1.759998,0.0,1.759998,1,1
0xa6e9017586a92b32be96a59b25987a0fb87004e0,4214.30148,0.0,4214.30148,1998,1
0xa7102161077ef421e975c0761d7e9fbd4f931f75,0.0,0.3584,-0.3584,1,1
0xa710f0eae9129df28a52e886902c443364004173,1498.4877999999999,0.0,1498.4877999999999,2,1
0xa71984326e287e9eca21326e01a08b0914fb7cbb,1.494,0.0083,1.4857,2,1
0xa723505c61b826e7ca18215d50e75e9f50e3eb3d,0.129999,0.0,0.129999,1,1
0xa735a2ea65e52141a567562452784fe51e460d16,1.025,0.0,1.025,1,1
0xa73c7c87f8344886cd4dc5e77f32b4cfc2b2aa25,0.6599319999999999,0.64152,0.018411999999999873,2,1
0xa73d2e7b254fbc57ac17135d09f7e34dcf95f3bc,0.9999979999999998,0.99384,0.006157999999999886,2,1
0xa751b9874f21537a71538d063afb60d9ff7caf42,0.09999600000000002,0.0,0.09999600000000002,1,1
0xa77198ee95537a9570b36741fb0e2c73046dfed8,4.999960000000001,0.0,4.999960000000001,1,1
0xa772c22765fd6e6edbdcb2bdf738e32c4131a119,44.999995999999996,0.0,44.999995999999996,2,1
0xa77c6c0e7c61166ce4d941f9a798383b2e92c74a,769645.6639200001,0.0,769645.6639200001,3996,1
0xa79448e02a7519dbd34362f539c715fc94aec694,0.999998,0.0,0.999998,1,1
0xa7b4763cef3690be09412dbd6fba31b760ee1bc7,1134110.9500000002,0.0,1134110.9500000002,11998,1
0xa7b8d035e331b4728321786af8eb589acbb04346,0.0,0.056,-0.056,1,1
0xa7baa1b246abe6ab8df50092f88e5122d4ab9880,379288.45731999987,0.0,379288.45731999987,4001,1
0xa7bb8c26a79c3c30c4536ce9d735b0ab1263e1f7,97.999998,0.0,97.999998,1,1
0xa7bbf79177a77f607c4132460da0b0b5a41dbca4,143503.57768000002,0.0,143503.57768000002,1999,1
0xa7dedf4fc1ddb9e8e0d1ff4a4a81a3cb2ec82e3c,0.0,11.345,-11.345,2,1
0xa7ee7d37be3ebae3235011a6e232a3a06f031c46,189619.99999999994,0.0,189619.99999999994,2000,1
0xa8093e46204571a2bd82aa563c7f1a8f07264bc1,34.999964999999996,34.89045,0.1095149999999947,2,1
0xa80abc8ef4c51ba757892685c904f997e114575e,0.9999979999999998,0.0,0.9999979999999998,1,1
0xa8108997d5fc6d5520156d6e6dc74d989c41136d,5.999994,0.0,5.999994,1,1
0xa8129ad3ec8d89ad744eac346d7820970c90edf6,189524.99999999997,0.0,189524.99999999997,1999,1
0xa83ffe20853daa73c0dbbba67fe21044fbf31719,1.012,0.0,1.012,1,1
0xa848c8be9dd0ab9de9abcdec703417d2a6464797,19620.359999999993,0.0,19620.359999999993,1998,1
0xa85816983c3fc0101291196f28e7094d03b74a65,14193.179999999995,0.0,14193.179999999995,1999,2
0xa85bc7a48921e6cea8a5d27ceba80012f9852114,756193.1544000001,0.0,756193.1544000001,8000,1
0xa8670bcb6c2cffebd9029e8185c2d5933905905a,1.399959,0.0,1.399959,1,1
0xa885b4812d694a9846203699dcd507f2d3b67e2f,189525.18999999994,0.0,189525.18999999994,1999,1
0xa88bc702b33f74a5e73fe229231111684f06f620,284.43,0.0,284.43,3,1
0xa88da84adf8bac3a4b4064304f8d0cc79ddb221c,0.0,46.4602,-46.4602,1,1
0xa8935325e6cfb72ac67a45d348e6e53c86093f4c,0.0,8.955,-8.955,1,1
0xa8940452bc22751a0a58afb7c5b1eac5babc6a52,6.662,0.0,6.662,1,1
0xa89a2a1d3e904a3a861249f4b08c2980c346aebf,189548.55317999993,0.0,189548.55317999993,2000,1
0xa8a8a2b6b3f63564be6259f128eebe2f3106672e,117230.024167,116861.94155999999,368.0826070000039,4002,2
0xa8b7f8b34185e9cc62c471e1d353595148a3ee3c,313.95606,1.32376,312.6323,8,6
0xa8c43b0d2b68ca0232b1de85a0e50ea0d321600a,1166492.3400000003,0.0,1166492.3400000003,5994,1
0xa8caffbe7dfd6109a2a46cb9252d0fd107b62fb3,51.35859,0.0,51.35859,1,1
0xa8cfdc67b7a282c95de57a3e5e164978fde60477,16.552,0.0,16.552,2,2
0xa8d64dc23f6a88c9b302172e099aafff917e6cea,2717.2760040000007,1.3565399999999999,2715.9194640000005,1999,1
0xa8db224cf85bbae68037e1ba9510caf62a14af26,1997.9960039999996,0.99485,1997.0011539999996,1999,1
0xa8dcc35932406e15b20638cf91368e84a155a28a,250523.49774999998,0.0,250523.49774999998,4006,1
0xa8e8110766c91b769e159a724dcd6773038c69c4,189619.99999999994,0.0,189619.99999999994,2000,1
0xa8eab1d956b6fd9c00f29c908a832aa88f32018e,0.20999400000000001,0.0,0.20999400000000001,1,1
0xa8ec48b78ab6ade3ef09ab5a52e4d9457534450d,5.28996,5.26888,0.021079999999999544,2,1
0xa8ecb3266fa9b745dbfa4db897dbb136ee6b2c2d,59760.172007999994,29831.099039999994,29929.072968,5994,1
0xa911fd9d02de3f4b89fc81cf9a7c50e85c9b6974,0.0,7.872,-7.872,1,1
0xa91524f484793ae10a37f32201585fc644ef29c7,757626.1399999997,0.0,757626.1399999997,7995,1
0xa924b42a436c32b67ef4ebc3172748e566415a44,1547307.2239200005,387661.94999999995,1159645.2739200005,11988,1
0xa92f237e88d3fc194c57c7b6d1776bd12897e551,1.099998,0.0,1.099998,1,1
0xa93f3aab033b0f03b7969cb22811f30f6cdb44cc,1998.9960029999997,0.99485,1998.0011529999997,2000,1
0xa9436bea16c9969899bc3c746d91085a887d5dc1,380814.88391999993,0.0,380814.88391999993,1998,1
0xa946a4162f79f56f5840af7888f4c4c5c3054af4,11.999946,11.9556,0.04434599999999911,2,1
0xa951f3f622508c4b892aa0313eb2ee9292d69544,4.999999,0.0,4.999999,1,1
0xa98bb28ab3796076478992191bea88f3c5f8d81c,333005.63883999997,0.0,333005.63883999997,3998,1
0xa98d63bbc81470f3a80bed5e748c3bc7114ad0a8,0.599994,0.5838,0.01619400000000004,2,1
0xa9985ad5114012d1e4511c2c1df9d09940f03f87,0.09999999999999999,0.0,0.09999999999999999,1,1
0xa99e9f7d49579edc58c1bd970e39da2401bbae58,9.96,9.96,0.0,2,1
0xa99fde23c737b8d2e5a9f1a3423d8ab012c92360,0.0,3.98,-3.98,1,1
0xa9bfeb3fdf279af8cb99f6ec63b82ed04b0970fb,5.0,0.0,5.0,1,1
0xa9c75c4f07c1abe5884e3d1e3f23260bfbd4de60,1148256.864,0.0,1148256.864,11997,1
0xa9e0cf7641609a94c8582d5b23a85c29dd34b0ff,1338819.4560000002,0.0,1338819.4560000002,13988,1
0xa9e3e9dacfcc7041899d437b36d1dd1a57407353,62658.67860000001,0.0,62658.67860000001,1998,1
0xa9f03e525759bb1e31ec36aa0b7f84e3c3ec9822,0.9999889999999998,0.0,0.9999889999999998,1,1
0xa9f7383458287a97529ad8b5bba2bcae561f3041,304.999858,0.0,304.999858,2,2
0xa9f841a6a59dd269353a13419f0103be60817f9f,0.0,1993.1248799999998,-1993.1248799999998,1998,1
0xa9f9c0ca31912bee7ecd8aa25bfad07adcd6b3de,13230.472499999998,7229.7155900000025,6000.7569099999955,4026,6
0xa9ffa3c77e064c9ae4d8ef46a23fd3f659f9c04f,44483.77382,0.0,44483.77382,5997,1
0xaa05f6f3458408723d144d4d44c0773eef9fcb3c,98.99995100000001,0.0,98.99995100000001,1,1
0xaa177c5b52f72d315fa5544bd0a8532192635cfb,204594.197004,203975.81999999995,618.3770040000381,7992,1
0xaa1ba396e34eb76052b31723317e690ad7823209,1.399999,0.0,1.399999,1,1
0xaa1eb270827711e84899fe26214a04e27b8952e2,1.1796,1.17326,0.006340000000000012,4,2
0xaa4a899a8993b8c46d3d80c5b0c59b0f51db7365,189.62,0.0,189.62,2,1
0xaa583d768f0a4bfea2dca5bb8af1b82a956f3db7,83.496,83.412,0.08399999999998897,2,1
0xaa5b41dccb38ebb92f2b089f35efd8366c9a8614,3.999999999999996,0.0,3.999999999999996,1,1
0xaa61278907fb56f5bc4b31123a2b7b954c356716,1.209999,1.188,0.021999000000000102,2,1
0xaa681279a399d7b79eb4b9fc0da59bd1eb742bb3,1.022,0.0,1.022,1,1
0xaa72c43c4b204b5226bf48beffbf86577613a247,3.0,0.0,3.0,1,1
0xaa80c81f1ea4ffb9860788294eab47148e4c9bb3,0.4999940000000001,0.0,0.4999940000000001,1,1
0xaa9ea63d22afc845267729e405bb5ca1ce6d8eae,0.0,1993.1248799999998,-1993.1248799999998,1998,1
0xaaa71d4401dfd8ea6d7b1f97cc5287cf37d0d75b,0.759999,0.0,0.759999,1,1
0xaab8bddd511a41adfe5276d539a6c27d231f1c1a,1.3599819999999998,1.3299,0.03008199999999972,2,1
0xaac046299207230f7f9510a2569cd092bcc23a4c,0.03999999999999991,0.0,0.03999999999999991,2,2
0xaad31fe6a3d94e4dd1e878d3d02be80ea3231853,0.999999,0.0,0.999999,1,1
0xaad97cdf0f531b8274582733a65847ad9763aac0,74115.83055,0.0,74115.83055,9992,1
0xaaef5f40dc868389e2882c9a3c6327b8e49b46d2,4.999998,0.0,4.999998,1,1
0xaaf0970cc46ad52f3313c60712fc3e2fbf97bfea,35.329635,0.0,35.329635,1,1
0xab096439dcca7d5d6b15d12bf5c1d88773da7fd9,19.986,0.0,19.986,3,1
0xab16422f290ad21f23b793e49ae7b81c357d17cb,5672.632,17.946,5654.686,2,1
0xab16453764dc8e65977d5ca444013d41cd4a95a4,189333.575,0.0,189333.575,2003,1
0xab1a05798c8a9cc089d4f5723c208bba94c5aa61,0.7892100000000001,0.78763,0.0015800000000000258,2,1
0xab1b5a56c56ae5ec60696c0fd1567dd15b9cf856,1.2999980000000002,0.0,1.2999980000000002,1,1
0xab236b0e760cf629edab1290813045fd5039678c,2.999925,0.0,2.999925,1,1
0xab2487b7a452c561fc525847358e586771fd9d0e,758100.57,0.0,758100.57,7998,1
0xab2660069abc1c35b66337bb89de39d276309656,0.0,59220.71999999998,-59220.71999999998,1998,1
0xab3479c0bc8157040d7ad934cb55f4fdb37e29bb,1.024,0.0,1.024,1,1
0xab34c1456f685c4708ce5e43057d50165da1fd49,379334.6643399999,0.0,379334.6643399999,4002,1
0xab455e928c90d040906a67247b6d13fca47f4ed4,23.24007,23.21676,0.02330999999999861,4,2
0xab4c97bc9f23fe939e27859d310dfbf003b93448,5625.749,0.0,5625.749,2,1
0xaba635cc764b120966aecba469ea4940b17fa54b,139.89964,0.0,139.89964,2,1
0xabac536449439bb713d80d4dd41f3694c9386c97,64.999894,13.4253,51.574594,14,8
0xabb60c1169b205863a5753cee6b39fc7fb2ac3bc,11.76,11.74775,0.012249999999999872,2,1
0xabc6b49fafcdee3122e4bf7c488719c8eb3f359a,1997.9960039999996,1982.9350799999997,15.060923999999886,3996,1
0xabd7a577fd064556c815f6782919338faa0ae618,567626.71,0.0,567626.71,5995,1
0xabd80cadfababa2a0f3ea4443324dd8e6bade2fa,1.024,0.0,1.024,1,1
0xabd90a976f3ce0a6dc98da038a31d2eda4bad707,0.0,0.018000000000000002,-0.018000000000000002,1,1
0xabe06098d5b83ae41454f4e752fed51cb869d51e,189999.23999999996,0.0,189999.23999999996,2004,1
0xabe064fdab05dbab6a2f7531acbd206696544efc,50.399550000000005,50.3491,0.05045000000000499,2,1
0xabe49bf57fc3b50f443ba5c388c74833f841ad33,0.999999,0.99485,0.005148999999999959,2,1
0xabf5e71b1d726bffa035ba583466b9dffa4231c1,956354.304,0.0,956354.304,9992,1
0xabf70bbe602e4e02899a6a715aac8679a3c14305,17.33,0.0,17.33,4,2
0xac08af67ea2f477a46abe4fff913186884996882,190001.62963999997,0.0,190001.62963999997,2005,1
0xac09c6c057bfd76efc54f3078f8cc472b9887db3,1997.9960039999996,0.99485,1997.0011539999996,1999,1
0xac21afe349daea7ac18082ee610cd805a1984d57,5660.656,22.931,5637.725,2,1
0xac258bc15bc9d279e6b0be21ec2069a417e93a51,0.759981,0.75468,0.005301,2,1
0xac3b743dd5d4bdbba077d6ba0a1e96fdb74c468e,1997.9960039999996,1982.9350799999997,15.060923999999886,3996,1
0xac4502d32af912ac03deaece6b294d3c4f8e20c5,16.75,0.0,16.75,1,1
0xac4f4cb0ab5d7ab4493a9d96121ec53f3a196fcb,1997.998001999999,1992.0059999999999,5.992001999999047,3996,1
0xac5b3384a29f751dd5601b487e7e401a72bdd074,9.889999000000001,9.7416,0.14839900000000128,2,1
0xac61b0c45d1a39f60987facce4f41a6a5a284299,24.999975000000003,24.87125,0.12872500000000286,2,1
0xac7e9afec2cedc01248a256524d7f648161d7d9f,944493.8000000002,0.0,944493.8000000002,9992,1
0xac8082644ee91503b6f03c38ccbaf3678c85bfbb,1.5,0.0,1.5,2,2
0xac937d4f74d8396b4e8f5fa6bdf5cebd43857b55,1147874.016,0.0,1147874.016,11993,1
0xac9c7815624e9a0405303d5a96fdf5c7aa2990be,0.9999989999999999,0.997,0.002998999999999863,2,1
0xacb2e7a26609ca5c82ee38bb7b1eef79a2075889,1997.9960039999996,0.0,1997.9960039999996,1998,1
0xacb7dac5a8e7fd0b56407482b9ce093ed5bb1261,9.99,9.97,0.019999999999999574,2,1
0xacbac001d990ba3dac64d4ee87d36fcbae5414f1,0.07,0.0,0.07,1,1
0xacbe5ad3cd9685638ddc2fc748abb4a0cb40a815,574367.712,0.0,574367.712,6001,1
0xacc5002e8c7476978d65abbbfa558b8d6bce48a6,379050.3799999999,0.0,379050.3799999999,3998,1
0xacc58a48c854442dc7cf28e2cfbb1396a8a574b3,50.179998,50.128679999999996,0.05131800000000197,2,1
0xace8120e131ae34685a58f940a3503928a2ac6b0,13.999924,13.9336,0.06632399999999983,3,1
0xacf999e9032248c6476b87a4470ba842047fbe62,758005.9499999997,0.0,758005.9499999997,7995,1
0xad048ee694cee724b81b853952ba8d5c6ca8ec5e,567048.6293999999,0.0,567048.6293999999,5999,1
0xad0810380727b7416c3f92a89e2d06453f4b2c03,378196.1399999999,0.0,378196.1399999999,3997,1
0xad0b812fbf95215f981669be7870aaeb4b4fb081,0.999979,0.0,0.999979,1,1
0xad211b41a50e0c988b7cd38e99f00f4fea6b5c1e,0.9999509999999999,0.0,0.9999509999999999,1,1
0xad287967a6c4cd2a36f2d01fb40b0848ce371354,750.204,54.00999999999999,696.194,4,1
0xad287cbd7db82d684a5066515c7ee624df111601,0.0312,1.0,-0.9688,2,1
0xad49308fdb1e8b098a3379b5871bf0c20b474190,1.6,0.0,1.6,1,1
0xad4bd8fd041820cdd7a9d0139ec7c3de540ebdb5,1147586.88,0.0,1147586.88,11990,1
0xad62b10f2c4210255cf697efb59e5568897db362,1166492.3400000003,0.0,1166492.3400000003,5994,1
0xad6774f6baa7982ef494d4347023ecc36e5e8907,6.9999980000000015,0.0,6.9999980000000015,1,1
0xad703ba9fa7af1447bfcfe22522d052df64f4ccf,3.7,0.0,3.7,1,1
0xad7177a3f06ac56fdb0a25c7f0745129319f666d,0.9999680000000001,0.99485,0.005118000000000067,2,1
0xad773fe12fcacdc684da3c2f96b35fbaa10cbfd6,28.999997999999998,0.0,28.999997999999998,1,1
0xad7ad34dddc35a1654e1b7d8d9c4bb93903febf3,0.999979,0.0,0.999979,1,1
0xad9781fdad5deeb6b627473efe5a0facf622ef00,476437.34536000004,0.0,476437.34536000004,5996,1
0xad9d6473c8b2905ac5d275d31f83142c206a770e,94764.18695400002,94560.52481999998,203.662134000042,3996,1
0xadd2bcfc1086113760fc6e516c650b6c3c17e1f0,99.999998,0.0,99.999998,1,1
0xadd4a89a4db577892211bb5d90a795dfc7eb8666,956928.5760000001,0.0,956928.5760000001,9998,1
0xade14e5e4e5528bb1f6c530f7bc51e0788024353,0.11999599999999999,0.0,0.11999599999999999,1,1
0xadecf853e310fe1ab6d78186dcbcd3d18ce2ed90,15.999984,15.9176,0.08238399999999935,2,1
0xadf3c05e552258c1d1e55c74e4d700340e7023ca,8.892,95.404,-86.512,5,3
0xae061f0d61d123307923177a23e78690110c77e1,2445.8499980000006,2452.97457,-7.124571999999262,2,1
0xae0654665cc3dcb06f1cd3c1d6a2e4f20f4ad932,0.0,7.34586,-7.34586,3,1
0xae17c210a044e12c295323687471ffa80bf672b3,378860.7599999999,0.0,378860.7599999999,3996,1
0xae17c5ae99f3a48bae0f18bd8e7b3636e71b80c3,1.899909,0.0,1.899909,1,1
0xae1a26270eb0f4d1b808d5d0b94b028cc9d7fe60,7.95,2.7002800000000002,5.24972,2,1
0xae1b4e3d58b44cc4e55c9cd23aabff78470ceaa6,0.42984,0.42699,0.002850000000000019,2,1
0xae1c20c0e36fb36061491bf62750fc09dc68c8f4,0.009982000000000001,0.0,0.009982000000000001,1,1
0xae2faa55ea9d2f2a469e0298e1cfa9b02d97fba9,379050.3799999999,0.0,379050.3799999999,3998,1
0xae58d05cee8744a8eecfbf0ae5ebe7f8db786d32,0.049996000000000006,0.0,0.049996000000000006,5,4
0xae5ce32e40f5fcb1d911756653a1398868061aea,7.96,0.0,7.96,1,1
0xae61869d95e70405502d30d144ddff203aa24e32,0.0,42.7,-42.7,4,3
0xae61c2353f8e3b4a4a13b69bc681ee039b3fda90,1997.9960039999996,0.0,1997.9960039999996,1998,1
0xae6810e61938d0937c0028409083ea8bfd3dcf59,14252.447999999997,0.0,14252.447999999997,4008,1
0xae68e29db27fe8965345b0a708554b95257c662a,1.024,0.0,1.024,1,1
0xaeaada9a8fda5475da783cc8a7232e58172c29ec,777661.5600000003,0.0,777661.5600000003,3996,1
0xaeae4c54dfd9d96c0523361b7b3a6e902fdc9ec6,17.78,0.0,17.78,5,1
0xaec30c8988dcd0d222db4f27ffd513056f3802fa,97.999998,0.0,97.999998,1,1
0xaecb0cd6ecf8b170a22c55cddc31be0a95436950,0.9999440000000002,0.0,0.9999440000000002,1,1
0xaed881ac4f0ce2d6def90e6f5a8227e70b8f567a,94.81,0.0,94.81,1,1
0xaedadd7f47f9fd4131ede9b7ea59acb3e3c9b1ea,6.999997999999999,0.0,6.999997999999999,1,1
0xaee2a8ae6bed5d28d8fa1313414cf7536a338eab,1555323.1200000006,0.0,1555323.1200000006,7992,1
0xaee4d99bf79be5e024f811676e09d0e863d74f79,1.999992,0.0,1.999992,1,1
0xaef21a6dcf4d7430fb4ce453b60e210fb83d92cd,0.489938,0.48657,0.003367999999999982,2,1
0xaef64197bc411ddb84597a9296820613f40cec3a,4.889975,4.875780000000001,0.01419499999999907,2,1
0xaefaff1449e67d5198c896bd4f6f1f10500ac984,0.06,0.0,0.06,3,1
0xaf01741c3420f55c4623ca6363d030ab12751a59,276.7294,0.0,276.7294,3,1
0xaf01af0e765a67fe02b9700c473e6f9d5e87c81d,2.0,0.0,2.0,1,1
0xaf0b49d37d05aa470da397bf4b424f536141e6de,1555323.1200000006,0.0,1555323.1200000006,7992,1
0xaf18e800cc5ef8caf4219c2106264364204b7167,1511636.9544000004,0.0,1511636.9544000004,15992,1
0xaf196c7467ec7d7761cb127e671bb1aec66c4a65,3.6399329999999996,3.62229,0.01764299999999963,2,1
0xaf2a8d83e4485013bec72d2792dee1f4e8d79a3a,1.009998,1.0784,-0.06840200000000007,2,1
0xaf2ad59732827d76e1d18f94e381b480178ee75b,50.029914999999995,50.02992,-5.000000001587068e-06,2,1
0xaf37106df7e14b11470696c336c14f9964759fed,11.40568,11.3828,0.022880000000000678,2,1
0xaf49f4f9665d371f84610922fac232ed12adccbf,5663.667,0.0,5663.667,2,1
0xaf4cea7546a509da44e61ec0cef8d273ccafd930,0.010000000000000002,0.0,0.010000000000000002,1,1
0xaf70599d10f086c25fdcbeb0094e3d98230d0cf5,150649.19999999995,88315.30000000002,62333.899999999936,7993,1
0xaf782a3f9e5e1d21c4552570a17338fc722cc877,0.029977000000000004,0.0,0.029977000000000004,1,1
0xaf7c15dea966e854c4bc8659145830dc49c019a2,8.187800000000001,0.0,8.187800000000001,7,2
0xaf8e521171a97e046862b60da3b212bc93807a0c,0.0,899100.0,-899100.0,1998,1
0xaf96427c3c75c592e42c27bf49e54c1604900590,0.0,0.02,-0.02,1,1
0xafaab49936a330645bccad07a9f2e9d4395ac366,23.226,0.0,23.226,3,2
0xafb96239693a586178f5bd310763b541505bc83e,10.999998000000001,10.98485,0.015148000000001716,2,1
0xafd3011999683890d803a889ebe6e5f66a13df2f,1.189989,1.1625,0.027488999999999875,2,1
0xafd4a06e548b5236f2874bc6d461f01b7ba4f9af,51.909039,51.85608,0.05295900000000131,2,1
0xafd7efd265db601d87ae8c209e98df4c41abbf4e,83.7,0.0,83.7,1,1
0xafe4e5c33388f4f79b018a28a624441d14c1d91e,99753.26999800002,82084.03379999999,17669.236198000028,21985,3
0xaffcfc062d06b2a67b520b1d9b20b407f70b27f9,24.098000000000003,0.0,24.098000000000003,6,2
0xb02cac3e16883c412d5509cd09e847bd1fe65c90,7.904,0.0,7.904,1,1
0xb02ea57dbc3e69e08e7aaee78ef6122e301f25e5,0.0,826.7104999999999,-826.7104999999999,8,8
0xb02fbd0feb8cf9e5dcf92b9794f9170d04b618c8,0.009999,0.0,0.009999,1,1
0xb048013e6763e19d19577e122af687b80bafd0de,8.856,8.883,-0.026999999999999247,2,1
0xb04d87a833f5ceb9f092a4efc49b56c0e1b7162d,755632.8500000001,0.0,755632.8500000001,7994,1
0xb04f4e8e7b1fba1a2ce9124b1a5b7a754aeabe08,0.0,0.02,-0.02,1,1
0xb05baf3aba929808e0109dff78b39c4066414561,0.869998,0.8518399999999999,0.01815800000000012,2,1
0xb0853a8cb443cf96a37929db983070471af1eac0,6.999998,0.0,6.999998,1,1
0xb09e6b3b1827c1b2744cb17e1ab0e36b67dd0e53,139.999993,137.9488,2.0511929999999836,2,1
0xb0a00029c151ff47eb92dd8f227b8c10cef349ff,1136772.0899999999,0.0,1136772.0899999999,11988,1
0xb0a60787710f8d6254dc0e304fc72b6a3907e0c2,9.75,0.0,9.75,1,1
0xb0ef7a65d010904c8b90939c4547005d860b86e1,1322121.1750000003,0.0,1322121.1750000003,13987,1
0xb10f652b801de8e4c6a8ce12219e7aa40ee475bf,83.496,0.0,83.496,1,1
0xb114d9bed982a911197cedd157b2753f9493bdcb,29.999997999999998,0.0,29.999997999999998,2,1
0xb1156987e367f7d947a0aff40e7880bba4319e85,63573.034429999985,0.0,63573.034429999985,2008,1
0xb11890ae544392e6a154124cebb6fde2c34459e5,38.479482,38.43298,0.04650199999999671,2,1
0xb11937a0d013f2aa13bca5338bcdf87812ccc3ee,378481.1399999999,0.0,378481.1399999999,3996,1
0xb11967b56fe7aa5214887ffc1bf7b73fc18ff87b,31.968,31.904,0.06400000000000006,2,1
0xb134205bc3d9c086f9a1f7c35ddcc278251cb939,0.0,0.093,-0.093,1,1
0xb1418db9a112392c127d21dba5822f4b4f634021,50.29965,50.2493,0.05035000000000167,2,1
0xb14d9fc8bac953b0337e42ecf996402b1c34b348,1.659998,1.6343999999999999,0.02559800000000023,2,1
0xb165d8caa2e978e8e9d0d1f14ee9e05676d23ca0,5967.053,0.0,5967.053,1,1
0xb165dcae4ee68765c6a03bbdb6e226984f3dfcd2,5.999998000000001,0.0,5.999998000000001,1,1
0xb1759cd345f4f7699c6f88d5128eb836d6542fed,4.97,4.975,-0.004999999999999893,2,1
0xb1766130ec0b75529fbb46710b037adab6e5961b,1.04,0.0,1.04,1,1
0xb182b66b6c9f52e246e6643f8b0380354aa2217c,758100.5699999998,0.0,758100.5699999998,7996,1
0xb182f80b8a4407ea93fb195fd396fd9b62112785,1134300.0000000002,0.0,1134300.0000000002,12000,1
0xb1943ea1f06258c5a97e609af143c59e063cdd66,189619.61999999997,0.0,189619.61999999997,2004,1
0xb19a74a3695d9d54f323502bd1c859a4f92f3672,9.999998,0.0,9.999998,1,1
0xb1a277f0db1132c981013be3bbb4fa4755d1ad62,379429.6199999999,0.0,379429.6199999999,4002,1
0xb1a28f5fe306cb2c13829ff5e4434c5fde79e3b3,7122.217999999999,0.0,7122.217999999999,2002,2
0xb1d0289217d19cbfb29a16e482c9ec408698311b,28419.551999999992,0.0,28419.551999999992,7992,1
0xb1dde959168f5e415c852a58c5172d9ed4281ac0,15983.998002000004,10.953349999999999,15973.044652000004,1999,1
0xb200e7bdf2d53caf3dc7d43fd414cbc0f099ff1a,187530.00000000006,0.0,187530.00000000006,2001,1
0xb20ca9ed0c2c5460ca35d9048554d997b1060a7b,6.662,0.0,6.662,1,1
0xb2141a95f4713b7c624cd7826ffda2c9e7bd9b8b,98.99999799999999,0.0,98.99999799999999,1,1
0xb22459fd303e1d4a6688780b057fd2423bbf5272,376.699923,376.31586,0.384063000000026,2,1
0xb225bd18ce85279b7489cd85fa167782733e0bd2,0.17981999999999998,0.17928,0.0005399999999999849,2,1
0xb22c44a5a3c52ab5708316781a76d0448091fb60,0.04,0.0,0.04,2,2
0xb230ef04b46fd15284ba28c869093e4aabba6e51,29657.04505,0.0,29657.04505,3999,1
0xb23420c6dc8660c344c69e82dee862ac7829a15a,55.999987000000004,6.8373,49.162687000000005,5,4
0xb23607fee07a7358f5e5d13c6ee697c452436d27,378376.72940000007,0.0,378376.72940000007,4003,1
0xb236dcdbb0386929573851da101eb310315b1d5d,43526.80399999998,94.0,43432.80399999998,2004,3
0xb24c347d1fb4251a84a51c8c7b7bfcf2b3bd12df,1.439668,0.0,1.439668,1,1
0xb252f23e8191e1d2f325e57f78d9a92125b5b816,0.10999999999999588,0.0,0.10999999999999588,1,1
0xb272735b07d0d74709ca2028454c38425e7413b1,711794.7176799998,0.0,711794.7176799998,7993,1
0xb27c7b68af4c944ce4779a99e72756d3cc67caee,72.244,0.0,72.244,15,3
0xb28bb8f91611274bef8a194d168529dcabd029f9,1.239998,0.0,1.239998,1,1
0xb29608611a09da9218d7a4e604d07b019171cb8f,240508.06751999995,0.0,240508.06751999995,2008,2
0xb2a0b1c8ba0c87891b8c990150c4d7e7c7458ff0,9.999997,9.774,0.22599700000000134,2,1
0xb2a6dcece26701f6a04d3d168f2e45c578c888e2,0.9999680000000001,0.99384,0.006128000000000133,2,1
0xb2af22b3696e8a6bb3af85e026dbaafe4a5864e1,31.554000000000002,0.0,31.554000000000002,8,2
0xb2b1a0a1552987e830205e9db302868e07eea640,5.649999,5.5292,0.12079899999999988,2,1
0xb2b35e68b1777a5b3476627fdfc2a9539167565c,1.419969,0.0,1.419969,1,1
0xb2c1401daabac7d2041149b9fc8acf76aa1356f0,11.0,0.0,11.0,1,1
0xb2c5c9e1998b547dd8e21ffd33516b01def8c2ee,0.9999950000000001,0.0,0.9999950000000001,1,1
0xb2c6b36800f65712e806bb7265586cf5f5ff3cbe,14.224,0.0,14.224,4,1
0xb2c780443d0892e92303b08533a19b482fd33c47,1.035,0.0,1.035,1,1
0xb2d5dcfeeeb22a2d9aa898d8f42afb6320925404,2.3099989999999995,2.2407,0.06929899999999956,2,1
0xb2df5e029e1bc875a6118034fdb4f5cb597cea47,14283.551999999998,0.0,14283.551999999998,4015,2
0xb2edc855e5acb9a9017c11c2536fdb8bb9d0caf0,28419.551999999992,0.0,28419.551999999992,7992,1
0xb2f03fe7cf89e1161a3c6eaae655196ecce5af27,1.025,0.0,1.025,1,1
0xb2f13b75599a79ca62200a1be00cd8715b1d2bdb,287.9729,93.53,194.44289999999998,5,1
0xb2f4da035138ad9f9a31045ba25aaa9fa1ef20d8,284.24,0.0,284.24,3,1
0xb30b077a184d5987374ebd7f1099392e92ebd8f9,200.889923,199.81385,1.076073000000008,4,1
0xb30d7d3e3dcb514e1e04fcb10d035c6d9ab96e76,126037.34894000005,0.0,126037.34894000005,2005,1
0xb310fa7e8e5e60c868605096eba12bf4064e877c,2.3599999999999426,0.78666,1.5733399999999427,2,1
0xb321be6d84ecabb4a781ac2b9378bbe9ad6f6018,0.999999,0.0,0.999999,1,1
0xb33676d3c9f2ba9d9e5f111427f6c89ede8c4e71,12.8,11.674000000000001,1.1259999999999994,2,1
0xb3675df4fd0ac435bb376482bb9b7a74c282d911,35524.43999999999,0.0,35524.43999999999,9990,1
0xb3933e5f5460f1d7d7f32e762b563a0b6988fa1a,14.429998000000001,0.0,14.429998000000001,1,1
0xb3a3ebe5b8a92fbc130e402f674cf3d4a261153e,193.9999,97.81094,96.18896,3,2
0xb3af5c57b918bb432b75a32df9b19dcc264e56d2,761629.7678399999,0.0,761629.7678399999,3996,1
0xb3c3b28d6fe15a462660de98fa077bfe84e46c04,0.9999909999999999,0.995,0.004990999999999857,2,1
0xb3d398e54a7b7724508f6938cdafdf1a73e8a515,0.0,0.08,-0.08,1,1
0xb3d58811d32364b15d84b0d9dbb91f75502f5232,1.27,0.0,1.27,1,1
0xb3eb5a4d5855b6e649adbfa2e1ad1df9c897633f,1.599939,0.0,1.599939,1,1
0xb3f2d382d9fbf80fb08cf9c4c6a525a01cb3c413,39959.888112000015,0.0,39959.888112000015,1998,1
0xb3ff683d452c474ad270e90e0c4950a5e6bec907,102.999998,0.0,102.999998,1,1
0xb4137ebbf7183d6853275841ddb0b31352f2183c,9.169998,12.01294,-2.8429420000000007,4,1
0xb41888f133c1c5ccae96e9c0e7a424ffd7217389,7.69208,0.0,7.69208,1,1
0xb41f3e11f261f0b0226bf8f784a3ceedac1560b2,0.009998999999999996,0.0,0.009998999999999996,1,1
0xb42102ba713a5cb77b1a2e87c1c562dfb2208291,45.58999899999997,10.589599999999999,35.00039899999997,4,1
0xb4245e3fae2cee0c4901b0b4bd07e2d3270233a9,1.012,0.0,1.012,1,1
0xb44cf9a74ab56198676e01722255ac94c56bc8e8,1.014,0.0,1.014,1,1
0xb4541269ca7e46cb32927f8d368df9be7881d073,2.99999999999982,0.0,2.99999999999982,1,1
0xb45578a307919f0def8287f22547e7c487dd03de,14.999999999999922,0.0,14.999999999999922,1,1
0xb455ff2f86b8feafe5220ae95a5101c1ea8130e1,3.98,0.0,3.98,1,1
0xb4701f03d4e7cf2d328d231b2f9dc0cdfaa36636,189.62,94.525,95.095,3,1
0xb475936c6e1c21ee181e951200055e9c75128571,193418.38800000004,0.0,193418.38800000004,1998,1
0xb48c2b9c4d74d3374ccd7c0f541344a15354d085,3.279969,3.27028,0.009688999999999837,2,1
0xb4951844d58c7b00ebd67b888fa191efa4755382,18.954,0.0,18.954,3,1
0xb49f468c15c49783f2664c7198a4949ade1b12e6,331325.54694999993,0.0,331325.54694999993,6014,8
0xb4a4ef18a488d3bc0dbd3b4fbd4101c940bd3ab4,332910.92383999994,0.0,332910.92383999994,3997,1
0xb4a71c518da48fde20fabd6f0913eb2abed2ca65,0.04,0.0,0.04,2,1
0xb4afc2cbffacc6da9cc4d97081ab6c55e816ff89,71.77616,0.0,71.77616,1,1
0xb4b9d9c71cd6a954f1b4169f7042c63cff8e187d,189430.37999999995,0.0,189430.37999999995,1998,1
0xb4c786ae7a47539c7d68152331563ce17b706d90,6.662,0.0,6.662,1,1
0xb4de4f95e8eaf6edde0456f2575cdaf5eead5128,0.999984,0.0,0.999984,1,1
0xb4dfb6a5a0471cfe6f0481b94b7ff744f9ad8656,0.13999799999999998,0.0,0.13999799999999998,1,1
0xb4ebf3a8699a75cf7e373c52e6474009f7301028,2.1999989999999996,0.0,2.1999989999999996,1,1
0xb4f32e969359e8c23d9771f1ce16255d895cb82b,6273.6720479999985,0.0,6273.6720479999985,1998,1
0xb4fdeb5cd1d407312ef16cbaa96d65d706e49916,0.16981800000000002,0.16881000000000002,0.0010080000000000089,2,1
0xb4ff718555f9710400b3b671699d656285eb5470,1.2000000000000002,0.0,1.2000000000000002,1,1
0xb522f300cd3353a3762f7f4e963f8fcaa88ec04d,2.0,0.0,2.0,1,1
0xb5466a1eed5531cb4df1709c68372aad84de5d72,944588.3250000002,0.0,944588.3250000002,9993,1
0xb55166cb4fb76fd8a2d15ec1e3b5a127f21757b1,1.299699,0.0,1.299699,1,1
0xb5728d8ecf653a79f5966a70087b52b02ff303c2,1.1999259999999998,0.0,1.1999259999999998,1,1
0xb57320f509e09a1d86a5dfc9604189e617f43463,189927.60317999998,94.6,189833.00317999997,2006,1
0xb57b197a8f71248903ff29617be3e19e139ce98f,0.0,2003.3146800000009,-2003.3146800000009,1998,1
0xb57df96a18a4e6ddeab4fd161ecb0f81934f0c21,143598.19768,0.0,143598.19768,2000,1
0xb5881b7024898097fbb972fdd6cbfade76c9619f,0.0,2003.3146800000009,-2003.3146800000009,1998,1
0xb59b08d38ffe5424cd77b58f41399a4fdc33a9e3,74118.28798000001,0.0,74118.28798000001,9992,1
0xb5a1230df5738d1be55b4477335478993db68387,82.99999799999999,82.73911,0.26088799999999424,2,1
0xb5a4ee50e6424550670c71e49ead29a52361c7c5,0.0,0.26,-0.26,1,1
0xb5b5b7c24e52682f14293ae601de51e31e5b0dae,50.859089999999995,50.80817999999999,0.05091000000000179,2,1
0xb5bd92168aab954ae00fb7ff346a447d9d438cd7,1511535.5838000004,0.0,1511535.5838000004,15991,1
0xb5c42af12126e530ce6db5de00577088b38fa20f,10.999996,0.0,10.999996,2,1
0xb5e25c4d781854ea4ac0f3c4b55f81b5991ee599,0.0,12.558,-12.558,1,1
0xb5ed6eb44cb87beb69b9bde9a028ef3244445d02,33.128,0.0,33.128,4,2
0xb5f848eade5feec03059f46535bccc0d641b6503,4.499998,0.0,4.499998,2,1
0xb60755bf0078a83986da3bcce270ab4e92b2a4f2,35524.43999999999,0.0,35524.43999999999,9990,1
0xb61b6f34092208ad597bdfc870a56b5cca7938e5,9980.009999999998,9970.02,9.989999999997963,3996,1
0xb629c62428e6db9298e27ff294b9a5b0ee786f10,50.619330000000005,50.56866,0.05067000000000377,2,1
0xb64bf56c8c5b1f9f781360fbeb03f164d42eb819,1997.8881119999996,0.0,1997.8881119999996,1998,1
0xb64d82d0663b5c3868f45c16533de889bbd9de7f,3.999995,0.0,3.999995,1,1
0xb68c76a0f7b26606f7494dca7e0157082a1beda5,9.999998,0.0,9.999998,1,1
0xb6a13cfb15f5417b0d97151e517b4a9e8c8e70ec,4.999999,0.0,4.999999,1,1
0xb6a84c209b3fa55a733b085e87b3e073278e5e79,50.40954,50.35908,0.05046000000000106,2,1
0xb6b3fe7505369517ed18840bfb18d3ea74f6d470,97.999998,0.0,97.999998,1,1
0xb6b830bceb3d8c7bfcca9d20303184314ed5f406,50.58936,50.53872,0.05064000000000135,2,1
0xb6bb0131507ae1924fa707870f84783816bce2df,0.09998800000000001,0.0,0.09998800000000001,1,1
0xb6bb2872cd0c9944bbef98b0fc056d1c5d16afdd,10.639998,10.5938,0.046198000000000405,2,1
0xb6ca6caf3a27aa0452df9bd102b1fdd0e04c04ff,2.889999,2.89872,-0.008720999999999979,2,1
0xb6e2f0052d30ee7fdda51f0ff03043acb8713771,0.019999000000000003,0.0,0.019999000000000003,1,1
0xb6e8f90cc3cabd45d386ffd7da8304762feeb5e7,6.289975000000001,6.26171,0.028265000000001095,2,1
0xb6eac26e84ffaea846c2c44e8017eb8e8903edd3,58.86399999999999,0.0,58.86399999999999,15,2
0xb6f8fa5d95a8526fdbb6f1f24c7bd4bddbc2703f,378955.56999999995,0.0,378955.56999999995,3997,1
0xb70bb6e044752b2e1a0d9f51a8c639eae5caab49,19.659321,0.0,19.659321,1,1
0xb724243ed6ac5ffb5578404b8d4ffd2c542078eb,0.039998000000000006,0.0,0.039998000000000006,4,4
0xb739561da7cf37bf760cd24bb86e3322a34ec856,0.7098639999999999,0.7050299999999999,0.004834000000000005,2,1
0xb73b7ca44bdebd93ede9b51a3d91137be376a81b,1133638.3250000002,0.0,1133638.3250000002,11993,1
0xb74bd1d5c5f483e8c1a1465828ae7ea35ae892fc,21314.664,0.0,21314.664,5994,1
0xb74c23c1c2dab954f5700ff25bdc904b6a83e29c,7.88,0.0,7.88,1,1
0xb773df204ce984d591ab339c57314b9c8fe69341,10.75595,10.745140000000001,0.01080999999999932,2,1
0xb782c2db7caaa3ee925ac85f367ec9aa2224abd2,189.43,0.0,189.43,2,1
0xb78e7a4b2a357f4f24a24434ccf4d4b5af9130e3,3995.9840159999994,3952.543499999999,43.44051600000057,3996,1
0xb79ef0ca6871777ad1626c3b4b9d8f78336e78e2,22.74723,0.0,22.74723,1,1
0xb7b0ac8f2871f69140839df4cbab43bbde3ca089,2.949999,2.8611,0.08889900000000006,2,1
0xb7b68058a9365663d147a85385211225638ecbd3,59319.74728,0.0,59319.74728,7998,1
0xb7c1fadcd158814f193b0b928084948dc0081667,1530434.8800000001,0.0,1530434.8800000001,15990,1
0xb7cb87b7f6cabcb24893af2da7b5aa1424262093,24486.409999000003,1.96779,24484.442209000004,4014,6
0xb7d54bf1d0a362beb916d9cb58a04c41d67e0789,3291688.9122300004,355869.19466,2935819.7175700003,135178,10
0xb7e2e03432637ed6100b9427cf9eeaefbfad5bc6,567911.33,0.0,567911.33,5996,1
0xb81336dd708231a826c8cdb0fdf76e441b0d38c5,0.0,0.156,-0.156,1,1
0xb815c7e5bdd323428215344bdf9ec0ceb5b2fdc6,5993.898102000001,0.0,5993.898102000001,1998,1
0xb81b8c8194bb5cd1e5c05bbe8884ad550d4108e4,0.04,0.0,0.04,2,1
0xb829d165336072bbf7c403d7bcbf5dbb1028ac79,4.429629,0.0,4.429629,3,3
0xb82b20cb690ee727624ffa84706cbfa7e4c1a748,0.9999979999999998,0.99384,0.006157999999999886,2,1
0xb8300f43e4ea5923a8bc0659e3d05a2a5c240895,0.279976,0.27692,0.003056000000000003,2,1
0xb83cb78b8d3d052c1171efbf7432f8f20104efdf,4.999998,0.0,4.999998,1,1
0xb83f4e3eafe31b03ec679b10577e70498664a255,38241.6201,0.0,38241.6201,1998,1
0xb84b1e2414d5bb3cedf8d6f32ee92343af918992,1997.9960039999996,1982.9350799999997,15.060923999999886,3996,1
0xb8831a13891a852d78626f8856e4cba9067ce605,1.059952,0.0,1.059952,1,1
0xb88ba12ddefbd6c0aa2c8b4453aaf380c1ddd462,0.0,4.8,-4.8,3,3
0xb88bcb2b6111fb8f137d3fbce3ee5ed2b6cec422,2.1,0.7000000000000001,1.4,2,1
0xb89edfd0ada8e1fca2b409fd96ead69434bebdc4,0.0,75006.09881999998,-75006.09881999998,1998,1
0xb8a08a38691b2204e83c4f00afde325d96f27c5d,0.9999989999999999,0.998,0.001998999999999862,2,1
0xb8a59979a83afdec684ed8ca8dc7b391d3ea97ae,0.9999979999999998,0.0,0.9999979999999998,1,1
0xb8bbbfa346ad921af36257a9e1c319d2b1a495a0,0.149847,0.14895,0.0008970000000000089,2,1
0xb8cd1a5310e96a65d1f4caa471d00bfe0ff7b364,665773.01036,0.0,665773.01036,7993,1
0xb8cee1b16de6af000920dd50a003bf7869ccf505,189619.61999999997,0.0,189619.61999999997,2004,1
0xb8d79844d0f8dc78a30158e619801e31ecd83e75,0.0,392.00000000000006,-392.00000000000006,1,1
0xb8f744af131d151f7527ccafd1f70fc9d1d095db,135744.11600400007,124152.52320000003,11591.592804000044,3996,1
0xb8f77d8bcb936a9e7102d5b56a320e717a9c48de,4.999998000000001,0.0,4.999998000000001,1,1
0xb9183e90f85b72806505441a7de96fef7ed6a687,0.04,0.0,0.04,2,1
0xb93ffeca3b763e16bd2fb74bef0c26d2f3d2835d,1997.9960039999996,1.0149,1996.9811039999997,1999,1
0xb958c30cf3b9a35a991ed94f7f1b5117b4a47387,756105.4750000001,0.0,756105.4750000001,7999,1
0xb95ebc734152691e4090c064c718f06d496d7a2f,122396.83864199999,122027.29055999996,369.548082000023,3996,1
0xb963e969c69ac20c37ea0130c875f4120f115179,378480.7599999999,0.0,378480.7599999999,4000,1
0xb964f9a95938fa18d3d0c96de7e697243f085f76,3956.7739629999987,0.2985,3956.475462999999,2000,2
0xb979742aa0469c9036cc67ef68d19b3afecc8f9c,143575.25884000002,0.0,143575.25884000002,2000,1
0xb97fcdf8cf230877e0ed1b3560b13766d38d83c7,1.059939,0.0,1.059939,1,1
0xb98e1fa877370e17e5a95518ee12faf060405d39,44503.43911,0.0,44503.43911,6003,1
0xb9992c65b6cd7829cbf2c53807a17d8ef272c7ec,1.499998,0.0,1.499998,1,1
0xb9a2622a0ed91f4549a21f13afc538c7077242c3,0.02,0.0,0.02,1,1
0xb9aa502f6d2d1ed0494bac35ba6a445935d46509,1.2599639999999999,0.0,1.2599639999999999,1,1
0xb9b86abbd9e711945cb7b3b3df8fd202210a1793,3.25,1.625,1.625,2,1
0xb9bba17a95f61669b04438ebfef324aa0ddeacd9,6.999998,0.0,6.999998,1,1
0xb9bf163e6a211e6550d569edfd994826fd599c13,14209.775999999996,0.0,14209.775999999996,3996,1
0xb9bf35ddd7775a710c7f09d0089c97541f779093,187248.188,0.0,187248.188,2000,1
0xb9dfaaa546887c07e243c999af8d803c07de051c,288.12145000000004,8.64655,279.47490000000005,6,1
0xb9e7e044a5e39efab8ae3e9ca09b0c69d80d3fc2,1997.9640359999994,0.0,1997.9640359999994,1998,1
0xb9e8863cac7e33b8afad906ec3f12730ec91b104,568574.62,0.0,568574.62,6001,1
0xb9f7c0ae4662295550b08daa638d0df17659db00,29.999948999999997,0.0,29.999948999999997,2,2
0xb9ff1567e6e47339fa1c66ce4476c118870ca423,0.215,0.16499999999999998,0.05000000000000002,4,2
0xba0600d10576a7de7afe3fa79c142a66293afe6c,1997.9960039999996,0.0,1997.9960039999996,1998,1
0xba0a9c6b6a2a73806c5aef6050a6ab3766b24136,99.99971099999999,0.0,99.99971099999999,1,1
0xba0c3aa93354ee329299d69d5ce84001d9b4c218,567149.9999999999,0.0,567149.9999999999,6000,1
0xba0f0d136975402f5e0fea12b80fbeab57a4d4c2,0.159999,0.1638,-0.003800999999999999,2,1
0xba0fc796bd99e38c986b807ed58c5a7ae75af2fe,0.289794,0.28884,0.0009540000000000104,2,1
0xba0fcfe8f95c2b5ce8f856b1f63fb9c111bf0290,0.099998,0.0965,0.003498000000000001,2,1
0xba3f2fb14fc2fc2e84e80af3388a82b4b3df5b6b,0.0,9.462999999999997,-9.462999999999997,7,3
0xba411b55dc414f2b0b6eb9b51e0706ce0964baed,0.04,0.0,0.04,2,1
0xba482c8ddae36252726c24ad2c7137ed678016fc,5983.01,26.919,5956.091,2,1
0xba696ec4070871b964595859e668e65c52e141f9,0.9999989999999996,0.198,0.8019989999999997,2,1
0xba761586be0fb7d0ad79fed0ca5e3968ce52abca,0.025,0.0,0.025,5,4
0xba7840dec98fc9539f8da8cf7d53957fd8d524fe,63188.79900000001,0.0,63188.79900000001,2003,1
0xba848bb8f3a15913635dba1fe4d36b90af327d26,89.91,0.0,89.91,1998,1
0xba87839b238e64f82bba36c37384333ad769103b,15744.239999999998,0.0,15744.239999999998,1998,1
0xba9549d199be7ac091a7ed1f0753461a88e55516,0.9999889999999999,0.0,0.9999889999999999,1,1
0xba99604d2f960f32dcf64c5a1a1b31e24decd13c,189240.37999999995,0.0,189240.37999999995,2000,1
0xba9ac6d5629933e2632b2557fcc0f03b711f71a5,0.25999799999999995,352.80683999999997,-352.54684199999997,1999,2
0xbabfbaf2dc581e609feb767742a13f86d2161729,187060.752,0.0,187060.752,1998,1
0xbacd00c9080a82ded56f504ee8810af732b0ab35,170.99999999999997,0.0,170.99999999999997,1,1
0xbad26fe5458e6219cec3e40272760e275e835296,235.1088,0.0,235.1088,1,1
0xbae0e0453264bea0d8767d2a5907b6a692205cd6,6.349995999999999,0.0,6.349995999999999,4,2
0xbaec3992b6a19bd133b43e93af5845e0aa6bb6f3,6.66996,6.6528,0.01715999999999962,2,1
0xbb0670339579b46a1e6c8836b801e9ccafad1a96,191.09994799999998,66.46063,124.63931799999999,3,1
0xbb214ed67f175a6cb154653893a066e543a489bd,189.62,0.0,189.62,2,1
0xbb3758c551f632c5fe15fc4a819140dc2e8df3a8,1.2999950000000002,0.0,1.2999950000000002,1,1
0xbb3eef3b59cd149a1e3b0086ffd7c1cf81a2e0e9,0.0,8.874,-8.874,1,1
0xbb5499d953d09dd853e17bbe92b467d9c63e0f5a,14.799998,14.731959999999999,0.06803800000000138,2,1
0xbb5a399871ae38e9e9601213c4f1a98a463a0962,189335.18999999994,0.0,189335.18999999994,2001,1
0xbb662090bc51f1ddb38aa202509d01bda66abdcc,174.119706,173.94142,0.17828600000001416,2,1
0xbb79e70bc7385ca87d59c795c01e379efddb4ce8,0.0,1548.4300200000005,-1548.4300200000005,1998,1
0xbb877edb0585f9bf82953512fced854895f11137,0.9999990000000001,0.0,0.9999990000000001,1,1
0xbb929af4b5f0a67d594bd50668d6ee42aba44fb4,0.039997999999999985,0.0,0.039997999999999985,4,4
0xbba4c7021031eaa82d8135ce005342978dc6b45d,28419.551999999992,0.0,28419.551999999992,7992,1
0xbbd65da7fb50e37d7d835220b77cd503dae8a121,14.289971,14.252279999999999,0.037691000000000585,2,1
0xbbdc2ba0b46cfa889e00c1cd38a95aedd9e54f35,193418.38800000004,0.0,193418.38800000004,1998,1
0xbbf89ed60e549a062c1cb69ffdcfe2c7b5ad3400,1997.896104,0.9999,1996.896204,1999,1
0xbbfb39160173f9daad66feb88f6ed9f3b2bec8ad,0.9999989999999999,0.997,0.002998999999999863,2,1
0xbc086b8a85547d41ba98bbf015aa20a33da17b42,522269.52768000006,0.0,522269.52768000006,5994,1
0xbc12aa4a0f7caeb6c5df9112030d8d9a4bfbeb8d,106851.97506599998,106739.03412000003,112.94094599995879,3996,1
0xbc1ac79c0fe8c7d717fbf877b093d31149f826d6,0.999992,0.0,0.999992,1,1
0xbc24d8f74e6bb62001a9062c6c278b782e84b9b1,1.2698999999999998,1.26111,0.008789999999999853,2,1
0xbc2d193f3b190e8ef7f732962cb949e8a051c91a,9.999979999999999,0.0,9.999979999999999,1,1
0xbc3552c6ec2798cc79c400e1fe16fc094612dfad,10.279997999999999,10.2312,0.048797999999999675,2,1
0xbc366b0aded4e3f962973f8c949bc68dce0ee62b,0.33997700000000003,0.33694,0.003037000000000012,2,1
0xbc37e9fb77e31f770a5e8f3b04f79e554f9e1af2,280.19952,279.91904,0.2804800000000114,2,1
0xbc436c87e6a58c12e2a7038c89655ad2a763901b,0.659999999999999,0.0,0.659999999999999,1,1
0xbc4d9e07af85d163d6f202e3463fc88ac98e5d84,1.359775,0.0,1.359775,1,1
0xbc59c78ae93f03ccaf0381548d1a53434c2442d6,215.32848,0.0,215.32848,3,1
0xbca1115655bbcc19c5595a886aefedc0ab6f82bf,8.999998,0.0,8.999998,1,1
0xbca32211da15cad86ce04354b64f2bf2444a2be0,64.88996,64.76991999999998,0.12004000000001724,2,1
0xbcb827e127568efc53118fe2159d0e548cbf5e64,44499.551,0.0,44499.551,6001,1
0xbcc9b02b93df01d30f5c53d9adec3e24619eedad,0.9999979999999998,0.99384,0.006157999999999886,2,1
0xbcd5bad04d79a1c106a9dfa584dc43c0080333db,0.999999,0.99485,0.005148999999999959,2,1
0xbce1bff34aec503f5745839d81a0932c30ff0a83,94.81,0.0,94.81,1,1
0xbce5d732751719310f56a0d51e7b0fb6195b152c,189619.99999999994,0.0,189619.99999999994,2000,1
0xbced0dd8caac17ee3e280e1f7550a0afccf83e15,42.78992600000001,42.380599999999994,0.4093260000000143,2,1
0xbcf66700b3becb03f07b9dbdb59e139db883baf1,182.96826000000001,0.0,182.96826000000001,3,1
0xbcfc5970f2fe350ad29bffe0540d9eaed5dcbfb3,3.0,3.1824,-0.1823999999999999,2,1
0xbd086986494cdae0e3b48f97e1ca94d5d4f970cf,193418.38800000004,0.0,193418.38800000004,1998,1
0xbd239b67090f6fd626cc3d28b618497b07d5f290,233.61764,0.0,233.61764,3,1
0xbd38e12aabf142fee33fea4765c16731229dc10e,777661.5600000003,0.0,777661.5600000003,3996,1
0xbd3ba2c30643241661d27cc59f44aa8c49803a99,7.9,9.9,-2.0,2,1
0xbd4962f3e11700f524a563c334beea1349380d55,82.7861,12.32499999999996,70.46110000000004,6,2
0xbd503834197df34a514058729f7339886f029c6e,1.129963,0.0,1.129963,1,1
0xbd50bb3b22e375804a1646d1cd5a29be023c8703,12.999998,12.916599999999999,0.08339800000000075,2,1
0xbd5b28672cb9e2b73f03c13e0fc8309294b3b95e,187.04999199999997,138.61320999999998,48.436781999999994,12,4
0xbd7300aa41e10872069b855e67a6ca04c454d906,189525.18999999994,0.0,189525.18999999994,1999,1
0xbd817d1a552342fdd6b10350092a64bef39303ba,0.0,0.051000000000000004,-0.051000000000000004,1,1
0xbd86cf0dfb412a67821ae118f980cbbd9df5a630,28419.551999999992,0.0,28419.551999999992,7992,1
0xbdab9ab24ab70eddfeee9fa15851d4e5431ad41e,3.9998999999999993,0.0,3.9998999999999993,1,1
0xbdbd9dd379c2f356cb5348969bdc737128268d71,749.99999,0.0,749.99999,1,1
0xbdcf7dcee330b911e9e020f7f8a0b5eb513fea1a,44.878,0.0,44.878,10,2
0xbde7c7a200080588fb48e1018306f42882acd89d,4214.30148,0.0,4214.30148,1998,1
0xbdea2f8f8966599b7ae95949a4ff55a23dd6511e,284.33500000000004,0.0,284.33500000000004,3,1
0xbdf4672b86a07a337bd0b515408b71ea715926a8,0.9999680000000001,0.99485,0.005118000000000067,2,1
0xbdf4d3139ad3dae25b928eec72ebbe0c26f68fc2,2.9999999999997984,0.01,2.9899999999997986,2,1
0xbe1ee92c8c9e91d76c8575678694bd34216ae2c9,0.0,0.148,-0.148,1,1
0xbe1fb9a25d437c193a19c14bddf64ac2180b8c5a,0.02,0.0,0.02,1,1
0xbe2639b45659cb0b16731421444f16dfdb8b5c6b,1023.119901,485.60609999999997,537.5138010000001,9,1
0xbe30f9d3c383b9c92b4a620fb1b392630e24e53a,5.05994,5.04279,0.01715,2,1
0xbe32da5b87bb7e958ed5622fffbbf3b82577abed,50.82912,50.778240000000004,0.05087999999999937,2,1
0xbe365083c071a9b96aa5104e5e1774ac6839a391,0.02,0.0,0.02,1,1
0xbe48b0eb91251d75495097f68f9caf73e6ae5c58,1.7999429999999998,0.0,1.7999429999999998,1,1
0xbe4c5e706fbcfa72813dc4c59895faa6178d872a,14.019814,14.00376,0.016054000000000457,2,1
0xbe52d4508c3fe22618dd7a36786d4fe720e79174,189524.61999999997,0.0,189524.61999999997,2003,1
0xbe5d145d92de71b5ca18d587013a30f8322e84ff,1.89987,0.0,1.89987,1,1
0xbe634a698f60e021adef7c33e12dc09e1cf8218d,189429.89778000003,69.73955000000001,189360.15823000003,4010,1
0xbe655fc2d059148808c50c30088700c3cea1c6a9,0.49999999999999284,0.0,0.49999999999999284,1,1
0xbe6a3e045d3669ec6a817cc7b4271fef3e4027e9,377.90907599999935,276.03775999999937,101.87131599999998,8,1
0xbe710abd98946f64a384836085e0f6b06f22a41d,50.459489999999995,50.40898,0.050509999999995614,2,1
0xbe8e5eb992f5c7ab76988a6364435413b2fa0045,36.2,0.0,36.2,2,2
0xbea50745484873b778d81449131a1836f702420c,476247.91536000004,0.0,476247.91536000004,5994,1
0xbeb63d7f124b35f1b4eb5bba5ae3f5e2e7dc2d96,3.269993,3.2571,0.012893000000000043,2,1
0xbeb884b7c70a55f66b58f1e9113f8342109d80ac,27584.379999000004,22.655,27561.724999000005,2001,1
0xbeb98c739b6534a6850bb091dc413a6e94ecdb98,189430.37999999995,0.0,189430.37999999995,1998,1
0xbed01ae4caf3e55c39b22faacbd2920e496d0843,2701196.094005999,0.0,2701196.094005999,3996,1
0xbedce70fc65cf95c4a492125be9e8bce5e009818,1997.9640359999994,0.0,1997.9640359999994,1998,1
0xbef17862580a64ab765d22462d54a1e42cfe5ad1,2.0,0.0,2.0,1,1
0xbef566767f87d366052ca3fa3384c730136c7d16,376051.68307,19.92,376031.76307000004,6005,1
0xbf06dba9d8de2ea968633951fc1713fc77456653,0.199999,0.0,0.199999,1,1
0xbf285348956f0cfbc05826022f30cc3365d41775,769645.6639200001,0.0,769645.6639200001,3996,1
0xbf2dc7a9c914bbfebaf4dac9e070bee44d1c1c17,5.339312,0.0,5.339312,4,4
0xbf32757054c796672c48e7d0aa6fea6dab6a2339,17981.996004,17857.324800000002,124.6712039999984,3996,1
0xbf33ea18feb011d256a4a184a9181b9150611f68,17142.836004000004,8.570640000000001,17134.265364000003,1999,1
0xbf39d53f7ea84bec939dab826cb017e97a1d9f30,1.018,0.0,1.018,1,1
0xbf50cbdc96f93ca1da9375159bbeae18d6ee4559,98.99960399999999,0.0,98.99960399999999,1,1
0xbf51897c4efe520753f0f1c70a106ea9cc7bab87,1.999998,0.0,1.999998,1,1
0xbf580ead66f13b5ec5c7422f69005e1c93c2fd78,1889082.1250000005,0.0,1889082.1250000005,19985,1
0xbf78282f15166f376b9f6471689a7f0c92ebc8c4,4080176.711420001,3624374.19059,455802.5208300012,6010,3
0xbf81a71f65f11c2c6a783018c91cace07ca972ef,11.2634,11.25208,0.011320000000001329,2,1
0xbf8cfb56c263cb6995208e47e0f0744236b235ad,333028.67267999996,0.0,333028.67267999996,3998,1
0xbf8fb105dcd6ea12b95e47fd054ca8a46ea12adf,0.0,0.3,-0.3,1,1
0xbf9cdaa66b7333330485ddeda27d530d1a96a197,155.91899999999998,0.0,155.91899999999998,1999,2
0xbfa76983c84653cd63c0ffcacb742379440e3bf2,51.46999799999999,51.41352,0.05647799999999137,2,1
0xbfcffb6ecfb4c1fac9069dfee0496f96a0dc4505,10.999998,10.910919999999999,0.08907800000000066,3,1
0xbfd58c84099c151570e3f3785e020da96ebd5f17,9.99999,9.97997,0.020020000000000593,2,1
0xbffab8080c2ef60bf0a6610132c1a0049f7bb4d1,2.059998,2.0262,0.03379800000000044,2,1
0xc00c0f27ef4c5dd2cc2580dfedd4fef85cf6f072,7032.958001999998,0.24492,7032.7130819999975,1999,1
0xc00c8b05573476771958044ca2bbcf90158fcd15,26.648,0.0,26.648,4,1
0xc02144ff0b98a7ff6c96a587ffd4e30506d3c6c4,63079.498039999984,0.0,63079.498039999984,2003,1
0xc025d13dc9a4bcd5f80c3457ba006ae495957a7e,757626.4249999998,0.0,757626.4249999998,7995,1
0xc0272675675d5c905ba7a1abd6ef502e2be03310,7.888,7.888,0.0,2,1
0xc0272e7c4c62ec2d41cda74fc48ae1fac55e5cd5,10.999824,10.96272,0.037104000000001136,2,1
0xc032ef3d8763954fd4461d3c926b7fcd04276e4a,1437.1214399999994,1434.2443200000002,2.877119999999195,3996,1
0xc033ceae5df41fd6953a27bfc9582c2ce55a171a,748170.2408400002,0.0,748170.2408400002,3996,1
0xc03673afe0401c53b33d682b351e582ab1fe47f0,8.399999000000001,7.9056,0.49439900000000137,2,1
0xc03ededd71e06004d2e42986ecbc72fd888443ab,380814.88391999993,0.0,380814.88391999993,1998,1
0xc053ef70e394eeee27a56da21ffc41cbec20f4e7,378.765,71.2201,307.5449,5,1
0xc05a5f215f18929e1aeb171e74dcbc2034e20ae1,400004.20809900016,0.0,400004.20809900016,2004,3
0xc05e61fc1f1c99ed2485f8a81d8f636dc78eafb2,5689.598,33.898,5655.7,2,1
0xc06e9263b928b7f79f00bb75b3d12e7ac2f3d3fd,5655.686,0.0,5655.686,2,1
0xc0771ed4630e7154bd761fc5a2aede53f04797d5,0.0,8.955,-8.955,1,1
0xc08ec7ac0ba769c5e00d0017712e76767464a080,56839.103999999985,0.0,56839.103999999985,15984,1
0xc0b6c72aa5e29df0cf8301a67b8616e6aa44ae42,1137001.0208400004,387661.95000000007,749339.0708400003,7992,1
0xc0ced36f53cec04ec955f091ed3f8a41e6f5e3aa,146.4,0.0,146.4,8,3
0xc0d0190d5e0479a05c57ab12bd34d6c54062c1ce,29675.332150000002,0.0,29675.332150000002,4004,1
0xc0d1ddfe109a09e49fa6656c56a0288ede07d403,44484.824420000004,0.0,44484.824420000004,5998,1
0xc0e1e764aae164343d663c4ab65d15a3080701e4,0.169999,0.0,0.169999,1,1
0xc0e8fe18e4fa49f6f9a9a158913b1e3d11a13b61,5635.721,0.0,5635.721,2,1
0xc0f28665d0dc66de2c3b3b76ffdee913b04fe9bb,379049.6199999999,0.0,379049.6199999999,4002,1
0xc0fb131e1716b7b76c7c632d38f669c9cf625aff,7472.5120080000015,3.74523,7468.766778000001,3997,1
0xc12edb4401749faeb77f26bce24f800d2f4282f7,1.019998,0.0,1.019998,1,1
0xc130be5fba200d7a44ebeff0f12348011f2c1354,33.31,0.0,33.31,5,1
0xc13ffdff3450790826487bc027b23eb164bcbec7,94.81,0.0,94.81,1,1
0xc16cf18391134c57ebc2ce3c2e7600baf0475c53,0.999979,0.0,0.999979,1,1
0xc16d1c0e289e9662d8a725c3e43359aa0ebe65fb,2.999973,0.0,2.999973,1,1
0xc17304f0ba0d2b13eb1a6e50e8b046bcc081ebba,11.599388999999999,0.0,11.599388999999999,2,2
0xc1850e83c3f904cd67ccda3bde06a4732d122fea,118585.82052000001,0.0,118585.82052000001,15986,1
0xc186af6a4ff6d134530cf03cdc80f8949af1fc7c,5731.514,23.928,5707.586,2,1
0xc1920a51dc2f49a1a934791b389c8bcc6066ee3a,1.29997,0.0,1.29997,1,1
0xc1b8c09f482f16c6bfc70a599158b1bc5d9c8be5,90.05995999999999,0.0,90.05995999999999,1,1
0xc1b9583dc9e9f8eef1f0a818ff2d0d4c779e436e,2332984.6800000006,0.0,2332984.6800000006,11988,1
0xc1bbbeec4c5abab8676a0b4d4f8d2ff1374efa1a,102.88976600000001,52.77795,50.11181600000001,3,1
0xc1bcdb5ddf9e615ba08fcc7853bf22067f7ff79a,28.448,0.0,28.448,8,1
0xc1c5e56e302334473926a6da1fc3ddee2dac5d19,1.999998,0.0,1.999998,1,1
0xc1c99c9c19cef2f766005d9aaacaf22cbfba4c69,13.046940000000001,0.0,13.046940000000001,1,1
0xc1dc75dda2a8ce828f25a29cec9b383458b70791,1.9999989999999996,0.07664,1.9233589999999996,3,1
0xc1e546802ef7f19b76f755726a3c5a5145b3628e,388830.78000000014,0.0,388830.78000000014,1998,1
0xc1e555a0f8aea41fd851e5dca6277adb3bd3d0fa,199.87592400000003,0.0,199.87592400000003,1999,2
0xc1f70f634cf73bd8163b4dab61d5cf48a4bd2fa5,42639.99599999999,0.0,42639.99599999999,11991,1
0xc1fa1f883ef95e477f678a2415c2356cb3a26937,143859.40384,0.0,143859.40384,2003,1
0xc207191f7bb6ba281b18a699bd86bb8f58469aa8,13.324,0.0,13.324,2,1
0xc20b843716ea66491c5e450d5e15953e1f0fa959,98.99982600000001,0.0,98.99982600000001,1,1
0xc217ec3703d63ccf48cab39623ddcf701725501a,1.5999830000000002,0.0,1.5999830000000002,1,1
0xc219125994a7775573b7105dfab5484f5abac0ec,51528.41200799999,25583.19119999999,25945.220808000002,5994,1
0xc22a40a4b7f2d5f0c62202d0eb04c0b88eb29141,51.439509,51.38702,0.05248900000000134,2,1
0xc23589c16efc3232866b853254771b470bb5045f,0.0,1983.6743399999996,-1983.6743399999996,1998,1
0xc24b4cc16e5ed8e50974d09ea68a5eeefceae102,13.179998000000001,13.15748,0.022518000000001592,2,1
0xc2552118d25d7e02bf5739b37f90b6bb8d3c1400,9.99999,9.97997,0.020020000000000593,2,1
0xc260a24eac795629119ad0086b2c2fba18669db1,0.149995,0.0,0.149995,1,1
0xc272e5739216997c2a3f1f9a16a6a890fbe7c91c,1.0090000000000001,0.0,1.0090000000000001,1,1
0xc2731a78a5b819b4072f43ad25c752d14bd8e26f,2.3099980000000007,0.0,2.3099980000000007,1,1
0xc277abaeb44eb4797bbf8f52b5ec6c639c97dac9,0.0,2003.3146800000009,-2003.3146800000009,1998,1
0xc2981eace3b0a50aa2d1a1e60210ddc030c162c1,1997.8881119999996,0.0,1997.8881119999996,1998,1
0xc2a04ec9cc84ebe71c66928c44ab78b5b3050056,189.525,0.0,189.525,2,1
0xc2b4a5146656fe465cbcb688a641100030881b1e,51.129819,51.07764,0.05217899999999531,2,1
0xc2c4f60966c29b2de6f3082ded7ec3360c8d29f3,1.29978,0.0,1.29978,1,1
0xc2cfebdcbe7c202132d5f83a9b3e5e644df216c7,23975.944056000008,0.0,23975.944056000008,1998,1
0xc2d2f39e99df58d01f4df9bbb6501959d03ec62c,2.0,1.0,1.0,2,1
0xc2d646edeb9b2644be44d0cd9a3e8b4117759c32,663.48,0.0,663.48,7,1
0xc2db499cc444c2647b254365850976c50df08214,0.04,0.0,0.04,1,1
0xc2ec8fdf33c2aecf174e8674581c1e1131878358,189691.58615999995,0.0,189691.58615999995,2001,1
0xc2f729228f637b90482af5d52fb9c75a0b1c2a2e,956641.4400000001,0.0,956641.4400000001,9995,1
0xc30010a01644bdf4455de27563ecc6a410781720,1.259996,1.2257,0.03429599999999988,4,1
0xc3004bb7a1a9d6278933351e557c3a95e13ee5f0,1.1999980000000001,0.0,1.1999980000000001,1,1
0xc30d0f07a321f9b47e7fe1542d7f4858989412ef,3995.960040000001,0.0,3995.960040000001,1998,1
0xc31d7a798eaad8b0437e5784d262f83338456b1f,284.145,0.0,284.145,3,1
0xc32baf965bc22461fe922ca8f29a4dc70f9385f6,189809.61999999994,0.0,189809.61999999994,2002,1
0xc32dca8876d30171ed65c427ddc2d6c538bdd8ce,378860.7599999999,0.0,378860.7599999999,3996,1
0xc349145cbe33d39b39cfd2c165d2499740c7a6eb,51.269679,51.21736,0.05231899999999712,2,1
0xc34b22d9ce31cd8ec1d1f871931feb5b58f52d7d,9.965,4.98,4.984999999999999,3,1
0xc37b45527c89915987dd302b1ed2b3385e5d7487,3.9999979999999993,0.0,3.9999979999999993,1,1
0xc3961e74e90c24f4ec1711084f2e80d228001fe3,4.999960000000001,3.264,1.7359600000000008,2,1
0xc399144785ee75015b6ed4c662e8330be6b75a41,7.999968,7.98597,0.013997999999999955,2,1
0xc3a5e0f953b91851753e485eca1d6db20980be3e,0.0,0.084,-0.084,1,1
0xc3b07c0bf4f9968f8f82f1dea64720ea76c8575a,189335.18999999994,0.0,189335.18999999994,2001,1
0xc3b60394d186166c1b1b7d56330dc9308723703c,7.999998000000001,0.0,7.999998000000001,1,1
0xc3c01f7e7403bf7804e94a69b1371b51fb81ae13,1322681.4794,0.0,1322681.4794,13993,1
0xc3d58e24bda844117580db849818a7f234021623,0.0,18.924,-18.924,4,1
0xc3d88eb624604680b6be76163253e9f5739b69c8,13.199998,13.07775,0.1222480000000008,2,1
0xc3e546b52aedffc03ab0ed48bb95ecd4bf78aa04,0.999979,0.0,0.999979,1,1
0xc3faf2b3bcc7dc71b1225f836e4e1bcafde57bb6,0.0,363.32,-363.32,2,1
0xc4086b708cd3a50880b7069add1a1a80000f4675,677.3860000000001,4.319999999999999,673.066,7,4
0xc41198ef71f85b489ce1c6150733e5a7b824caa7,46.99999799999998,2.175959999999995,44.82403799999998,4,1
0xc412fdbe9956c2e242e8b45fae131c3e8598592d,0.0,659.17661,-659.17661,6,4
0xc4132c5db9641f4ec767b0812dafc7c32a45d702,3.0,0.0,3.0,1,1
0xc428fd1ed226c5bf19ec99d5b9647f16fb3b7eaf,0.699999,0.6708000000000001,0.029198999999999975,4,1
0xc432a8d89af503875ab434ea07defe030502dff7,1700410.2250000003,0.0,1700410.2250000003,17989,1
0xc46ae0812f0bf7002ac1700fe144a54704479dc8,0.0,0.33100000000000007,-0.33100000000000007,3,2
0xc46c6cdb01da78b0ab0165165ce4fd272219f7b9,24.999999999999968,0.0,24.999999999999968,1,1
0xc47121dcdfe6898564ce3873578cf64a5d6a308d,0.6,0.0,0.6,1,1
0xc47556e8dd8eec19f2a1143571d5b59d2a1a364d,3.9999989999999874,4.69682,-0.6968210000000123,8,2
0xc475bba98cc51197680a6e99e414c40d9ddf9c1b,250499.98766,0.0,250499.98766,4004,1
0xc47689d61ada7835413bf907703db0034c3a5dba,187372.39723,0.0,187372.39723,2003,1
0xc48d62a36510dbbca965d26573c3c1021d0b3e43,956450.0160000001,0.0,956450.0160000001,9993,1
0xc4963968b8cbeb09d521a2bd029211a5fde10f44,1.9999820000000004,0.0,1.9999820000000004,1,1
0xc49a1b8df21c33e80ac149b76fd79c5148e8985b,1.0050000000000001,0.0,1.0050000000000001,1,1
0xc4c11062d898718baee179b9f3a4721c62bda5a5,0.0,4.88,-4.88,1,1
0xc4d8c57794086edc7259bc2d7d9caa213dee5a7a,59.940000000000026,44.94,15.000000000000028,3997,1
0xc4f6df3333db57707ed114c62485800bb92e39d6,567911.52,0.0,567911.52,5994,1
0xc50e6e755ad59a1bf9bc512be77240ec42cda0e6,235.499265,235.25853999999998,0.24072500000002606,2,1
0xc529f3fb58f3ec3d1cbeb511d3ac658896e071e2,4.99,0.0,4.99,1,1
0xc52e58be7573cb615f29bed232dfc3df7546ade0,21314.664,0.0,21314.664,5994,1
0xc53263ee9f4b7621ef9ebf7349b12a2aeab086a4,0.11999900000000001,0.0,0.11999900000000001,1,1
0xc54ba95be70e4ad30f79300dced3a1347462d6a2,26.648,0.0,26.648,4,1
0xc5549ecbfc0e908e446d1c32074222198738b1ea,0.9999979999999999,0.0,0.9999979999999999,1,1
0xc5590fae755321bab99d4d683759564bef9261da,11.79,11.77652,0.013479999999999492,2,1
0xc55b995a672719682fd3dce7edac3e786052f7ff,672.26117,0.0,672.26117,10,1
0xc56542c004e19b40b3ea7034c93bbd50bda6307f,6.999997999999999,0.0,6.999997999999999,1,1
0xc56a1292abed8e48c160a7f76432f323e405f067,761629.7678399999,0.0,761629.7678399999,3996,1
0xc56e0e0df6c421bc4facb279b5bb2bb146e5412d,5.15484,0.0,5.15484,1,1
0xc579d6dfe59f5052f1d5de3cdf382543250b88c5,1555323.1200000006,0.0,1555323.1200000006,7992,1
0xc58631ac2c38af6e6a8ef2641b0870ee1181a01d,568.385,0.0,568.385,6,1
0xc5925edcf0dabaf7acda3ba36e3540d86d698ddb,537.999462,536.91441,1.0850520000000188,2,1
0xc59b85c8038afb908944b69043d21fb87ccf6647,498.4607500000001,5.84004,492.6207100000001,96,4
0xc5a037f78ee6e3962327110ec7ba5c2058617e80,1.2999539999999998,0.0,1.2999539999999998,1,1
0xc5a2c089c16d91d716783fd54e97e61b23054bbf,3.4799990000000003,3.3264,0.15359900000000026,2,1
0xc5b4938d508a150fba2aad2a22b6a6c8a6f552e0,15983.996004000004,15888.855240000003,95.14076400000158,3996,1
0xc5b9ad5b6e98851187c42a0aeefb6be75710e94f,189524.80999999997,0.0,189524.80999999997,2003,1
0xc5c5fa22f9962e19f5bf70f371822f7b0a5e00a9,1.1399029999999999,0.0,1.1399029999999999,1,1
0xc5f6014dfc8f1addbe19de8b1bafd9fdcc77e532,189.525,0.0,189.525,2,1
0xc602e34792d9a5e129f3404daef2df43d1d37fc1,0.0,67.8461,-67.8461,3,2
0xc60a83f1f74a92d6693f5f709957113dfcdcf971,10.999916,0.0,10.999916,1,1
0xc613e6707bd115e5c04d303d944568232697662b,2.1774199999999997,2.87997,-0.7025500000000005,9,7
0xc61b59c7040b99f2151964bc874e717c65ee0979,3.4096670000000002,0.0,3.4096670000000002,1,1
0xc62dbdbb9b65dbd1c894472491677b6d26dbf311,51.879998,51.82188,0.058118000000000336,2,1
0xc6307552a29e00e2c89f67d031079902100ed968,94.81,0.0,94.81,1,1
0xc63574d50c47fe3645ec9029034abce419c7c92b,0.049996000000000006,0.0,0.049996000000000006,5,4
0xc647e048b6dd426d754887ad6e14b532c8605d3e,21.598380000000002,21.57676,0.021620000000002193,2,1
0xc649cc8801e61badccb3c3fb5ecb4279ee760852,1.3698780000000002,1.3604100000000001,0.009468000000000032,2,1
0xc6586f12d32a1f743782fc2a3bd747d7d392d861,2657.3399999999992,1.8791,2655.460899999999,1999,1
0xc6587b11a2209e46dfe3928b31c5514a8e33b784,11571128.582070002,0.0,11571128.582070002,1999,1
0xc668645cbaeb36f4183433566dbb3c3ce01479c1,1.469998,1.45971,0.010287999999999853,2,1
0xc674d6b899ff80ae439b3b2c076d042ca2abe529,388830.78000000014,0.0,388830.78000000014,1998,1
0xc67d4e03692acc0e5233f39db2d939e3e4477988,2.0,1.0,1.0,4,1
0xc684828f6b03487759ced2ebdd975f91f3532228,624.79,27.0,597.79,7,2
0xc68be3dbcfca829bb29adcf89a89f62da6f9db1b,0.13,0.12480000000000001,0.005199999999999996,2,1
0xc698eb97eb8e718dee22ad80a6f9ebcd948685a6,19.669812999999998,0.0,19.669812999999998,1,1
0xc6a2ce88ff5ab600762af01ccd47bc0fa2585ca6,0.0,1993.1248799999998,-1993.1248799999998,1998,1
0xc6b62c899d2326d550b55627266358f857e7fa67,3.0,1.5,1.5,2,1
0xc6dcafa3cba258c0e8bccc0975b8ec9a5482aa57,74120.29056000001,0.0,74120.29056000001,9992,1
0xc6e00d452bb421616deb318bc66246f4ebabf0ae,6010.984,0.0,6010.984,2,1
0xc6e1b01850d0a21011b705b199a8b93eb73d6566,9.999997,0.0,9.999997,1,1
0xc6e7c3f24302a3b160d487daeb7384a3e32aaf0b,12.19556,0.0,12.19556,1,1
0xc6ef44fffcacf73788fec7f3a98b5d2bb037a04c,5.359998,5.337689999999999,0.02230800000000066,2,1
0xc6f11816fd10c945c75b34b9ec217a9960c29eb6,4.889975,4.875780000000001,0.01419499999999907,2,1
0xc70128eea6f9fe8f684a35fe9af285fb24c0920e,220.9999989999999,0.0,220.9999989999999,2,2
0xc7153c2a9dca74a4124470249715a350b7525764,189714.80999999994,0.0,189714.80999999994,2001,1
0xc727766c6e5e6ac3c4a3022ca8f154fc965493cf,10.659998000000002,10.6134,0.04659800000000125,2,1
0xc73e85f5a7e0dbcc2f40d6b1ba324c52d32dbd55,6.674,0.0,6.674,1,1
0xc75b2a8167626e146dfb38fec4f3fb2ba487a0ce,0.04,0.0,0.04,2,1
0xc764fb8814249dca43e52ae34b127cba56f311f1,4.999999,0.0,4.999999,1,1
0xc77aea4145822cb863aba3f22255900b1d17c1ae,379050.3799999999,0.0,379050.3799999999,3998,1
0xc7aa7350955ddaa7490173a0302eeb7c177f6a05,0.8199980000000001,0.28840000000000005,0.531598,2,1
0xc7b10087ef1c1dfc2a0701365f09f43195422cf1,333384.68883999996,0.0,333384.68883999996,4002,1
0xc7b104c954f4b1ed436880469db786fbaac07f9b,50.0,50.147400000000005,-0.14740000000000464,2,1
0xc7ba6db371cd5adcc4a7230c1775fd9162e61c1d,55.199920000000006,0.45914,54.74078000000001,4,1
0xc7c1e0fc745786bd4fefeee53136a0dfb00458c6,4.999998000000001,0.0,4.999998000000001,1,1
0xc7c52339a2a13b25b0f66566f0a02eb81d5e4052,10.0,3.69348,6.30652,2,1
0xc7c85607f45cca474874f1bd365d397caff18fa0,0.0,8.874,-8.874,1,1
0xc7d8e9772b9aaacfc3f30503a8c01ea9147f5fba,0.8599979999999998,0.0,0.8599979999999998,1,1
0xc7d946d40a4ad6c155463d3e3e277f6151e35ce1,0.0,7.888,-7.888,1,1
0xc7ddf743ff17ac53fe4c78d7147bdc5df745ecb3,187318.11206,23.671049999999997,187294.44101,2003,1
0xc7f97fbc2298dd6ebfac7a73ff3a59cb875c2301,191.78999800000003,19.32,172.46999800000003,7,1
0xc815fefee34aad068c6084ffc93deba44c07454b,189714.71499999994,0.0,189714.71499999994,2001,1
0xc82a2fdbadfb04e23b65cb779518ebe354f8cfd2,568.1949999999999,0.0,568.1949999999999,6,1
0xc84e22d8a3931fb2f4f4702fdb3f456b340942f0,0.6699449999999999,0.65057,0.01937499999999992,2,1
0xc85d86f59a69fe9029c785e7d9e960d4ba64b6ce,0.9999979999999999,0.0,0.9999979999999999,1,1
0xc85e43298a67f9aac814b10a7f36d4c391d4c91d,94.62,0.0,94.62,1,1
0xc86c7249954df799decb668b84ecc40be1e519b3,6.9999980000000015,0.0,6.9999980000000015,1,1
0xc870e5bdd72790d41535634810400f2bc6f5b33a,23975.996004,23868.507600000004,107.48840399999608,3996,1
0xc8803b19400bb72fa5d1eb0feb1e6223b10822b7,0.01,0.0,0.01,1,1
0xc88c2943529f653aa693b679ff6b7ca0629c39a2,0.9999909999999999,0.996,0.003990999999999856,2,1
0xc89ca109c416ab00d5084f4a3262e6e04c11b3e1,380814.88391999993,0.0,380814.88391999993,1998,1
0xc8a0a3caef0128b18d622eaebe80da6cfc99b509,38761.144056000005,0.0,38761.144056000005,1998,1
0xc8a6be1b214a3710055d258fdf4d26e94085ab94,56839.103999999985,0.0,56839.103999999985,15984,1
0xc8c0dab3495e94807191c37e6afbc7ecf5a70aa4,189714.23999999996,0.0,189714.23999999996,2005,1
0xc8c1ae8bec4d474c79d451190dd1d7c8d4fa118c,0.0,8.897,-8.897,2,2
0xc8ed5e1d3c7f1a188ffdb6b5c2d514ebd6dabb15,10.218,0.0,10.218,2,2
0xc8edad5fd784be9f0de2ceaec6ae2303107ba026,1.2499909999999999,1.2183000000000002,0.03169099999999969,2,1
0xc8f3c72ff2a7e9a4ffb2fcc4e5182c8a0e51c34f,1338915.168,0.0,1338915.168,13989,1
0xc90f6488482885029d76bb3fc45c106fd4d9f42d,0.9999680000000001,0.99384,0.006128000000000133,2,1
0xc91e55424eb07d62148fa087ef10b6962a1b2eb4,12.999979,0.0,12.999979,1,1
0xc92055e70e3dceea7dd798b5021e6b0fd71b9a1c,8.999998999999999,30.37837,-21.378371,2,1
0xc930ddcfcdd9b316e06165bacc1f4839141c9ed4,3763.9387789999932,83.01467999999892,3680.9240989999944,75,6
0xc934deec480b83d8c45d1c895fb1bb34896eeb1c,189430.19,0.0,189430.19,2000,1
0xc93d84ea1b76827ea610b4d60dd8eb5960dcb1ec,0.0,0.16,-0.16,1,1
0xc943e6894c58c6dbefd13372dd67b0c9f4bd4a43,944871.9000000001,0.0,944871.9000000001,9996,1
0xc9520d0c0ec2ca3dc7384634eb0f31ba797b181a,8.99992,0.0,8.99992,1,1
0xc95a8d56b73e2e100807481a1582aa27dfdcee11,1.319995,1.302,0.017994999999999983,2,1
0xc95c799fc7f181bce06f8a5677f300efea56cef3,105307.18340400001,4.0,105303.18340400001,9991,1
0xc95df9f7c402b34743e919bc47de9c86e08b6631,945533.5750000002,0.0,945533.5750000002,10003,1
0xc962e088a022eebe51c25c2419047448173e0aa8,219835.256002,206449.73940000002,13385.516601999989,7994,1
0xc96ac4f78b47941b2c8dc216c611f58904062080,4.779926000000001,4.76721,0.012716000000000172,2,1
0xc96c152f9d913d44f6235b985825fc5baad2241f,0.9999909999999999,0.995,0.004990999999999857,2,1
0xc97128d47fbc221c17ddb9ed20c005d494437bb2,9.999998,9.853200000000001,0.14679799999999865,2,1
0xc97d55697512187001ee0c993412d57232d1732b,271.918,0.0,271.918,3,1
0xc97dcc24224ed5ce9f8789e7887cb87751ff0954,21.25464,0.0,21.25464,1,1
0xc988ccaf15c318dfd45e0cb5f72c674050bf8ee8,0.129987,0.0,0.129987,1,1
0xc9986abdb88092ccadd588af99a6f1d7013ee283,1721763.168,0.0,1721763.168,17989,1
0xc9bf195b1252bf3b5e2202b49d8f6df577913e81,2.789999,2.542,0.24799900000000008,2,1
0xc9c87ff8d4d7772e72febd470ecc2356b5c1d90f,42629.327999999994,0.0,42629.327999999994,11988,1
0xc9dbeb9cb902cb9cd28df83ca956e196fe711c50,24.99999899999993,18.348089999999956,6.651908999999975,2,1
0xc9dde41b32e46c2a32bc2a786f09bf28f0b22ba8,1.679929,0.0,1.679929,1,1
0xc9ec36c7646e61a499acad8ff72513c4b106fe60,0.15999799999999997,0.15952,0.00047799999999997844,2,1
0xc9f5223a6750b62cbfe78f0c0a3b9882b345e022,0.5799989999999996,0.0,0.5799989999999996,1,1
0xc9fe0436cd2283c72df87b67a3683abfdba7d2ac,60.939,60.878,0.06099999999999994,2,1
0xca1d84db4b2219500b2dd8ca56443a3a07f8cf8e,16.999998,16.97586,0.02413800000000066,2,1
0xca2140928f98c106490654bc89eac370d62ccc57,20.01,0.0,20.01,3,1
0xca24e742b2d2c17f3487af317d2b930a5a9eaa13,16.239998,15.710499999999998,0.529498000000002,2,1
0xca25e79963aa6b943534d88d30792c40095e8ac0,51.119829,51.067660000000004,0.052168999999999244,2,1
0xca2835975d5ee4ab0a429e2601ee716392edac13,0.0,534943.4011199998,-534943.4011199998,1998,1
0xca28b087ba30fde88027547c8a65bd2e73339eeb,17981.928072000006,17911.9701,69.95797200000743,3996,1
0xca354f708791cd76d02d03829cba7cff521dac1c,189714.80999999994,0.0,189714.80999999994,2001,1
0xca549b597376323ddaf4991d3f298835944ff7ad,11.439998000000001,11.3652,0.07479800000000125,2,1
0xca6615f6b8fc95d35b62f8c3e0c01b2116d2d35f,21.999996,0.0,21.999996,2,2
0xca6bb016486a27c0d20667bc41f29e9a2895f285,5.1299459999999995,5.1116,0.018345999999999307,2,1
0xca7431c48da1983ffac04360e72103bcd3807cab,15.999998000000001,15.93376,0.06623800000000202,2,1
0xca7552639a1ae30956a502b2ef6dcc9af55b2cdd,187123.63115,0.0,187123.63115,2000,1
0xca7a93b36f997fb95e760996ff7bae950a825b29,663.6700000000001,0.0,663.6700000000001,7,1
0xca8387a7b5fe9a327a88378fea8fd8a2e1d5a460,7126.223999999998,0.0,7126.223999999998,2004,1
0xca87c3ed0ba3211e7a90d51b698ca6a0017058dd,21314.664,0.0,21314.664,5994,1
0xca88e9cbdc86429409cce0874f2488bac44f664a,0.04,0.0,0.04,2,2
0xca89f09481b48774ce6897d672a680bbe4bbe7c4,1133915.1494000002,0.0,1133915.1494000002,11996,1
0xca9118c5790902d3b8f4e2e5c46454fea4de6ec8,25973.856144000005,25840.014120000003,133.8420240000014,3996,1
0xca927f9fbb395d68345d598a3d0b003d8b489239,94.81,0.0,94.81,1,1
0xcaa9dca2c67074790ce13e85412e6e7b4058a6f9,187220.40653999997,0.0,187220.40653999997,2003,1
0xcaaba517662abc0321465a68979f8bbfd8edb227,98.999998,0.0,98.999998,1,1
0xcaadce031855d1f54d905683125c7957460d432a,573984.8640000001,0.0,573984.8640000001,5997,1
0xcab1b25a385eafc304b4f3b1b0b4cc1e3c42e2d2,0.999984,0.0,0.999984,1,1
0xcab1cda502a8bab4246173baf54b6be0460bc06f,0.17,0.1638,0.006200000000000011,2,1
0xcab67b85069f11d51b413e332cb5bf069376f3ff,0.999998,0.0,0.999998,1,1
0xcab684053e39ef50b53b7c77efb5e264b93222a6,0.0,0.996,-0.996,1,1
0xcab86679648b91f837c7db5009af90e0913329f3,9271.324240000002,106000.09423999998,-96728.76999999997,10035,6
0xcabfd7ac3b0123e5743c4d781de0338f85939d52,10.449997999999999,10.397799999999998,0.05219800000000063,2,1
0xcac63528aef65502ebbc20e5814527d22d757aa4,0.0,0.02,-0.02,1,1
0xcacef912c683c13f8d9ec09b2ab4006a5cea1807,0.999999,0.0,0.999999,1,1
0xcacf0040b560210f2d55e24f16b108e2e51edf2b,1997.998001999999,1992.0059999999999,5.992001999999047,3996,1
0xcaf626b5f2ca98fe4bfae06953674121cf72cb30,14.99997,14.946959999999999,0.053010000000000446,2,1
0xcaf97482f28d8b44c3e199192bace3af12533e93,1.1299219999999999,0.0,1.1299219999999999,1,1
0xcb1655012006a51cc633e8623ec61313ed6358da,279.7160040000001,0.0,279.7160040000001,1998,1
0xcb2fd9ba91094920236cc44cfccd43bc79bf454f,4535.426034,4512.6828000000005,22.743233999999575,3996,1
0xcb3099d9cc89a2a1553fd55c7f9f5d3bfbce2ae7,29661.97374,0.0,29661.97374,4001,1
0xcb33d723705f7f3ac7b952ef2c9313303f6e1f6f,378860.57,0.0,378860.57,3998,1
0xcb33fa1aa2accd00e534957bb5c81bee8e4ecb44,0.04,0.0,0.04,2,2
0xcb4e94808da6e71ad635dfd12c1b1722058d952a,5695.586,17.946,5677.64,2,1
0xcb5073cb7c40765ed7380ea121cd754dbeae7bfc,0.0,5.976,-5.976,1,1
0xcb5353364fa5fc4f219b12957490416ab14da40c,3.679998999999999,3.5706,0.10939899999999891,2,1
0xcb636e66fe89038ef9c805d0876c6c29339858a1,0.9999889999999999,0.9737000000000001,0.026288999999999785,2,1
0xcb7230aaba38926e41faed6379bb0a59f9a46020,10.999998,0.0,10.999998,1,1
0xcb7e81876653141527bb988adf3d206bf216bbe5,0.9999419999999998,0.0,0.9999419999999998,1,1
0xcb880149a3e82df4905ba86823696b499850d52f,1339010.8800000001,0.0,1339010.8800000001,13990,1
0xcb8b97ba36be13c1fed6d53ca8e8f96df1e6f69b,48.079851999999995,47.83702000000001,0.24283199999998573,2,1
0xcb8c682f2c66f32fd5905d75e19c20ea431ada74,1.359964,1.3316400000000002,0.028323999999999794,2,1
0xcbb2c463bbe64ed8f82b23ca9dff6a5be5aa501c,0.9399660000000001,0.9309999999999999,0.00896600000000014,2,1
0xcbba64cddd05171925ffd05d8f8abd38c83fdbff,0.0,0.60939,-0.60939,1,1
0xcbc06882a83db2348ebff0511fdccf1cc7bd7ce8,98.99982600000001,0.0,98.99982600000001,1,1
0xcbcc1e3a2b3ffb16333307969c6bc4a6e839edc9,4.999999,4.8552,0.1447989999999999,2,1
0xcbd30d1ea1d70e0a239260db4d0431a2c8fc5ac4,9820.170000000002,0.0,9820.170000000002,1998,1
0xcbe29caa7d41e2ce130046960b986b7412460efd,0.9999990000000001,0.0,0.9999990000000001,1,1
0xcbe31a11d32e69bb3c71cdea685ad116a95791e7,0.919998,0.0,0.919998,1,1
0xcbecf60dbbb0e6fe57ec174d9109b09a5787e99b,4.0,0.0,4.0,2,1
0xcc16959dbdf1079975ff3063b06a21e08097065f,0.399999,0.0,0.399999,1,1
0xcc16abfd6e8450058d537a707aeca1fa5e6dcdd6,7.112,0.0,7.112,2,1
0xcc1af80f4f268f0b0fe58ce80a6a16f9ebbe2431,0.0,9.025,-9.025,2,1
0xcc1b91317718c4c028a9b94a05a62457d8a46fe6,1.1399979999999998,0.0,1.1399979999999998,1,1
0xcc21a356dad9679cd001d647c011785b9d67398b,189429.99999999997,0.0,189429.99999999997,2002,1
0xcc2361bf21a2fffca18825a1dbaf5adf5ecb8cfc,4.999995,4.99,0.009994999999999976,2,1
0xcc2458e365bfe5568d394e0bb1e6730481f38e19,509489.8201799999,505236.03822000016,4253.78195999976,7992,1
0xcc67bfb83633f497482d672ad0dddf4e9ee11fcc,1.999977,0.0,1.999977,2,1
0xcc76a2fbc75fff0fa856401cc7950b97a8c093b9,5960.074,0.0,5960.074,2,1
0xcc7acceed7b804b248005b5668db20cb2016d53d,1.999999,0.0,1.999999,1,1
0xcc7d49b8efd36b54f8e679b2ff627d0fbd3ef478,0.04,0.0,0.04,2,1
0xcc80d2fe211ec3308012f782577254b0e3772bc1,8.5,0.0,8.5,1,1
0xcc874df63b59e49615ac4f69d8e62b4a6b55d99e,50.82912,50.778240000000004,0.05087999999999937,2,1
0xcc896af617fcd1d73185f2f6bcbc9192afc695a1,1322586.9544000002,0.0,1322586.9544000002,13992,1
0xcc8aa6751771ace05e5beb645bcca652f7ea5151,0.9999979999999997,0.0,0.9999979999999997,1,1
0xcca0d685c3c78b19441d7237332bfb03073f2e37,13.399587,0.0,13.399587,1,1
0xcca30983a7530a53bccdd77a6bd3f5fad2e5f457,0.999984,0.0,0.999984,1,1
0xccac86080ebe1c9fbb47e980717a93f2981865f4,60619.21210799999,30023.60633999999,30595.605768,5994,1
0xccae9e60227c8b554582595b57ce05ef75152568,13117.075961999994,13084.287359999998,32.78860199999508,3998,1
0xccb094cfd32e088e9ffc999d5a7e23f2f1257b12,0.519999,0.0,0.519999,1,1
0xccbdc7377a9129cdc57b3c3f9064e8a86656aff0,0.999984,0.0,0.999984,1,1
0xccbfc25ff508c0a6626ef2e3c861194d2f24dce5,16.999921,0.0,16.999921,1,1
0xccd1859fa76e055ee45e0c56ca2bfad37152335d,0.0,0.114,-0.114,1,1
0xccd24720894804f6c81e21415d8df70190e31434,51.499449,51.4469,0.05254899999999907,2,1
0xcce35259bd7a54d36acfcf7669721f5423016190,567528.0999999999,0.0,567528.0999999999,6004,1
0xcce78cf4571c3905d6e49ec076a225b6acc11292,6.3180000000000005,0.0,6.3180000000000005,1,1
0xcceb22d524e186153cffe79f13c0aeb75889f030,0.0,152.92000000000002,-152.92000000000002,2,1
0xccee378668caeca44a4e9db94d8e43fbf573b46b,18.999892,18.9783,0.02159199999999828,2,1
0xcd129683bc0ed5daaa15c94f5bdba9c730b1031c,777661.5600000003,0.0,777661.5600000003,3996,1
0xcd17160d2584da2253e62a905d9771242655612d,0.35999900000000007,0.38417999999999997,-0.024180999999999897,2,1
0xcd25db3e52a8fe8aeec4ecc5058face79fa5dc2a,31.47988,0.0,31.47988,1,1
0xcd25f9323643c533928f5a98bd43d752e154dac8,0.8799779999999999,0.87384,0.006137999999999977,2,1
0xcd2a4a2497e63b30c59a45e1c9bb2aac8a40885c,50.10984,50.05967999999999,0.05016000000000531,2,1
0xcd2fe99682a927a5f1ee7b687c9b16e269d5a0d1,21.336000000000002,0.0,21.336000000000002,6,1
0xcd3533a498a8a3f2c9f149073321cecf2d550386,68.931,68.862,0.06900000000000261,2,1
0xcd3589101b7b31810788a026cef41a0b83fc113e,59.999998,0.0,59.999998,1,1
0xcd3b5979bffe80c6293f6f18ca04c37f80e8c3e2,9.399999999999999,0.26,9.139999999999999,2,2
0xcd3cc1faf504db0b33dba6ec7a5e804061c0e3d7,5.989995,5.97135,0.018645000000000245,2,1
0xcd48eb8917a815c0e418f044d55b5450da787ba9,3.989645,0.0,3.989645,3,3
0xcd52e0c911283def64bda4dbf78ecc0089e6bb59,10.999998000000001,0.0,10.999998000000001,2,2
0xcd66b6c7a3e2245c16d3a43db2c275495d47bd47,4.989998000000001,5.01465,-0.024651999999998786,2,1
0xcd7c259a31c8a54c1bc4699e0a76caa42a5dcbde,5.709946,5.69499,0.014956000000000635,2,1
0xcd7cf4fddaf3aa67306100d9a3f7e1ec9b43252b,4.99995,0.0,4.99995,1,1
0xcd7ee4237f0d2f52eda22f56db7b57b6cda0f302,7104.887999999999,0.0,7104.887999999999,1998,1
0xcd805e1720fddea4b1874a2fb790916146967e2c,14.999997999999998,0.0,14.999997999999998,1,1
0xcd848fef16134e0c654b3c43e4eb1da6be3e00c2,14125.856003999997,14093.772119999998,32.08388399999967,3996,1
0xcd885be3c22ad13a43fac42b29a5894a8617a28a,38561.32807199999,0.0,38561.32807199999,1998,1
0xcd8d212d5072a70e84698da7d2250d366c028676,761629.7678399999,0.0,761629.7678399999,3996,1
0xcd9846970d9c54008c93729f5116af36a033129c,11987.996004000002,0.0,11987.996004000002,1998,1
0xcda658c54a16c7a3d7032820d75081ab65af72bf,10.97586,0.0,10.97586,3,1
0xcdac4c80d7da1f40dddf63a204eb8322f2b074c1,777661.5600000003,0.0,777661.5600000003,3996,1
0xcdbce5e318fe03137f3f0bfe55a06d39f3a4149f,711984.1476799999,0.0,711984.1476799999,7995,1
0xcdbfdac42aeac5837d105e255c1131e7bf751926,315.0,104.77350000000001,210.2265,6,2
0xcdc8c43fbfb0eaa19b043d9877d9d4df649717f4,13.44,13.426,0.013999999999999346,2,1
0xce0b69b1396faccbb8bd9fa51322db6e6df5d0e0,1.008,0.0,1.008,1,1
0xce16e7a8e5e44d3a3f6d0c42005144882b3ee9a0,0.9390599999999999,0.93812,0.0009399999999999409,2,1
0xce2b0bf396b1cbc4d54356972da4bd2b36f514be,2.97,2.376,0.5940000000000003,2,1
0xce34dff3536baf0a80e7a7de84763e2ce301b281,0.9999989999999997,0.0,0.9999989999999997,1,1
0xce434ec70fbae808e82836b0491d72c8cf7e3268,0.02,0.0,0.02,1,1
0xce4a39d6363acbc2ce40b80ade5357812203c1d5,8.889932,8.8704,0.019531999999999883,2,1
0xce4e05a9a0f6a4fe0bd6be83391d1f8e1d761029,7.904,7.904,0.0,2,1
0xce504c427b4021c6a2b1cbca45357ab4b61d886f,51.189998,51.134640000000005,0.05535799999999824,2,1
0xce6bcb5c9aa9cb06d274b86e4ee0c7f7da969d4e,0.9999680000000001,0.0,0.9999680000000001,1,1
0xce6c07fb94d7d514194c199f268492fa76964b85,2.9999949999999997,0.0,2.9999949999999997,1,1
0xce77db2c42e6f6a7eeb94ee6f0fcf97492941ab8,734.78116,0.0,734.78116,8,1
0xce82e23ebb00be564c2ec353e3bc49d854fc3244,0.0,0.351,-0.351,2,2
0xce838e6e96cf005cbe3585cff0ef73046520a0c4,0.0,13.937999999999999,-13.937999999999999,2,1
0xce89e0926a835816f49725c30684780ad6888563,0.13999999999999999,0.13649999999999998,0.003500000000000003,2,1
0xce8a53c7a3f771fccb23d99e84ec7da7ef1cf777,567244.5249999999,0.0,567244.5249999999,6001,1
0xce8cb075b4b13664545e3d68d1d815dd6ec52b65,379050.3799999999,0.0,379050.3799999999,3998,1
0xce93c4e7c6d0d347473c310d028309fd34fe8f7d,51.849099,51.7962,0.05289900000000358,2,1
0xceb45574fc749d1bad9174feed405ff8647d1569,0.039998000000000006,0.0,0.039998000000000006,4,4
0xcebbb3a968d2f09524dbc4af819ed34d7f355b20,1.179984,0.0,1.179984,1,1
0xcedc2966cd588f275d7d05b08b11bac06ca50235,187.53,0.0,187.53,2,1
0xcef015ee5e82faaca4cd4cc064009a3aef09f194,777661.5600000003,0.0,777661.5600000003,3996,1
0xcf0d7f69cf162918b33fc1ea7449583fa537132d,2699251.00025,2000132.3838300004,699118.6164199996,8004,7
0xcf1e16c1b3880a3ee35e507923e8518e56029b17,5.0,0.0,5.0,1,1
0xcf30a542001204dd0ba4e6cb8b378ee87e77803b,12.76722,0.0,12.76722,1,1
0xcf3f3d914f3c2041d136ed31df9c095e8c5fb163,10.6326,0.0,10.6326,1,1
0xcf60e0af3ee78076faa9344920d8979ca1ae81b2,777661.5600000003,0.0,777661.5600000003,3996,1
0xcf8fb04f8895e778cc4fcdb8fe78b4de3dc41f25,2.1598379999999997,0.0,2.1598379999999997,1,1
0xcf9c62635c5195e302742481fc59d8e05da1d94c,0.9999990000000001,0.0,0.9999990000000001,1,1
0xcfa713162133afed332e23c18f7786b4ff537c43,0.469839,0.46670999999999996,0.0031290000000000484,2,1
0xcfb183622c7922092bccef457ef801307de1ff1b,3923.4613,5108.02606,-1184.5647600000002,7,2
0xcfb4024f2c42627de5f20206fc2a9128463705da,1.749924,0.0,1.749924,1,1
0xcfc302e5d71062b2cd2d50c15041424c9c2da6b0,5.799998,0.0,5.799998,1,1
0xcfc38c705dd27e86fead5a9145480671e4abaea0,0.669998,0.0,0.669998,1,1
0xcfc46c9cf2c20662ac845a51354c5ff7343cdf47,777661.5600000003,0.0,777661.5600000003,3996,1
0xcfc5ada8f696770ce73376ae6cfe9b7f90b3f4af,24.999999999999922,160.66384999999997,-135.66385000000005,4,2
0xcfc8ce1c9fcfaa3d03e382fdd29539ac2e7b5b76,3.2,0.0,3.2,1,1
0xcfcc21aa48a549f09ad21f592902514ee337464e,63292.36514000001,0.0,63292.36514000001,2005,1
0xcfcdc384597b5e9e9fb5c8886f4b6114ae6e62d4,189619.80999999994,0.0,189619.80999999994,2000,1
0xcfd57bb167c72cbdba6322772b5c817b964afc44,117.699996,152.29908999999998,-34.59909399999998,5,1
0xcfd7ac58e376b753c2ecc44c7f1ed13755d6c416,51.64999800000001,51.5928,0.05719800000001385,2,1
0xcfe6f6bcf22175a40fb168e33899146865f1f203,26.454,0.0,26.454,3,2
0xcff1d6123cf0f1d7e4f1696c7accc9090bd8c913,0.0,4.985,-4.985,1,1
0xd027b92806da3fbb393866929f178daa3cbe992b,1.2999999999999716,0.0,1.2999999999999716,1,1
0xd02ae24efce5ef1b042dadad4a2325d19dc0aa03,14.999985,12.8775,2.122485000000001,2,1
0xd03e91a80a8a5c951449e074ff542620edfbabe5,19.999999,19.7736,0.22639900000000068,2,1
0xd050150e4a2aba949ff9745966b2f1f8e93cd61e,83.496,0.0,83.496,1,1
0xd066e6906858be3d6ee4fb93f44a01976404858c,20.999896000000003,0.0,20.999896000000003,1,1
0xd06e56a8914b0828b677dc2ea6cabb32edebf1d8,39.44,0.0,39.44,1,1
0xd06fae3a2146c0748207db11eabda12d8bdd584f,23.170279999999998,0.0,23.170279999999998,1,1
0xd09f39295d90566bfa05a3f625e920dcac7baee4,26.869998000000002,26.75726,0.11273800000000378,2,1
0xd0bf358d1754facbb91368917df77a0010cf2b55,42629.327999999994,0.0,42629.327999999994,11988,1
0xd0cef851526ccff772e29f5a3239906cba57b8e2,51.719229,51.66646,0.052768999999997845,2,1
0xd0eff1b43480207e923467f816aa51e0b0f7df1e,388830.78000000014,0.0,388830.78000000014,1998,1
0xd0f95064cc176ae3393b2701409b55a9848ad8ae,0.01,0.0,0.01,1,1
0xd102550c772b02d966674318ded5b767d232b7a7,0.139999,0.132,0.007999000000000006,2,1
0xd116b4c46e4a88945454cc919dbaac92885b78ee,25.5,0.0,25.5,1,1
0xd120b2243743957c8065c892a9cf31bdf75429e2,101017.66122,100815.42366,202.23755999999412,3996,1
0xd12a3a87cb7507481b26ab59bcacd33d72be25e0,28419.551999999992,0.0,28419.551999999992,7992,1
0xd132eb9952f833ca92ac07b5ea9b4beedef06904,0.999984,0.0,0.999984,1,1
0xd13443938c1b3dc296d95aa61054bb1013cb687c,0.08,0.04,0.04,2,1
0xd13c989bd693c4e9c6d28e17198f64011eea8938,9.999999,9.2682,0.7317990000000005,2,1
0xd1477d4aaa1fb25e966db72ebf1e82ea5ddae7ab,1.449998,0.0,1.449998,1,1
0xd159c2215f57d969e2852527cd61f34af0ec65a8,14209.775999999996,0.0,14209.775999999996,3996,1
0xd15c348a54e47fb9cae190e4cf2d0e70d0330f8d,380814.88391999993,0.0,380814.88391999993,1998,1
0xd184086758f40584cbb27f376bf205c51d8cb86c,189619.99999999994,0.0,189619.99999999994,2000,1
0xd18ad2db20ce4571ff7919674e0cb74ecc2daa79,1997.8881119999996,0.0,1997.8881119999996,1998,1
0xd18e85a5d8cafef0b93e85f608cfd5a3495b359b,6.4,0.0,6.4,1,1
0xd19ef1355f666f6912b0301744a7bac1fdc58595,62.937,0.0,62.937,1,1
0xd1b090bac67a185ff3501cf76d85e90e7e490c1b,62.819552,62.6452,0.17435199999999895,2,1
0xd1b226570c27241aa651cbc31c79846a9189e579,0.04,0.0,0.04,2,1
0xd1c0d652223678275525ef397d676fd96220bc0a,0.999936,0.0,0.999936,1,1
0xd1c23307b19833235e7f69aa04e720d4cf0dcda1,0.999999,0.216,0.783999,2,1
0xd1d3488b0833c15104911dd10f50dded4ad79650,7126.223999999998,0.0,7126.223999999998,2004,1
0xd1e8a0e0e55f106464549226ab271ff3424f44d3,187697.86546,0.0,187697.86546,2007,1
0xd1ec9dacef79c400133c1e8246a4df6424c9b459,88971.10472,0.0,88971.10472,11996,1
0xd20486d080dddf9dd2e3c2585f970a8d4f25ba34,1555323.1200000006,0.0,1555323.1200000006,7992,1
0xd2064f0f610662716dc0c0ee9b6a07a6fb2bedc9,0.009999,0.0,0.009999,1,1
0xd210ad3792e0837eab468aaf5c6b381e92935f00,396.44104999999996,0.0,396.44104999999996,6,1
0xd2114386f0abf156cb439b72308ee9b142018659,3.429954,3.4150199999999997,0.014934000000000225,2,1
0xd215de8169530b882e4d5ec63299ca2ddd841a7a,11.53529,11.51215,0.023139999999999716,2,1
0xd218e474776403a330142299f7796e8ba32eb5c9,5145544.240909999,484.84261999999995,5145059.398289999,147087,21
0xd228e949dc31f4faaff3391855fddc7b2e37c9cb,379239.9999999999,0.0,379239.9999999999,4000,1
0xd22d889f791e074df828b5c66df13dcb1ac1f825,94.62,0.0,94.62,1,1
0xd257481a744ef7f44f68618834117a58c551ffdc,2832.7796,0.0,2832.7796,7,3
0xd257b6b2f61a9726f814ce6e11fd3ffdbfe8f578,1998.0,0.0,1998.0,1998,1
0xd25b289268b92373da141ff4dc0a5b783e02f66f,51.519998,51.46332,0.05667799999999801,2,1
0xd25cf47f50324bc29f9cc928be1236d871be8a3f,71.97995,71.61229,0.36766000000000076,4,1
0xd27a1c6be2e1cc013d3bbe900c2c5908642ca5b1,189714.62,0.0,189714.62,2003,1
0xd288ad098ca6c3f99000a1fa1a32926fb6babdea,43966.956032999995,0.0,43966.956032999995,1999,2
0xd29a4be6c8ec62ef58dfab69e5721756e86d97c5,568859.81,0.0,568859.81,6000,1
0xd2a11294b1ee99d2cb369f6cc2d603fc6ed108c3,0.339885,0.33762000000000003,0.0022649999999999615,2,1
0xd2a2c21e60cf5dec259206d0c3cab2a68b00b39c,63943.991999999984,0.0,63943.991999999984,17982,1
0xd2a3b58d1b5c4eaef8aec76e3a32ff04c7ca1987,333006.06317999994,0.0,333006.06317999994,3999,1
0xd2a53dfb34b1a2aab946daeea64d3ebce88160bf,0.0,0.02,-0.02,1,1
0xd2c356865798b8b4a7e85d96880f3831b519e56e,0.9999380000000001,0.0,0.9999380000000001,1,1
0xd2d6fd97af323f6303fb715ddb371176b972dde8,0.0,1.0710000000000002,-1.0710000000000002,1,1
0xd2d7d33d3030889f1d65998351da77a386205e83,1.339999,1.36822,-0.02822100000000005,2,1
0xd2f2e35e9553fb5e782193ff35fb2273fb0b79fa,193418.38800000004,0.0,193418.38800000004,1998,1
0xd2f41af7f312c87870a8edd411b1788e1c48ec16,9.0,0.0,9.0,1,1
0xd2f600f7b33116fe43f54ee33bcb5695a45411a0,9.999934999999999,0.0,9.999934999999999,1,1
0xd2fc5b02408edd6154f28b19bd439459e18eef9b,4.999998,0.0,4.999998,1,1
0xd2ff3527121986014cf2a4806e27a1d7d2ab18ce,94.64999800000002,94.29589,0.35410800000002496,9,7
0xd304b7736422af1fbbea9e12ee44cea1ea518ee8,59326.0633,0.0,59326.0633,7999,1
0xd31c8fd8218ab90ff01978614d1ba03b3b122b6e,149.64,0.54,149.1,2,1
0xd31d7428a30376825e3cb2cc222604c0061a5299,0.0,0.12,-0.12,1,1
0xd336e414099883204120a43f11a5b28b27297ff3,378765.18999999994,0.0,378765.18999999994,4001,1
0xd34bcd28121aa2e0c3a95cd9e2ac531b685be5bb,9.96,0.0,9.96,1,1
0xd35743a91a3a46d3cd5d7007908781bfe6d04f9b,0.0,1983.6743399999996,-1983.6743399999996,1998,1
0xd35a7a2891413f6e1741c2a7ee835e2c47ee4fbd,573889.152,0.0,573889.152,5996,1
0xd3652aba93be2ca0784da04305b6b8f91895a5b6,1.28,0.0,1.28,1,1
0xd36699eba72b970d89eab68b22baf211137b5fcf,0.929998,0.9230799999999999,0.006918000000000091,2,1
0xd3774cd0e93f147d677176e7b5d73c49aa699180,187614.62696999998,0.0,187614.62696999998,2005,1
0xd37a29aac382c02f0c82fc2677cd104ff2469a78,9.999977,9.88218,0.11779699999999949,2,1
0xd387561d31ff5dc73c19350db8538f914f838bd9,50.11983,50.06966,0.05017000000000138,2,1
0xd395cc9017030236f7ee3abac6a9d57134518ae4,2167.9958339999994,169.48932,1998.5065139999995,2000,2
0xd3989ba133ab48b5b3a81e3dba9b37b5966a46d7,10.2,9.6,0.5999999999999996,4,2
0xd398fd2a725dac36ddd90a81490d272cc88ca0ab,378.955,0.0,378.955,4,1
0xd3a63fdbee2c76d84b95ab78a6cb095eaeac46cd,0.909677,0.0,0.909677,1,1
0xd3a6e523c440f94f9259398fbcf7b5cc5ccffd55,10855.951599999999,12701.840549999999,-1845.8889500000005,19,7
0xd3aaadb8164a53bd48878170e14503229597f351,96.99999799999999,0.0,96.99999799999999,1,1
0xd3b0d41764f4640abec75218818dccfc3db1dbe5,0.9299980000000001,0.0,0.9299980000000001,1,1
0xd3c4295b7ff667a6ccaab4e4189454bdf61b3ca8,1997.8881119999996,0.0,1997.8881119999996,1998,1
0xd3c70d3b392edd058d10dca42db8191c820f8ac2,1322310.225,0.0,1322310.225,13989,1
0xd3c85829f42817b0a63858564ca2e0c867aa7813,29681.52289,0.0,29681.52289,4004,1
0xd3d32bcea2cccdc8f6a0391d35b46a05eb0a7263,1.1997229999999999,0.0,1.1997229999999999,1,1
0xd3dc0b5cab2a232edf74a791a284d10f4928c3e2,5.699999999999999,0.0,5.699999999999999,1,1
0xd3dd72ab74e845aed365426259ddf4be774dfffb,13.93,13.93,0.0,2,1
0xd3eb258eca2d499983934364c82512c79c410829,69.219997,69.87092,-0.6509229999999917,2,1
0xd3ebdbf87e0928ef43fb571db02abc81f1fb556e,1998.9960029999997,0.99586,1998.0001429999998,2000,1
0xd3f3d39e0ccaa2d63ccf8e578204f3332992427d,333218.0076799999,0.0,333218.0076799999,4000,1
0xd3fa028989b4beffc9198e48d658e7820fa6b643,0.329977,0.0,0.329977,1,1
0xd40164e9fca6bd8ff63b4d4d5c95111427e88e5d,0.6999989999999866,0.0,0.6999989999999866,1,1
0xd42db1631a811d64037f661d372b706473a228a2,0.169998,0.16405,0.005948000000000009,2,1
0xd42f6a1634a3707e27cbae14ca966068e5d1047d,19.8,15.587870000000002,4.212129999999998,14,11
0xd431e56315321646b2585b285ad4ab8626377524,51.569379000000005,51.51676,0.05261900000000708,2,1
0xd4326d3177228d48f3b3dcc096ead21edbc07b82,43.759996,51.24696,-7.486964,9,2
0xd45ad5a8d0e5b68eb7b8bbb74967ec36fdb7fa85,24974.906094000005,24869.066039999998,105.84005400000751,3996,1
0xd46bc4f488cfddb2497392df1e6b4d6ccf8b76fe,3.4610999999999996,18088.695870000003,-18085.234770000003,2000,2
0xd47ddf67c7403d27af94ba358e7486784a1c0743,1.68,1.34,0.33999999999999986,2,1
0xd49164b38e69c48d1a7397c1b8b8515c156cff17,383135.136,0.0,383135.136,4003,1
0xd4987f2a41a54d955a7730d13157a5f85aa29a27,3215.30148,0.0,3215.30148,1998,1
0xd4ae92708a8da08728704b87891229e6f9cb8a69,63273.11300000001,9.94,63263.17300000001,2005,1
0xd4bce3cd618569e7f9e865b34a803ebc19651661,0.0,0.051000000000000004,-0.051000000000000004,1,1
0xd4c56cb7035aa77f0593b9dcdff5a086211b9b23,4.999995,0.0,4.999995,1,1
0xd4c9b221e6f3b5a09c872e267202ec6b5f3f7ead,0.9999909999999999,0.996,0.003990999999999856,2,1
0xd4d103fdcc12b512be3a92ace66e7154d4d583ae,99.089811,99.08082,0.008990999999994642,2,1
0xd4dd07efcd760853944e3d0b2de452c2499e2736,3.4799989999999994,3.1713,0.3086989999999994,2,1
0xd4eafc0d454597c1e95a1e47211c6ad75fb8ebab,51.689259,51.636520000000004,0.05273899999999543,2,1
0xd4ee1165884b752387165ca7dec724cab7e50398,0.04,0.0,0.04,2,1
0xd4f3724c54b9abf9f034fc7bc129338cea7348f8,0.199897,0.0,0.199897,2,2
0xd51024fed27b00a9b15144c8b1c189e7a48377f5,345.279968,343.48395999999997,1.796008000000029,2,1
0xd51eecde5eb93ba9ddb82c726fa17ba5f9373fcf,0.999997,0.0,0.999997,1,1
0xd52b62d2e03d8a3541a5b4830e508273782f48a5,199.79600400000004,0.0,199.79600400000004,1998,1
0xd5351a2142c265e39ba8bc0d1101f26d6eb5fa67,4724.493600000001,930.12,3794.373600000001,12,9
0xd5369ca6cdcd23bc6286a747123c26fc50420262,7.999998,2.4,5.599997999999999,3,1
0xd541a77d027d244073f5743bc2ad77e1f1d3bb6c,1.059939,0.0,1.059939,1,1
0xd54f53a4ed31ec8f4b0f4b2992ec61ac19154af5,11.999998999999999,11.906519999999999,0.09347900000000031,2,1
0xd553711a46ae3ae9a091423f5cb9c0e2f1eb91cf,0.1,0.0,0.1,1,1
0xd5670022488efe4f1530013e0eeb620b6db1971d,24.519885000000002,0.0,24.519885000000002,1,1
0xd57752a69808e50571bb069146471b3d120bef1a,0.999999,0.0,0.999999,1,1
0xd577f9cde6cb49c607d061d8aa5c4db87d76d9c9,944777.3750000002,0.0,944777.3750000002,9995,1
0xd587d0deaa684e0efa3310d5a01961a461dc6469,35538.66399999999,0.0,35538.66399999999,9994,1
0xd58bf4057d08ce370ff1a05d6021ff84a65dc639,14840.231520000001,0.0,14840.231520000001,2002,1
0xd5b11cb790d3bc75319ccb0f9cbd10ba47931f2e,0.109999,0.0,0.109999,1,1
0xd5bae9b7028b3cc27c33b6ad875749142dd1f145,0.449939,0.44685,0.003088999999999953,2,1
0xd5bdacf171b7932fb2f8fdcd97b713724c4a69a3,14.509476,14.49096,0.018515999999999977,2,1
0xd5cd5731792a3f7a2e6382c5c13d028dc7046708,56839.103999999985,0.0,56839.103999999985,15984,1
0xd5e6c899aa457ee345341ebdbe90cc74b541428e,6.999997999999999,0.0,6.999997999999999,1,1
0xd5f89ba1830b4e33e57572d85060d46000ee6778,1997.9640359999994,1985.69232,12.271715999999287,3996,1
0xd5f93fd88b861824d2075e3ef040b0121cf03230,568005.57,79.68,567925.8899999999,6003,1
0xd60f3749ac7f0824ee80628594af2793459971df,378884.1231799999,0.0,378884.1231799999,3997,1
0xd6135f23e5a87d4df7554ebf63753644d8804f6e,154.38945600000002,153.20908,1.1803760000000239,2,1
0xd616dd93481e8eacb03cee9757fee315e8caebb9,0.11999999999999933,0.3384,-0.21840000000000065,2,1
0xd628202b82310844695532cb8e62b83d78f8d240,0.9999989999999999,0.998,0.001998999999999862,2,1
0xd6331a7c53490c973fbd0c001e7665d5e8447d79,0.20999400000000001,0.0,0.20999400000000001,1,1
0xd641bf2e6073730d5f88131159e49b66000c82d7,0.9999989999999999,0.0,0.9999989999999999,1,1
0xd667cdecd6dbc2ad0ee71015db4bbc7f06687a55,0.0,8.14,-8.14,3,2
0xd668684995b72230713186e408b8af7c7b096c02,4.999934,0.0,4.999934,1,1
0xd674adde81251fb98254679a4ab13943cb56187b,1997.9960039999996,0.0,1997.9960039999996,1998,1
0xd677c07f743df7d64ba8ba779213c0564078b8c8,143408.76768,0.0,143408.76768,1998,1
0xd68671174d4a55a9834ff7decd065adb5dcba22e,76203.67004999999,75950.69327999999,252.97676999999385,3996,1
0xd69226c6852ce15f6b3a2f3154c479512543d736,2016.749987,0.0,2016.749987,1999,2
0xd6934e6b2a2738016072a96564b410861f4aacab,386836.77600000007,0.0,386836.77600000007,3996,1
0xd6a59ac929a989c4f40f3af07ac70b5fdd82abaa,496.93818,0.0,496.93818,6,1
0xd6b7c7a951afb24e1f1418ded8206f7c3b1b946f,379144.4299999999,0.0,379144.4299999999,4003,1
0xd6b9f742c44b18f521298803f9592eca0dcfe5c2,10.249886999999998,10.18584,0.06404699999999686,2,1
0xd6e8a4f377908a221c43058ff26c368780f18e17,269.73,89.91,179.82000000000002,3996,1
0xd6f18911d16ef2dc6518194cd14b03a64ddaecdd,32.004,0.0,32.004,9,1
0xd708a916f2dbf9fa0b4220517ff60d3ef14c7cfc,0.9999989999999997,0.0,0.9999989999999997,1,1
0xd72753dae1cb01011c1e69af78ee1f9494bbecce,3485.8720000000003,0.0,3485.8720000000003,7,2
0xd72d96c3fa8561b39af433dc8856b194cb9037de,19485975.915999997,1614342.39361,17871633.522389997,19985,2
0xd737253b8bcd91d188435a9ff0fe3436514bb76a,0.6,0.0,0.6,1,1
0xd73a56931c7d763ef741ccf14e6c9f60666d6ec1,1.299999,0.0,1.299999,1,1
0xd760a035bd02b30471d42f8521f9a4e42acb4fcc,4.050000000000001,0.38999999999999996,3.6600000000000006,2,1
0xd76780c3e31d0d2e46cef5297d5542d9b6bf50be,5.301,0.0,5.301,2,1
0xd77f63f0698b50d82e05b5f789c2405795554e5d,71048.87999999999,0.0,71048.87999999999,19980,1
0xd78a19d75d1b3d65f5b76d82a6dcb7283ff1fb53,189999.23999999996,0.0,189999.23999999996,2004,1
0xd792f0e5f1580c25912eadecf0a3796d86d14eb1,67.889998,67.53824999999999,0.3517480000000148,2,1
0xd7964e0011b9d785f7c3054752b56b02e952e7a8,2104132.608,0.0,2104132.608,21984,1
0xd79d095e3be805ee3d5f3c2e8989b025d75f5007,6.662,0.0,6.662,1,1
0xd79edb3c459a0fc21a23469f42c6a00bac67421e,98.99982600000001,0.0,98.99982600000001,1,1
0xd7bc7402f7410e65028e7a4afcf4cb5b4a088ade,11.499998,11.47923,0.020768000000000342,2,1
0xd7c7bb256750f0a1ac125c856ca3fc567e0750d1,378575.9499999999,0.0,378575.9499999999,3997,1
0xd7d3038134ac22075464d342e4d110f68944b746,0.5599980000000001,0.0,0.5599980000000001,1,1
0xd7d31a4107ec9cc47d8c01e3e4ed5cc738b41729,382943.712,0.0,382943.712,4001,1
0xd7d6a7bb3f93fae639d7cf3a99c0847f8c53ec41,0.009999999999999901,0.0,0.009999999999999901,1,1
0xd7f55d2aa4bf558f9ff1873be4037be5b265f19e,1.4196550000000001,0.0,1.4196550000000001,1,1
0xd7ffbf8435c6d864d020d49413accf45cf36bedd,0.245,0.0,0.245,1,1
0xd80788fa38608e6ea94dd17a3026c364eaaf2bbe,0.9999979999999999,0.0,0.9999979999999999,1,1
0xd80af25b33337ec0bf49366512cf21df768a4625,0.03999999999999988,0.0,0.03999999999999988,4,3
0xd83a5849f4eb427c4edc094c6e68805298ee0d61,755909.5794000002,0.0,755909.5794000002,7997,1
0xd83a7b1b78476366d27c25ed9abc57bc40b35812,2332984.6800000006,0.0,2332984.6800000006,11988,1
0xd83b9c395c7c1a47c7b4195bad361895c1818d7f,0.999999,0.0,0.999999,1,1
0xd847396cf472f311ddc3d614f45d2921f58b09c1,0.9999950000000001,0.0,0.9999950000000001,1,1
0xd86c8b59ea9a094504ce0ef38d42f32740afd431,0.0,1997.200800000001,-1997.200800000001,1998,1
0xd875a7998b27504b0c253629f3258aef1ddf2d32,32.004,0.0,32.004,9,1
0xd8a9a87957d259793f32b58a1aeef0ece2f4a330,6.999998,0.0,6.999998,1,1
0xd8ac1f108c6c45a08cb57c1d8a3e5b313548d3a4,0.05,0.0,0.05,1,1
0xd8cb8ed2c98c4f40d11db92e4c9d80f80fbe945c,19.999999,16165.209,-16145.209001000001,2000,2
0xd8d53f86abf21b1210c565d59b05f44f023287f7,284.24,0.0,284.24,3,1
0xd8d9e103583a92956ed0af4d69dd5918707b66f0,0.0,0.15100000000000002,-0.15100000000000002,2,2
0xd8dff9006f21fdfb3d4195ed3e76619760c1f407,14860.40665,0.0,14860.40665,2006,1
0xd8fa97a3b7cd4f878110d106bf8b219bce14dec9,262.499238,262.23447999999996,0.2647580000000289,2,1
0xd9032e4589e39c1c7782f008bf2ddef81a64401c,9.999982,0.0,9.999982,1,1
0xd90648cf082ede62b962d7595a00de127d38ca45,7052.932007999998,3.5388,7049.393207999998,3997,1
0xd909e1a8d1b86b19b2478f8f73d04cd7fe1baf7a,4.999998000000001,0.0,4.999998000000001,1,1
0xd92f3d282154a36ac88e49c247aab897dbea0fd0,379334.6199999999,0.0,379334.6199999999,4001,1
0xd93d884fdeb005c612ac62feeb4474244de70f71,187739.59137,0.0,187739.59137,2006,1
0xd970db28c672e970d9181f64c6837c713c225139,0.9999680000000001,0.0,0.9999680000000001,1,1
0xd970e2d8e6bb6fa9696fa248b16c2377db76b7a6,757721.5199999998,0.0,757721.5199999998,7992,1
0xd971389d2b244f420267c03c8b85db46d2762639,50.709998000000006,50.65656,0.05343800000000698,2,1
0xd975ed1e020a908f7192004e6989c49a9f26c6d6,36.76591999999998,0.51576,36.25015999999998,5,4
0xd98569057908826857c8a4554aa358d98d242bde,0.0,22.659,-22.659,3,1
0xd9a855e25c1d8e8bf00f436eeba5f06ea9f06b00,2.0,0.768,1.232,2,1
0xd9e021f9cfa394150a03eb1900fe25dea3e8bbc5,29969.970030000008,0.0,29969.970030000008,1998,1
0xd9f0f459b4f2e89820f37594f9d53cdfb4bcbc09,3.35,3.3000000000000003,0.04999999999999982,2,1
0xda01b821926fdbfdde40733cad7e4454930d37fb,0.0,39320.640000000014,-39320.640000000014,1998,1
0xda1407c2f1bf2809ca78b70c94155d04ceeca40c,2288424.52031,836.9689999999999,2287587.55131,12001,1
0xda2596b3ac161a6c9392aef2b986a8d7051ae937,44.949998,44.76045,0.18954800000000205,2,1
0xda2faa4c91f2dec62c5e578df9f55a7642cfbacc,50.44961999999992,0.0,50.44961999999992,2,1
0xda303f4f5c001f6d73be544b924e50fa2ddb16a8,543.48946,0.0,543.48946,8,1
0xda5a9f649b2d552cfe850a29fe1e2af6ef3ecabc,50.959989,50.907979999999995,0.0520090000000053,2,1
0xda66197cf6c95ebac774fa04a86b8cf59be9e223,51.339997999999994,51.284040000000005,0.05595799999998974,2,1
0xdaa3a1fa17302887a68de816a9b9a47778491f6e,61.999921,0.0,61.999921,1,1
0xdabf12d6be8f85ec083218df6cfdc9679398f6cf,11.157639999999999,11.1241,0.03353999999999857,2,1
0xdac862d4677cf9316a508978578c688a24ddeb85,36.0,30.0,6.0,2,1
0xdaca9e3fd23b287f82065bf026ded77da5b8e2d8,15.999998,15.943620000000001,0.05637799999999871,2,1
0xdad5b7c0d1a600c8b7340f384a34df585e0e3348,94.905,0.0,94.905,1,1
0xdadab5e289459fc43f96e2d27e44274220e5a581,12.499998,12.4245,0.07549799999999962,2,1
0xdadbee39ba3bdaf2c8bb2a86c614c5fa43d48607,0.09999899999999999,0.0,0.09999899999999999,1,1
0xdae1549b3bb855845a6da8839d7f922927056217,187.999452,187.34418,0.6552719999999965,8,4
0xdae52e58e378202c3cc77e0e13be2c12b92d49f9,3.7299770000000003,0.0,3.7299770000000003,2,1
0xdaee6600dcf8d387187704fc36fa677a92ffcc04,10.219998,10.172400000000001,0.04759799999999892,2,1
0xdafa6bf7478bb563b88efccc5f4092c29fe03d87,19400.576004,17410.53203999999,1990.0439640000077,5994,2
0xdafb498f20c8edb44444825e13a8857d54b30bfe,1.999998,0.0,1.999998,1,1
0xdb0a5862d2ee5c8a199ba067fe14eb9687865dc2,95.712,95.616,0.09600000000000364,2,1
0xdb0b87cdc1a9b6251b8b36c6d57606f527dcfae4,1.499998,0.0,1.499998,1,1
0xdb0d5fb4819133dd76922a5908d9d82d27875a29,109.99999799999998,103.1745,6.825497999999982,3,2
0xdb0e66823ac6b1cae2466d654b18a9de6eed110c,0.999998,0.0,0.999998,1,1
0xdb153f858cd896b2bc06fe60f24e7305a543983c,568480.19,0.0,568480.19,6000,1
0xdb1e5a09f5a9f00bf907ce4df37bb3fa5e5641d8,50.179998,50.128679999999996,0.05131800000000197,2,1
0xdb21fac3a4ad7b8e4f962c90ee41de0ed3aa4bcc,0.999999,0.0,0.999999,1,1
0xdb3553e914694940bd76a5006aefdb6e9b7426dd,0.9999909999999999,0.995,0.004990999999999857,2,1
0xdb405a9ad581a23c68a32b5d5869d4ad5ae73612,0.0,4.0581000000000005,-4.0581000000000005,1,1
0xdb4cfa6c7586cd8572f8dc82a4634e1b09d0e452,0.0,0.016,-0.016,1,1
0xdb659fd7f70a7a953215e606741702a7be0feb6d,757721.33,0.0,757721.33,7994,1
0xdb664c4f028edc000f1498ad2c015a80ebf4a9e5,1.5,0.0,1.5,1,1
0xdb7536b0e52eedbdd5e792ab2b241e6ac941f25f,0.0,0.168,-0.168,1,1
0xdb7897b11ac54955bc0f9bc5bf339035d0acf181,53.829998999999994,52.8454,0.9845989999999958,2,1
0xdb8a3f922f791501d56ed410418ad685240b0e99,32627.320020000017,0.0,32627.320020000017,1998,1
0xdb8d0a89fd7960b4efdffcce6a2caa171ef1ce35,189619.99999999994,189030.76002,589.2399799999548,5996,1
0xdb8e98afdd8c3cfbc909f98680b19715aec627d3,5646.684,25.922,5620.762000000001,2,1
0xdb946e835578f5e4bbe2603d67a47d03b733e6fb,1997.8881119999996,0.0,1997.8881119999996,1998,1
0xdbb3ab5c81975f12e33a25d497083fd9e4af6af4,332839.14767999994,0.0,332839.14767999994,3996,1
0xdbb3f8df695f01bd81c47c86e2dad991176d8266,236.6757,0.0,236.6757,5,1
0xdbbfdebdaa62898ecbccf22f08dcdb950a37566d,0.0,0.02298,-0.02298,1,1
0xdbc13b6b481293066ed3c454a10a75b1ae8bdf09,568195.9500000002,0.0,568195.9500000002,5995,1
0xdbc3222b97188f02778277144850b894bb01a5f7,13.324,0.0,13.324,2,1
0xdbe73d7cb9991911c18d12d2bf6c395b265d82a9,0.8,0.0,0.8,1,1
0xdbf59675fc5ae13552d0a5ba155dff66b7dbf6ce,383135.136,0.0,383135.136,4003,1
0xdbf7c1765541dabbfc9f79f708fb33646942166e,0.09999899999999999,0.0,0.09999899999999999,1,1
0xdc072dfe1a60093c0766553ea63e5f97f15612f7,1.5599610000000002,1.54752,0.012441000000000146,2,1
0xdc07a6c27216e2672fbd6bb54927680f5f550ad0,1338915.168,0.0,1338915.168,13989,1
0xdc2592d27510bed4451f3d864e385cf93b18a928,143575.25884000002,0.0,143575.25884000002,2000,1
0xdc2a9a1aedee7c326bd65522890be2a53db697aa,6925.69737,0.0,6925.69737,2,1
0xdc3824aa82de99470d1f64f30366b7db24ac5e20,0.829999,0.0,0.829999,1,1
0xdc5e7ebf28f5695c6fdf2ec46351d2178e8a6c9f,98.99991299999999,98.19663,0.8032829999999933,2,1
0xdc6952dface711c9c9b6e0f79d0578d597c5d1d2,568195.76,0.0,568195.76,5997,1
0xdc71d849d42b94f85bc1b07a24ee9fcd834530c2,11.999976,0.0,11.999976,1,1
0xdc7df95e0eda867c75fbf84a36694a326de83613,6.3180000000000005,0.0,6.3180000000000005,1,1
0xdc8158e1e96e1e0faaf33117090d9f36151fdc1a,189430.37999999995,189240.57,189.80999999993946,3996,1
0xdc82d7c1469d6b63c2d864a5696d5d041a5b61bd,2.1999980000000003,0.0,2.1999980000000003,1,1
0xdc8527947bef0268bde425081d46e33a7b8d6a5e,0.169999,0.162,0.007999000000000006,2,1
0xdca64eb3e0bffabd7c24aa5c0e619230b0f8a580,156904.91799999998,100.22399999999999,156804.694,2001,3
0xdcaf5e87862fac62e78161198681c9aa7734e3ff,51.889059,51.83612,0.05293900000000207,2,1
0xdcb194fd19590612612980a91a8170332336a2df,25.0,0.0,25.0,1,1
0xdcb4827b2ce06708b38baa59e2e4c627f857cf25,4.1299980000000005,0.0,4.1299980000000005,1,1
0xdcb8077a38c008135241e1ef9a3c028ff9803556,94.81,0.0,94.81,1,1
0xdcc9d68a4bad9fc8becd27a03ee5b2b4feda4534,229.67087999999998,8.36359,221.30729,16,11
0xdcd2997c8a4fa7e3c17add7bdfc6a207944626f9,1700585.5838000004,0.0,1700585.5838000004,17991,1
0xdcd5c2e1a39af506a031cfa7563e99e0750a642c,5686.631,0.0,5686.631,2,1
0xdceec527ac1b8f6a462c65160014e22147c52a8a,189619.99999999994,0.0,189619.99999999994,2000,1
0xdd0c6322e0a4af1a2bf151b5d9ca64d4f67775da,6.999998,0.0,6.999998,1,1
0xdd1b90f903434ba42c0fd3e56b54209449a175d8,1199159.986004,186.8581599999999,1198973.127844,8005,5
0xdd236cf1ed1227bcd355d07b981c3cdb3b6d0f47,50.88906,50.838119999999996,0.050940000000004204,2,1
0xdd2a2465ba837b26298ab8f123939a826dbf148a,6.3180000000000005,0.0,6.3180000000000005,1,1
0xdd31a6895ce1a7e422fc5b2fe27ce95901de86ea,0.7399989999999997,3.3792,-2.6392010000000004,2,1
0xdd3575ad0c44b9fc2b44ebd194684ba92cd76af1,757721.5199999998,189240.57,568480.9499999997,9990,1
0xdd3b1202cf9fb66f83f63153dddae1627ba7572b,0.089994,0.0,0.089994,9,4
0xdd4155b6b3cb1d8be3b9d89565871ff8acd75800,567237.6793999998,87.50316000000001,567150.1762399998,6002,1
0xdd4e5d6d2ca13f3e1140e45f7be4537dde267677,0.088,0.0,0.088,1,1
0xdd6419332d43bf1cef004da63d46a2b68e1486b1,5666.644,33.898,5632.746,2,1
0xdd6c13f2e69fd33eb59f90939441cea093fb10d4,1134110.9500000002,0.0,1134110.9500000002,11998,1
0xdd89e43f24986ae322dcd3f967ef43856e315f53,7.999998000000001,0.0,7.999998000000001,1,1
0xdd8e67a862bd81067891ad41e86e9673229ef023,14.999998999999995,0.0,14.999998999999995,1,1
0xdd97e44148296c83f389b3fc3117cae348d5306e,0.11999900000000001,0.11399999999999999,0.005999000000000018,2,1
0xdd9e3857bd563a62724127935ec24412a3061a1f,1.0799979999999998,0.0,1.0799979999999998,1,1
0xdda4573eb0dcb34c7f65ef3e6a3d09243bf0b265,189714.61999999994,0.0,189714.61999999994,2001,1
0xddc4c29d9ce9a0c66362815c6607018d177746b1,69.99999899999975,4.89821,65.10178899999974,5,2
0xddc8642424c718753870f235eff80421fa257077,189240.37999999995,0.0,189240.37999999995,2000,1
0xddc93c03ae7919f6e7e6de694af14634c09f5c3a,0.629835,0.62559,0.004245000000000054,2,1
0xddcdb469ed2f316e1257c1472ced038f7e88e11b,0.169962,0.16439,0.005571999999999994,2,1
0xddcfc9a2676447951284b2d0d717f6cc14a8d9a0,9.999998999999999,0.0,9.999998999999999,1,1
0xddd36c99b564da25d7c68d151194ba746ec3590a,189904.33499999996,0.0,189904.33499999996,2003,1
0xddde09ea4a02cc221e6481c7384fa72de3c03127,5642.71,0.0,5642.71,2,1
0xddeec2060d0d00d12652efdebe3252a7aac6f750,39.11599999999999,0.0,39.11599999999999,11,1
0xddff8610520d93d87e9f30ea28877d2020de3606,0.8091900000000001,0.80757,0.0016200000000000658,2,1
0xde09b4a94fc30bc520bbcac4678d0814966d9f81,0.0,13.966,-13.966,2,2
0xde141b38787f0c1593b11cf5da5d1be9a3e6f702,4.999992,0.0,4.999992,1,1
0xde1bd78e57914f5c04e6451bdc5eaaf28b7c2f4d,1133827.3750000002,0.0,1133827.3750000002,11995,1
0xde26581007e148bc7b6269b22729886755a4e943,1166492.3400000003,0.0,1166492.3400000003,5994,1
0xde442babfde30ea7eafd2d459c6a9f3fb711e8b9,5622.755,0.0,5622.755,2,1
0xde45695bda798a5cd11f0b1b5e8a05321db20212,6.409985999999999,6.5802,-0.17021400000000053,2,1
0xde4fbcd43366f28709cfb2c2966eb66ba85857a2,30.109827,0.0,30.109827,1,1
0xde873dbefee73ca5f488ee6a2091a01a7fa5bf4d,9.99999,9.97997,0.020020000000000593,2,1
0xde90eb9bd4f4aaac9e28ad0ef7a5fcdea5bf37ed,1038.959999999951,0.0,1038.959999999951,1998,1
0xde948e28c8cb4b7090a1a1e4240603b991659a8e,0.9999680000000001,0.0,0.9999680000000001,1,1
0xde94c06ed1c0662d944afd2aebf92c428ac62fc5,0.04,0.0,0.04,2,1
0xde95b7359364d70319d13b18700cd0e7928cf5b9,189809.42999999993,0.0,189809.42999999993,2002,1
0xdeb8d754c78eb2227f0e33bb9ac808f55d59f038,0.029969999999999893,0.0,0.029969999999999893,3,3
0xded8cb51801a8e94abd89585c1d42837a5361ca9,0.0,0.199,-0.199,2,1
0xdedfe24dd0dd81a30741a9a1c6773e8be4919c59,50.47947,50.428940000000004,0.05052999999999486,2,1
0xdf02f163225f1bb1abda3b30844ecfdb9af3ea3e,189809.61999999994,0.0,189809.61999999994,2002,1
0xdf0c6acd7662c6df3268745483f721eb72ddfed7,11.999998000000001,11.935920000000001,0.0640780000000003,2,1
0xdf2b32b1a02493071ec56ac84cdf6badf6870827,13.336,0.0,13.336,2,1
0xdf318c536ef818dbe5c59996550f382b149afef0,252.83859999999999,0.0,252.83859999999999,1,1
0xdf4eabea8ee6479c2cd64284b1720347b60274e4,0.18,0.0,0.18,1,1
0xdf53a3767acd8fd0add4c7a1c94c129a584249d0,0.0,2003.3146800000009,-2003.3146800000009,1998,1
0xdf8483360896c98e549d6d536675413e4f740e25,2.149999,2.112,0.037999000000000116,2,1
0xdf933b45bf02e6f10002da22ea32a7cff08fbdc8,83.0,0.0,83.0,1,1
0xdfaaa2fe149e5b9fe3bc9ad1d9fb4869286360cc,957.12,0.0,957.12,10,1
0xdfad30a38a5aaaa2626dee3460cc6214c9bd8902,40.819815,0.0,40.819815,1,1
0xdfb0d2ef8e9289bfbd35d0ec108a784d139e74d4,8.999998,0.0,8.999998,1,1
0xdfb1224e9d45a14de6a4a23a0c7d0170b56cbf31,2.9999980000000006,0.0,2.9999980000000006,1,1
0xdfb19e59d0834410243fdfada6f2411b1145d114,1.03,0.0,1.03,1,1
0xdfb42dd45fbd0878c72374f824c84abd95cb2f7d,2.999615,0.0,2.999615,2,2
0xdfbc385c02eba0c19eb10c3f21a83e596544b22f,0.669834,0.6653100000000001,0.0045239999999999725,2,1
0xdfc2508d0565918b956f3c760988f6bad49705e5,0.9999680000000001,0.99384,0.006128000000000133,2,1
0xdfc9dc5f569c27390768c1d17c6bfa2f42884ba9,1.02,0.0,1.02,1,1
0xdfcd214285f8c882126b7fba51d7703cf861d959,7.999984,0.0,7.999984,1,1
0xdfcfa4b105ae7ce7dabc3a7b932a61feabeac625,14.999983,14.94776,0.052222999999999686,2,1
0xdfd9a3ce0bc78d6bd1e65af66fdb499a6f2ade6a,10.01985,10.0098,0.01004999999999967,2,1
0xdfdc39d3d541633d0c05e73c67bf5317364fd62f,9.999997,0.0,9.999997,1,1
0xdfdf2928a7117f463a1955cb67ac8513780f6640,2.249998,2.2110000000000003,0.038997999999999866,2,1
0xdff150339ac574018ca6bf3b2c7ab4310e7ae44a,1.469555,0.0,1.469555,1,1
0xe01333652dca9e25d4a1c9c5f9777a4f25a67554,319.67600399999986,0.0,319.67600399999986,1998,1
0xe03a7f53c69cf9567de7ad745e076911d9267eae,14.999998000000001,0.0,14.999998000000001,1,1
0xe0413a28e3b70612ae44b6ab7d214ca79b3cc539,4.099944000000001,4.08618,0.013764000000000998,2,1
0xe04a502eb52ddf3c4059b944a8bd259b28d7526e,2.9999949999999997,0.0,2.9999949999999997,1,1
0xe04b8f24e3ccd4509368b60c756ec1ee7eac1a79,1997.9980020000005,0.0,1997.9980020000005,1998,1
0xe056e5ef2528080cf689c16e7b8bc594a4bd7891,45.899999,45.144,0.7559990000000028,2,1
0xe05d6977dc4c0edb27cc85e24a3f124e342faea2,57.2976,0.0,57.2976,1,1
0xe07752b92b61ef1d3cc936128b2d4482e7ab8ee3,0.0,4.59014,-4.59014,10,3
0xe0777f51257b9f8cbad9841af627de62b81b612e,0.45999,0.0,0.45999,1,1
0xe096d55c0532cd8ce6ef76f94527aae48d884b85,96.999612,0.0,96.999612,1,1
0xe0a2f29b1fadb2259111bbeca392d3805ec4a349,7092.899999999998,0.0,7092.899999999998,1998,1
0xe0a6dcfce30e8bc56cc2fe5b41876ae56b3618b8,6.9999899999999995,0.0,6.9999899999999995,1,1
0xe0a7270908586f10c228cdbe0552cee425b04fdf,13.5,0.0,13.5,2,2
0xe0c63ca599a83817acc8b255bc1c530a8f736003,0.6999419999999998,0.6803999999999999,0.01954199999999995,2,1
0xe0c7d3187d8126d31145efe35515b73de32af870,379144.9999999999,0.0,379144.9999999999,3999,1
0xe0c7d74a4dce19c17bd17b174716fb55162fd051,568764.6199999999,0.0,568764.6199999999,5999,1
0xe0cd2fb4bc5d7f4f4ebd23da0a6dc6a22da7faaa,0.1,0.0,0.1,1,1
0xe0ce066186dc4b0e9dc350f659ae26c41c776569,5663.65,17.946,5645.704,2,1
0xe0e1166d9e6daf37e7f1f2aec56709e376611e71,189.525,0.0,189.525,2,1
0xe0e37d90171edcd2bb897ae8f4d108987c8b5a96,189525.0,0.0,189525.0,2001,1
0xe0eb5362baf7c75dab3a53809dd314fd3574f50e,1166492.3400000003,0.0,1166492.3400000003,5994,1
0xe10b6436f4cee9321148144889bcd4694faa5fe3,1258.9530889999999,120.69092,1138.2621689999999,18,1
0xe114cce292c3184db82a8417d6a71e085187133c,6.3180000000000005,0.0,6.3180000000000005,1,1
0xe126e5433dab7c2aed8c1b670df9fef90ae96d5a,4.709925,0.0,4.709925,1,1
0xe136d79f8fa458b36e6a6033919589f587dd1098,189691.77615999995,0.0,189691.77615999995,2001,1
0xe144db5bc0c98635c9ed5677018fc0a3fb4c6100,567152.28,0.0,567152.28,5994,1
0xe149fe1240c31d31f241156c83173cc575755fa6,51.209739000000006,51.15748,0.052259000000006495,2,1
0xe14dcc5ef9685d7377778e5cc60cad003abd1862,568006.14,0.0,568006.14,5995,1
0xe1656cd540f408880a2029d712cc692bfc3bd31d,143692.91268,0.0,143692.91268,2001,1
0xe18224788525f3f12bf73b767fcae20d5f64e767,200.60000000000002,232.3724,-31.772399999999976,10,1
0xe182bbf13d0a12f587b3a4f42659bb12a92bc4fd,2.379857,0.0,2.379857,2,2
0xe18327fffc58a236a7f34af721ac848fa091835d,0.22995700000000002,0.22632,0.003637000000000029,2,1
0xe18346f3a3ef8b53cf10190de6169e28149f22da,51.839109,51.78622,0.05288900000000041,2,1
0xe1adbd00fdbbe938c44a2a6f5b0554ffccf6c8a2,0.0,0.26,-0.26,1,1
0xe1b140ffad6555bafd193d0bfd79d2e4ae169098,12.399998,12.34196,0.05803799999999981,2,1
0xe1b827c27822073e1dd0bb88f55368ace70602d3,0.999998,0.0,0.999998,1,1
0xe1d7159aebc77369779de8b43fe315a171960d61,9.999998,0.0,9.999998,1,1
0xe1f17e6d9d5e0d036ded7a43e0b68ef5481688e3,333335.99085999996,0.0,333335.99085999996,4002,1
0xe229cb62fd96c21b23b0d724f2c18fcff49d3ca1,64335.48411599999,0.0,64335.48411599999,3996,1
0xe2354f16c43546f9dad1eb4a866bf5d6f9cbaba2,580.8976,445.66979999999995,135.22780000000006,6,2
0xe23b4bbdd234c5320afabaa0ac6608be8a6709a7,108.891,108.782,0.10900000000000887,4,1
0xe2459bdb7f6931ddbc7b0db1b9f60b1ab3451411,0.999979,0.0,0.999979,1,1
0xe254552e418be51fb3528885b03677c8f271606f,6.662,0.0,6.662,1,1
0xe260d44a3ece54be3f97f4439e951cd3f97c34b9,380814.88391999993,0.0,380814.88391999993,1998,1
0xe274eed0e6e2c168094856a85c07efc747d8ee86,39.562200000000004,0.0,39.562200000000004,2,1
0xe28d74ecf339385eac4ef26d60280a7212cc97c3,777661.5600000003,0.0,777661.5600000003,3996,1
0xe296ec07c281f97fb060cb9a871c8184f53b251e,458.65000000000003,0.0,458.65000000000003,5,1
0xe2972c85ff1a810947afb965e09b19656e8e9c0f,50.979890000000005,50.81181,0.16808000000000334,2,1
0xe2995889e83b1ca3836412283f30035946c2a524,1.4299979999999999,0.0,1.4299979999999999,1,1
0xe29e13c5d2a1d54cb2a44eff356203d1f5e81ff0,19.999997999999998,19.8496,0.15039799999999914,2,1
0xe2a47fc801034f115fbf141459dc1b31497ec666,0.0,145.70909999999998,-145.70909999999998,1,1
0xe2add11da503d860d63347eec0c59d4faefc318a,51.349599000000005,51.2972,0.0523990000000083,2,1
0xe2b0a936ec50343c41a76f989c1abe5cd3b68a9d,450.92116000000004,0.0,450.92116000000004,5,1
0xe2b1fc269d0c2e27da11fadd1d9596fe28227d2a,760.25939,45.220000000000006,715.03939,6,4
0xe2ccb3c04b652fd2293cda0f42fcd6d6e3df72e1,1.5999830000000002,0.0,1.5999830000000002,1,1
0xe2d4f511d67f6f850b7702f98d783106c4d1c5c7,0.029938999999999997,0.0,0.029938999999999997,1,1
0xe2e1f4fa4a11da10cd986fcb1be7c420230a4cc7,1133543.8000000003,0.0,1133543.8000000003,11992,1
0xe2f1d7975c11a9fd51299710fd1e68850992ba4d,74565.356004,73951.01496,614.3410440000007,3996,1
0xe31f81c1c268d4572b505a8dfbe74fb73a260c7e,2.099998,0.0,2.099998,1,1
0xe3332d4bdb80f7ebb5dcd87dff8086b64698ca44,189.62,0.0,189.62,2,1
0xe34c55c92e8d16ed93d1694a718e5907287c19d0,54.889998,54.605599999999995,0.28439800000000304,2,1
0xe34e68396acd13d6250149f9c31bd6948e65bd53,999.999987,0.0,999.999987,1,1
0xe3674fe85a3932fd6ca37224021901d7d92547d4,4.0,0.0,4.0,1,1
0xe3726a1b9c6ba2f06585d1c9e01d00afaedaeb38,0.0,1289389.2721399998,-1289389.2721399998,72536,13
0xe379d3af376c22464f7f6b68ae4e8b322f211f1f,0.04,0.0,0.04,2,1
0xe38d0c27ebce943b93eec9939cfbf20a654dcdd9,13.999986000000002,13.94204,0.05794600000000116,2,1
0xe39122d93c28143cd8104079ed1b7f8af60e760c,43516.43600399999,43203.91284,312.5231639999911,3996,1
0xe397c71d2df0077185141744428550c6dab5f82b,2.569998,2.5278,0.04219799999999996,2,1
0xe3a0bc322ab84721ea38d373a771a80983ba2f45,332839.14767999994,0.0,332839.14767999994,3996,1
0xe3a170946052fb9f7de5b4bc575282655effc837,11.49849,11.486979999999999,0.011510000000001241,2,1
0xe3a3e7b0fe8be79f24e401295dfe059afb027838,200.79999199999997,211.4814,-10.681408000000033,2,1
0xe3a4451c5c6bfb1a9078f31658e21e82b369c707,0.0153,0.0,0.0153,1,1
0xe3b78f5fe13cee7be156368c676a3efe802027be,388830.78000000014,0.0,388830.78000000014,1998,1
0xe3e40c8c7792a041c313acfb59dbce45d5a47380,98.99999799999999,0.0,98.99999799999999,1,1
0xe4151d24395c289b8813373f3305a200ccedb5ce,21.336000000000002,0.0,21.336000000000002,6,1
0xe419e435d6390e1c92b932d9bfa2f82ca0042972,50.509440000000005,50.45888,0.05056000000000438,2,1
0xe41c33dd4fb594222afd1e7deef28b37d7f15e79,0.0,0.27899999999999997,-0.27899999999999997,2,2
0xe41d2461a4610b21e1759a21efedfb715bbc80f5,50.719998000000004,50.66652,0.053478000000005466,2,1
0xe433cfae41fcb4e37205fe3ebcf50e4c7adea67c,189430.37999999995,0.0,189430.37999999995,1998,1
0xe43408d3f14f32dbb9bfa5d75c216a4ad19fcb3e,0.0,115696.88729999997,-115696.88729999997,1998,1
0xe4812aa9e2f3a729a2d50239d0853edefec9687e,2.1698280000000003,0.0,2.1698280000000003,1,1
0xe4895ace50c8e1de38e88fc038667c0333f3e510,2.909998,2.8644,0.04559800000000003,2,1
0xe49324d0873e68039c77b13973aa22db9d8f1b70,42629.327999999994,0.0,42629.327999999994,11988,1
0xe4ad3978f3ebbbd5b68fa8837b84033d92a69a7f,111.979998,111.44585,0.5341480000000018,2,1
0xe4ca3841ade21e05cbd5786dd5feea5d65c01383,46.498400000000004,20.12,26.378400000000003,4,2
0xe4ce5c5bbe25a659645f67c06e35b047a61bf3d2,49949.98201800001,0.0,49949.98201800001,1998,1
0xe4d6572e33da40f032ca7c8959c7dfc72a0b51be,83.496,0.0,83.496,1,1
0xe4d9a033146fc97dc047884873c0f48cd5e49c37,0.319968,0.0,0.319968,1,1
0xe4e35593bb822dcf111a06ded00e005adb248f53,1.5,0.0,1.5,2,2
0xe507aabe76fd963cd8d9d71719eda0387ec1cce6,6.999997999999999,0.0,6.999997999999999,1,1
0xe50b63086d0015f04478ce3266c913b96c9a8bde,1143.0487999999998,0.0,1143.0487999999998,4,2
0xe513a779700ffba1e30f6753a74dd890b7811e55,640.9059479999999,0.0,640.9059479999999,1999,1
0xe54763296c0bf4886c7ac224d22e18bef281807f,31.210000000000004,0.0,31.210000000000004,8,2
0xe556111973339ae4c8044e9b6e0f56c1fe969748,14846.174590000002,0.0,14846.174590000002,2004,1
0xe562d40a71e33d5e768b49d072a1abe3e7e95055,568601.27848,0.0,568601.27848,5998,1
0xe570eda283182acd480cd1e72f41ad8129278d5c,0.9999940000000002,0.0,0.9999940000000002,1,1
0xe58ecf5204dc604cb9bd9e1bc230d613bdb0cdb5,0.02,0.0,0.02,1,1
0xe58fb4b9b6b577125d45bd5999fd8683493875c7,0.0,0.051000000000000004,-0.051000000000000004,1,1
0xe58fe7e307cbdf7b533f0c60c14638a3facc32ac,0.0,0.07,-0.07,1,1
0xe599b1b66e137e33bbe733cb5fddff3e360ea860,6.999997999999999,0.0,6.999997999999999,1,1
0xe5a54522b1ffaa9484c731e2f269f97f8ca94d60,0.0,639.3599999999999,-639.3599999999999,1998,1
0xe5a568f625a1324f8d572c2f849a54c78373ed53,761629.7678399999,0.0,761629.7678399999,3996,1
0xe5b3b5640da2b273328a84b21f2552df6950e6ba,44493.290360000006,0.0,44493.290360000006,6000,1
0xe5bc5e2cd15209eb20e9c4e3c707638601633de2,168.0,85.0,83.0,2,1
0xe5daebf20ce17367ae9ed0b8d3f415a351312203,59.940000000000026,0.0,59.940000000000026,1998,1
0xe5dcd52630848fd7803cd13c09208e8876f835f9,1.9500000000000002,0.0,1.9500000000000002,2,1
0xe5e194f275e2695fc523e8cdd43050bb14689897,1997.9980019999934,0.0,1997.9980019999934,1998,1
0xe5e1ad06ea74e9269f8ce0b9ddcc033599e72589,0.0,0.12,-0.12,1,1
0xe5f841d29ee7604aa0af665800cde0e879212675,0.269999,0.37757999999999997,-0.10758099999999998,2,1
0xe5fe35c40bdf6d14d9d9477f5b837c59c092f3f3,777661.5600000003,0.0,777661.5600000003,3996,1
0xe6175da4c6632e6cbab26265e889158e79631487,1.019956,0.0,1.019956,1,1
0xe618ad17bca59c2da4c1e18c938e70f422e7a18c,0.9999509999999999,0.0,0.9999509999999999,1,1
0xe6560fe09fe3c5c83847d02bd6ecd08ed8ed8f04,1135822.6599999997,0.0,1135822.6599999997,11992,1
0xe665c95e1ba8190e3964fbb0ec206a9ccf599b68,4.98,0.0,4.98,1,1
0xe666a179b5d2ecb2f5acf469cb3ebca4534ef30c,2.4999990000000003,2.4583,0.041699000000000375,2,1
0xe6675dc90b835516259e8ccac1e5e8404a55feff,1.1999980000000001,0.0,1.1999980000000001,1,1
0xe66b3bcbf0a5b74c20ac54f1ef0b99031d22219e,378860.57,0.0,378860.57,3998,1
0xe68343a72f86492fd737c84edf603dd87b3a5578,19.999997,16.019599999999997,3.9803970000000035,4,2
0xe69145126612bf78cf043c8d0d7ec1d0ecf96554,69741.64600200002,66836.31899999999,2905.3270020000346,3998,1
0xe694f4ff2b94458728f07067419f59ef00fe93cf,55.439958,55.1393,0.30065799999999854,2,1
0xe6a3cbe3d5fa2996932a50237b84411df156cc11,23.36318,0.0,23.36318,1,1
0xe6db366d7c7ee87947bf58e51dd51c17ddfb7d3a,1997.9960039999996,0.0,1997.9960039999996,1998,1
0xe6dfc8ee99809ab1beae4203ff8eb0a1383a2816,0.0,10274.459900000002,-10274.459900000002,1999,2
0xe6f74b3a1b5c5a402a06e739b44b773a501e6f66,36.562,0.0,36.562,5,2
0xe6fbf22930463842fed17544884fc99464b9f417,22.509998,0.0,22.509998,1,1
0xe6fe71b833861eef1654b8af8c1e649ebeeb7896,701.92247,0.0,701.92247,10,1
0xe70a22bd8aab24f429a70f6adce9f4ee7b10df41,189952.88731999998,0.0,189952.88731999998,2004,1
0xe71c7713452e69d158ff8a65b21fe93d6d3da272,105672.33788399998,105456.79763999996,215.540244000018,3996,1
0xe7227608cb61de33930938f430a93840b76f4b9c,1555323.1200000006,0.0,1555323.1200000006,7992,1
0xe722fb0e6fc216cc1b760685d1b54433a3106454,6.3180000000000005,0.0,6.3180000000000005,1,1
0xe743f2ec45024caa3a96e04d384762a8e532da62,49.999998999999995,1.05,48.949999,2,1
0xe7465c1f60ed117d2562d7e0496c11372bc35ab6,92.907,92.814,0.09300000000000352,2,1
0xe74af5d92ceb6a3aedd51c7f96fdb8e9fd4fb462,0.0,0.051000000000000004,-0.051000000000000004,1,1
0xe751bc6ecb5b9d4a48917408e44fffc4cc608d9e,0.12999899999999998,0.0,0.12999899999999998,1,1
0xe7803e3a40ffb500d7af1e902464e9440a5f28fb,0.61,0.0,0.61,1,1
0xe788eaf75034907bb8ae9dce386a123a0d84259e,0.0,0.051000000000000004,-0.051000000000000004,1,1
0xe78e4a3e1b794c710a853c29f096fcea31093c5b,15.087599999999998,0.0,15.087599999999998,3,2
0xe79115680c6d09c086395e3a47d14185449f82a1,19979.996004000008,0.0,19979.996004000008,1998,1
0xe796bd05442a43883fbf6274b9b38d4fa11f0018,99.99963799999999,99.7976,0.2020379999999875,2,1
0xe7aff73b9868e39b10a8566f3fb07315f3933d55,6.999998,0.0,6.999998,1,1
0xe7b0f2b695dfa5936589dd728fb17a92acfd41e0,0.9999999999999999,0.997,0.0029999999999998916,2,1
0xe7c8a03840df2122ee38c4c6c7618a73dab41be0,5682.612,19.94,5662.6720000000005,2,1
0xe7d896f7a0ad843ff6bdf1b8694f62619e70555e,99.99999000000001,0.0,99.99999000000001,1,1
0xe7e06eeae2062ef81c7073c4b07403f864c4d96c,1.329669,0.0,1.329669,1,1
0xe7e7fa2d1c2c20c89f85a61c8c0f511375038865,189619.80999999994,0.0,189619.80999999994,2000,1
0xe7f16b8f20c42d549f1e9204b2a409e27abd1952,0.0,0.222,-0.222,2,2
0xe7f2728198c09f44b73251e8336abcbc2712b38d,386836.77600000007,0.0,386836.77600000007,3996,1
0xe800a4caf0c7e1198d2ee6aaf9de36103dbefde4,0.009998999999999997,0.0,0.009998999999999997,1,1
0xe80dca08cb367668fb2122deadea500025880386,0.0,4.97,-4.97,1,1
0xe81ba2065313355673e294afe7172b6ef0bba849,17.779972,17.70045,0.07952200000000076,2,1
0xe81fb0461216af6812743ec2ce7365823150369e,1.599825,0.0,1.599825,1,1
0xe8212c2db30de93fa6fe01ee6a69c4379e83450f,3656.3360040000002,1.83024,3654.5057640000005,1999,1
0xe84ae9577df9ab139236d4ba2b10f9c8c4652861,0.02,0.0,0.02,2,1
0xe84e45197c9731709eefbe11c02be4effab91e5c,0.039998999999999875,0.0,0.039998999999999875,4,4
0xe8574bc468715d973bf5f6f755722fe5db9651f7,48.98999999999999,0.0,48.98999999999999,13,2
0xe85936bd371fdedc9190d3da255fa943fd3e9645,4.999998,0.0,4.999998,1,1
0xe859a9133492fce219d139a823945bed164789d8,566582.8499999999,0.0,566582.8499999999,5994,1
0xe869324eea83621f5e8b32355dcff58bd893dafb,9.889999,9.5964,0.2935990000000004,2,1
0xe86dd15e336e128d26a07ee486f4c647e4e22b2b,1.199964,0.0,1.199964,1,1
0xe8703cab22da78d3a8c6a10549041b896c8fbf4c,9.96,0.0,9.96,1,1
0xe8803e0c15a191cf45b36c277e196677f37eaa59,63587.60840000003,0.0,63587.60840000003,2007,1
0xe892cdb8ee55d5a8d5cc00ccd8cf986d4de5b4df,47.61994,47.32344,0.29650000000000176,2,1
0xe89899dfbbcf0f4433386291dfbd1509d862d69d,1.1999980000000001,0.0,1.1999980000000001,1,1
0xe89a7dd0d36c20b451f5379b3936231f70293ede,0.42999599999999993,0.0,0.42999599999999993,1,1
0xe8aaf175f8f7a1b230432b339a5054d85c3e74c8,10.099998,10.008180000000001,0.09181799999999818,2,1
0xe8cddf17b32c7221d74ee09eddb576e9bc5a9326,189.43,0.0,189.43,2,1
0xe8dd7741ccb12350957ec71e9ee332e0d1e6ec86,344.769998,0.0,344.769998,4,3
0xe8f0369dcddf8025fa42b815bb6d1232c4e6b6c1,0.0,0.035,-0.035,1,1
0xe8f76d75d599eb14bab0e2b0729d20b96861dfd2,333384.59384,0.0,333384.59384,4002,1
0xe90e6637f6d342bc68b17895af9a8a520793bd65,7104.887999999999,0.0,7104.887999999999,1998,1
0xe91b7a18d9378cfdaacea61d79da217f97016f22,0.229997,0.0,0.229997,1,1
0xe91dbbccd89d6886ff239601a412faa58c06f827,10.549998,10.505600000000001,0.04439799999999927,2,1
0xe938478a2cc99d635cb805359781b39e86a0ef75,378196.3299999999,0.0,378196.3299999999,3997,1
0xe94c9d60003ed128ff755ce044b7f7ec10e5998e,356.44050000000004,0.0,356.44050000000004,5,1
0xe957404e4b67550a5fd0f128c699887eb0fde8d8,567816.33,0.0,567816.33,5997,1
0xe959dd061855d6a69a257fb9649d6f55d9461399,1.039984,1.0230000000000001,0.016983999999999888,2,1
0xe96716cce9cc864739a56fcbbfc30ba08f5e8d5e,2776.438782,1.38444,2775.0543420000004,1999,1
0xe97da9169e39a9f03e513b404c9f827914b8b46f,1.2797189999999998,0.0,1.2797189999999998,1,1
0xe9880b02d285d919bbd5d75ddf284461f5695b88,1.169998,0.0,1.169998,1,1
0xe99a4e719ec35a1636140bc4810cd80f8e953f1c,79.769999,76.06469999999999,3.705299000000011,2,1
0xe99bc0de9585afc12592fc5ac46f9971a269f99b,190094.04999999996,0.0,190094.04999999996,2005,1
0xe9abff0040cdc6e24feca61b79ec3f710a50e1d6,2.789999,2.7456,0.044398999999999855,2,1
0xe9ae76d9b6f4b9ef7fe8aaf4cfaa6aaebe77b17a,4.6000000000000005,0.0,4.6000000000000005,1,1
0xe9b666304e62d42dc3c8504a7caacef83af44b7f,1.999998,1.9782,0.021797999999999984,2,1
0xe9be01f83f9655a4c680bdcac15df25187d01abc,44.999998000000005,0.0,44.999998000000005,1,1
0xe9c32159e0ab3c4525c1fac4fda04e90503bf559,356.20616,0.0,356.20616,4,1
0xe9c6356f646d8b9b4b6715c7fac86bfd2395fbd3,10.469959,10.202300000000001,0.2676589999999983,14,7
0xe9d08c386579cec56f7e899dd531b5ec4bf1fec1,7.88,7.896,-0.016000000000000014,2,1
0xe9d34cbdab7c28deac445f339019e2b1c2e8a85f,379334.6199999999,0.0,379334.6199999999,4001,1
0xe9e2d92ac8c1f47ad8cf32299afcb6e13c3fed4a,1555323.1200000006,0.0,1555323.1200000006,7992,1
0xe9f0c0066bfa3a1ecd2fcd9cacf3983e90eb1de5,0.02,0.0,0.02,1,1
0xea162b9de0ed91a97fe86f46f8fffc0d515a51a9,1.21,1.1778,0.032200000000000006,2,1
0xea1a9182642b7d66efb0e705f545822e7d0f4868,101.04999899999991,18.713199999999915,82.336799,2,1
0xea381db6f1b51492580e62c16148ec5102d14610,1997.8881119999996,0.0,1997.8881119999996,1998,1
0xea3c582c186600b090eac8381b0af268fc95a0f7,29.900000000000002,0.0,29.900000000000002,4,2
0xea3ec7bc9f7b0896887cef65179dc68b7e2db956,610.0,0.0,610.0,1,1
0xea525cb7fc5d86082b6f946f51d07b416fc67143,0.999979,0.0,0.999979,1,1
0xea555d61523ac7c0eda468da1a4a92afd3e53058,6.999998,0.0,6.999998,1,1
0xea7f27470a5eae432d0b1c41bbf5470187e6c912,226.599174,226.36636,0.23281400000001895,2,1
0xeac4f485e1d9ed667f1345f95434fde0077b2ff5,16.552,0.0,16.552,2,2
0xeacc6c69974ca0238603963c23c780ebc293a676,769645.6639200001,0.0,769645.6639200001,3996,1
0xead65a9ae4fc23714c0a25de1c6b2527054561e1,1997.8881119999996,0.99384,1996.8942719999995,1999,1
0xeada78b69d430408594e25d159744602fc31b735,767.5580100000002,0.0,767.5580100000002,11,1
0xeaef974d4f84c8bd5f3452cb0eace4cc9acca732,2.829998,2.7511,0.07889799999999969,4,1
0xeb037d01d439d7c71b31887620c66f2e8bf42bef,944952.7338000003,0.0,944952.7338000003,9997,1
0xeb15015b8c70b57813a44a32f6891d42535ec7a3,44478.70837000001,0.0,44478.70837000001,5997,1
0xeb1ff2d72e4c6a785cd481f7961b13855b69991e,1997.9960039999996,0.0,1997.9960039999996,1998,1
0xeb249aef508de7a392d3b9d7cba77ad8d2d19f99,1.299988,1.2833999999999999,0.016588000000000047,2,1
0xeb276de2b8c3ac04f0779cf7ac71e27c7d9c4d56,26.559997999999997,0.0,26.559997999999997,4,1
0xeb7751a216d95af1725e3ec1dd1d43c81db64733,187612.96099,0.0,187612.96099,2006,1
0xeb7ab3bff64c62d41150f80d3503a39f166197ca,264.999735,264.72947999999997,0.2702550000000201,2,1
0xeb8f63d79c1a94e569fa511616b4667a4921c861,2.2699979999999997,2.2308,0.039197999999999844,2,1
0xeba3ae20e71a904c952fe7c971ef677125df4d5d,1998.9960029999997,0.99586,1998.0001429999998,2000,1
0xeba9ad871fcba5248815bb1dc17433bfba17528d,83.496,0.0,83.496,1,1
0xebb4d971a6f94965d778baec4513b438af0b01a6,0.38999799999999996,0.0,0.38999799999999996,1,1
0xebb52e5f16b6437d76a7544102ef93a8ef54b93f,7118.317999999998,0.0,7118.317999999998,2001,2
0xebb872ada925e51a1d4f4ea3bcdaae5339b3c8bb,15.75423,15.73846,0.01576999999999984,2,1
0xebbb6eea260c91440454f061fdb566c76c55817d,2.6799980000000003,0.0,2.6799980000000003,1,1
0xebcc210f250d8c8022af6db126592f4e1b3a9708,189619.80999999994,0.0,189619.80999999994,2000,1
0xebdc88d15818d0ae0d3b8ac4e0d3fc51d0b5ce62,6004.966,23.928,5981.0380000000005,2,1
0xebe50a0dc36318a8226560950fe402991985ea69,2.5500000000000003,2.475,0.07500000000000018,2,1
0xec109f3cdae08dfe79eb62ce9afcedfda46d11ea,0.399998,0.0,0.399998,1,1
0xec3d1b38d29a7405b57dc2538a49b2d12bbdf2e1,0.0,14.76,-14.76,1,1
0xec499038b99d14a4cf6232b7a7c07e05b2403998,0.61938,0.0,0.61938,1,1
0xec75e574c20eaa6f15e05c4c8939d188a6952e8f,1.289999,0.0,1.289999,1,1
0xec8308309145772ee52af9c4e23e701c9e2f46a3,10.999996000000001,0.0,10.999996000000001,2,1
0xec8386288db30c6fb19f0d5f087716a18aa94943,38.289998,38.10289,0.18710799999999495,3,1
0xec84835e66059e418c397aab8359da62b26fd0fe,0.28970999999999997,0.28913,0.0005799999999999694,2,1
0xec89d195a27cc620143fe17a56d09217f205576d,573793.44,0.0,573793.44,5995,1
0xec9ed4f7ae65476180368376cf5f4a3c288c71c8,956450.0160000001,0.0,956450.0160000001,9993,1
0xecaa8806a9a05049d7d5260a33dc924220e377a9,2249247.0510989996,22645.56603,2226601.4850689997,6022,4
0xecabae40e06cb4f782e74e5bc212ce5809314584,5.28996,5.26888,0.021079999999999544,2,1
0xecb44be24f3439469e5c36083cf95bfc554e219f,7.999998,0.0,7.999998,1,1
0xecbbc826edeb3087245a7ed5e40bc453feff0d50,187294.36964000002,0.0,187294.36964000002,2001,1
0xecc485e90638befbe65c6afccfe23d82389f9fc3,0.0,12.220790000000001,-12.220790000000001,2,2
0xecccc9b4586b3697cdd40b96810ef3fa02f5aa43,24.999998,1.0212499999999982,23.978748000000003,3,1
0xeccef630ea680aa68794cc4a527d8608ce54c400,30.999998,30.80722,0.19277800000000056,2,1
0xecfb830b85c0a24533e19201d784b2217e6900d4,59.999694,59.516099999999994,0.48359400000000363,3,1
0xecffa2bb300a587f8aee6a4630cacca7b4598d1c,50.3,0.0,50.3,2,2
0xed13d85a6c8c8f9ed0ed7463e58bfb61230ec237,5.099944000000001,5.08728,0.012664000000000897,2,1
0xed2ce36ad1e385655d2b9488fc182c14debf8042,51.189998,51.134640000000005,0.05535799999999824,2,1
0xed340483eb8abed37a523dce238e2429c8779dfa,0.279993,0.27804,0.0019529999999999825,2,1
0xed3b05f83b0bc7933e170761de27f6607c1ea5b7,94.715,0.0,94.715,1,1
0xed5467cab5fce7ea9cc4c73c70a4e23bd1dad44a,51.589359,51.53672,0.052638999999999214,2,1
0xed5826a8f2ca70c59214d96b5efaccce765d2bcd,1.9999480000000005,0.0,1.9999480000000005,1,1
0xed59b7e710a67681870e721d221e8eb95a6e6711,0.529937,0.52629,0.003646999999999956,2,1
0xed614df309c9d60f3f9ee082edf3c4eea4b0a4c2,19840.136004,19834.265880000003,5.870123999997304,3996,1
0xed7fc73a7f0fcecdcc83c5c7561503971aab5e45,0.9999720000000001,0.99283,0.007142000000000093,2,1
0xed969830e463e4ec73fe82776f5670a9033fdbeb,7132.541999999999,0.0,7132.541999999999,2005,2
0xedaaf3465aa8ab06392d3d2d3b7a641fe12d2f33,199.99999899999997,553.3277999999999,-353.3278009999999,2,1
0xedafeff2f67f35f8f28fce3dd3729e74b6cf54f8,2127870.0,0.0,2127870.0,1998,1
0xedb8a97a90e7ffc7491710024fb765cd834b8cb7,9.99999,9.97997,0.020020000000000593,2,1
0xedc030dca26a8d06ffa59b109459af278d816fdf,1998.0,0.0,1998.0,1998,1
0xedd67cde0a43c168c47985bb241ca480ec4150b5,0.0,0.33422,-0.33422,1,1
0xeddc1a2209654bde2a4f54b80a01942d43127844,97.999998,0.0,97.999998,1,1
0xede84889ec31732c72fb1ea2be060e3854bbe919,5667.6720000000005,0.0,5667.6720000000005,2,1
0xedf7f729bba82d893c075f715804d20fd2860382,6.049988,6.02579,0.024198000000000164,2,1
0xedfbf63dee9dcfbf3dfdf8748eb65f026e9fafee,4.999985000000001,0.0,4.999985000000001,1,1
0xedfd79eb61874844b1458c3a4fa782037cccd164,5708.580999999999,5708.56,0.020999999998821295,2,1
0xee0ef91dc5e110b029267fce682c5c005891bc3b,0.999999,0.0,0.999999,1,1
0xee1b56273475fbb46d90a0017e71ebfa9095b9ec,378670.7599999999,0.0,378670.7599999999,3998,1
0xee218ec57f9e4498500e3d926e78af7daf339301,98.999773,0.0,98.999773,1,1
0xee354a3bfcd4afca3569f46811c0f9c4b0250eb9,0.9999680000000001,0.99485,0.005118000000000067,2,1
0xee3dd2daeb5ead456eba2e062f5efd0dad578248,1133631.4794,0.0,1133631.4794,11993,1
0xee47a31e141608b7514c1909977f92940798769e,0.0,21.0689,-21.0689,1,1
0xee61fc6da65f0a233046cd71ecacea3e785ac500,0.0,4.975,-4.975,1,1
0xee68f7b733b4ace186d7595297e1fd1ae353ccd6,436906.2564000001,0.0,436906.2564000001,5994,1
0xee6a86f0bab8724ec7e82a9b05368a305bc7bdeb,0.9999909999999999,0.0,0.9999909999999999,1,1
0xee83a25a42af846979ad82b46455b7292ff6d9df,0.0,199.9,-199.9,1999,2
0xee8d9ad9db7ffe383b5d0f3a3472d9eca0379b9b,0.0,8.1,-8.1,1,1
0xeea1268a62a3118e984ed74ef4b76dad786f01f4,17.999996,0.0,17.999996,2,1
0xeea1b94e8e0ca9b43461a8d4f5789f8341bc76b8,26.454,0.0,26.454,3,2
0xeea2052ab7ae3d506eb5e6c3c82711b39465c9be,189525.51933999994,0.0,189525.51933999994,2000,1
0xeebb89dcb4cc776a19a248f2237a42ba7f74deff,4.999998,4.936800000000001,0.06319799999999898,2,1
0xeedee28757a35c1b221041fbf7eacd6a640399ac,1998.0,0.0,1998.0,1998,1
0xeee1b3bff7a5de0547218756c7aa59462235da33,0.9999909999999999,0.995,0.004990999999999857,2,1
0xeee3cb735b23e4eeb73ecb66609e6c25278197c5,1.0090000000000001,0.0,1.0090000000000001,1,1
0xeeea1fc45db9cc8aa7cc1776406cef1610207b2d,1338819.4560000002,0.0,1338819.4560000002,13988,1
0xeeee0b842669eb30f2a38c20f8c6250b0263df74,1.579905,1.56894,0.010964999999999892,2,1
0xeef8a5b501e28b34fca0a90d0464ae0a97e2b4a7,0.6299669999999999,0.61824,0.011726999999999932,2,1
0xeef928050ba103de78acbc78b81d17ba36763c19,0.02,0.0,0.02,1,1
0xef03189ddf4a0c93c087eb8623e5a0d5eaad5b37,13.09376,0.0,13.09376,1,1
0xef0ab1b9d6200bd756c74849abacce8bd5a327e1,7119.111999999998,0.0,7119.111999999998,2002,1
0xef1ef7e14f69bde1c9d76d801ef02b66c179f70a,6.999993,0.0,6.999993,1,1
0xef224c06149ea1a80853e9770c502d0a31e0a9ba,113604.42385800001,112930.07688000004,674.3469779999723,3996,1
0xef396f8cb2760c8dc31e5f47e4a0b862eb39578f,9.999997,0.0,9.999997,1,1
0xef41c1370a955167c18942c2f89f872135f68c60,2139.157701,0.0,2139.157701,1999,2
0xef4e132daa46e31b19774ccfff78d7d9c7db0772,0.12,0.11699999999999999,0.0030000000000000027,2,1
0xef55a65ed433aa36decbabbbfe565e1364d221ed,5676.624,16.949,5659.675,2,1
0xef56c97f7e9ed40645e03c0a1b41ce4b1830ec07,5.869998,5.84304,0.026957999999999593,2,1
0xef5a767d8ff2d077e3794a08ca54161122e1d720,18.229967,18.19041,0.03955699999999851,2,1
0xef6405a6a616ea1cb2f9dfb576a188f79dc32d70,28419.551999999992,0.0,28419.551999999992,7992,1
0xef6a924de5e394a3442637e5477ffac98fa09438,29.900000000000002,0.0,29.900000000000002,4,2
0xef72d203ea86a2ac11404277bd5f195d34de7442,9.99999,9.97997,0.020020000000000593,2,1
0xef76efcb8f2dc9f651b30392c68c918ff006d9be,4.999998,0.0,4.999998,1,1
0xef8452d0ee0938f9dfd4fa8ec690bb65bdeb16fc,37382.48209799999,0.0,37382.48209799999,1998,1
0xef8b0011df1db263cafb954ac97a0aa8537a76d3,0.9999680000000001,0.0,0.9999680000000001,1,1
0xef8e6598012cb2b9333c8d2bf8af12c800dd685e,1.4000000000000001,0.0,1.4000000000000001,1,1
0xef9b11d7319088eee64f86ce2c22e288bca5be51,0.9999979999999999,0.0,0.9999979999999999,1,1
0xefa0f856e422d8ba563be27945371e0dcfb0ba8a,9.449998,9.40459,0.045408000000000115,2,1
0xefa8f66d4e3624d887fbbdf7d0263797469ad453,9.999996000000001,0.0,9.999996000000001,2,1
0xefaec35e58f61cd973ce58204d7885d729014cd6,20139.836004,20189.350440000002,-49.5144360000013,3996,1
0xefb8a6009e97c6bff1fc7512f39cc7ec1e19be80,51.959988,51.90598,0.054008000000003165,2,1
0xefc600f0beb92403451afbdf99fc84be3353a290,568006.3300000001,0.0,568006.3300000001,5995,1
0xefc8163d844b04df58639f6e9732937f57c4c486,1.0899729999999999,0.0,1.0899729999999999,2,1
0xefd2be584e38164da1cea6ac90dd2ff41c6dd20b,1.0999729999999996,0.0,1.0999729999999996,1,1
0xefdd9e3f1c333537035c0b67a132d2446fd234d2,15.999968,0.0,15.999968,1,1
0xeffd1088deca95a1845798d5af54cd8925302dea,7115.555999999999,0.0,7115.555999999999,2001,1
0xeffd882cbc961417c21422ba3e2630460e1ddcda,94.62,0.0,94.62,1,1
0xf006bff31a8c3770dd3c1685ff803e722d046816,49.999999,0.0,49.999999,1,1
0xf00f9ed997b64932765f170be1ce8bd35df8ea1e,2.9999759999999998,0.0,2.9999759999999998,1,1
0xf01024732a85fe15b87d3897a11868ac5c99d83f,57.942,57.884,0.05799999999999983,2,1
0xf014fa28e9977160d95afa404092052eed4b82a6,5.0964,0.0,5.0964,2,2
0xf023b6db82516509058ad96515d4fc3c2ecd54cc,41.739935,41.4382,0.30173500000000075,2,1
0xf040d2c6c8b8e98d170e05b3821bbb05ea55586c,1997.9960039999996,0.0,1997.9960039999996,1998,1
0xf04a8b01c7b8c9166296b86361f979fa9272d351,0.6,0.0,0.6,1,1
0xf05416271c239e775d9a47e9bef56c9ccc274cf1,0.8500000000000001,0.8347,0.015300000000000091,2,1
0xf05c3ba692090976cd291bd7724d63fc67b05072,284.24,0.0,284.24,3,1
0xf060ca24d56a181771cddb7d3cbc67ee2e69fdbc,356.01616,0.0,356.01616,4,1
0xf06a78fff42febff7abf5cfe0fac33bb8abf97dc,1998.0,0.0,1998.0,1998,1
0xf072e10d4a215ff1b1193589719c3fbc909fc4bf,196.99960199999998,98.69405,98.30555199999998,3,2
0xf07722ee0e7b7ea505c6de696eb619ce033e69d9,29658.49512,0.0,29658.49512,4000,1
0xf093b5da1e9bbd6dc31d70b0a4a7d0041e96c221,388830.78000000014,0.0,388830.78000000014,1998,1
0xf0a339430dc8d00721e24d97fb75498eab6acb26,0.43956,0.43868,0.0008799999999999919,2,1
0xf0a5726b2a3684bd9cd35b101d45adb718910074,143764.87884000002,0.0,143764.87884000002,2002,1
0xf0b0ef1d6320c6be896b4c9c54dd74407e7f8cab,105.63,536405.8282100001,-536300.1982100001,52085,15
0xf0b654575529099e802f4d50f30798379de27ec8,10914.08004,10.474789999999999,10903.60525,2001,1
0xf0bded561593bf412c52daac9976d2f9cdee36be,4155.816024000002,0.0,4155.816024000002,1998,1
0xf0c84f89ca970b0ed9457108eb5c784226f0baf0,0.95904,0.95712,0.0019200000000000328,2,1
0xf0e5693c3c079cc8ba25a7a627235a5c34245e32,2.949999,2.9040000000000004,0.04599899999999968,2,1
0xf0e6973461f424a053fc1b4b8bb6e669003ff63b,757246.7099999997,0.0,757246.7099999997,7995,1
0xf0ea3d5f14c87847f4ae9f29ba3237818e6d1069,5.999981999999999,0.0,5.999981999999999,1,1
0xf0ed9e68e6cd3ee712260abeaec32de56a7d47d8,928.711698,824.65671,104.05498799999998,5,2
0xf11305e8a695dc0c6a72a5372b8feba2ab5eed98,1997.9960039999996,0.0,1997.9960039999996,1998,1
0xf125de4eae306c280184e1f3405ecf70abf819ee,386836.77600000007,0.0,386836.77600000007,3996,1
0xf12e40186c7de6e2631b273e6396d19f18e33e66,217.99998,216.94206999999997,1.057910000000021,2,1
0xf14669d92b5d171e2d0351060cb00e03907efd07,1.004,0.0,1.004,1,1
0xf148524746e004a4d5403f62e7925d34f5a1f866,0.3,0.0,0.3,1,1
0xf191c8d46cf1f589998b8dce20f563056beb1346,0.929927,0.92349,0.006436999999999915,2,1
0xf19afdc958e5439ed55b0b6da3bd47eba1c2c5ba,0.9999989999999999,0.997,0.002998999999999863,2,1
0xf1befe69860fee4ab3cb830e697bc91bc433caba,49734.21599999999,0.0,49734.21599999999,13986,1
0xf1c7e21741f491629b0741556504be37b8f38b47,39.999995999999996,0.0,39.999995999999996,1,1
0xf1d0b478501679f6e43791e3bd7290566e360620,284.43,0.0,284.43,3,1
0xf1e632b77fa72630d43cea9b0cdbfc0dd778121a,10129.842018,5.0479199999999995,10124.794097999998,1999,1
0xf1e9a28b2053e452995f3b2217399285c71454e9,6.3180000000000005,0.0,6.3180000000000005,1,1
0xf1ecc501dfaf8b15b58382a94ed8ff56b339c2b3,0.0,0.264,-0.264,1,1
0xf1f85dd1506991c459e40fe32e9e55156f70243e,17.78,0.0,17.78,5,1
0xf1f9a438f2697381b4ac8eb283d6f4dd772d1245,15.1494,0.0,15.1494,2,1
0xf1fad33df066de3172c617dcc29e3de1e087ff2c,3.1,0.0,3.1,1,1
0xf20bf9d5e88da623f770870cc948418611c78a46,5625.726,14.955,5610.771,2,1
0xf2145fbcee87eb3bacbfd15aa3538e17667e1150,691894.13328,690508.9598400001,1385.1734399998095,3996,1
0xf226a53dcca7c5019830f4b1acbe1c14ac736308,0.0,65012.822100000005,-65012.822100000005,1998,1
0xf22ab9d7b30d412b5a9fc9b054f8921c76f91697,38.669560000000004,0.0,38.669560000000004,6,6
0xf22db4363046dcc7e0968d281809d3b44637ce8a,0.0,289.71000000000004,-289.71000000000004,1998,1
0xf22fb2e796e064089bfb5b3e4b146a263109686a,1338819.4560000002,0.0,1338819.4560000002,13988,1
0xf2349ea36cb83e4c85f59264da8a72f70e82a67d,0.249947,0.2465,0.0034470000000000056,2,1
0xf23af7d29593afea0c36bff833fb542c4e8b750f,104.60999799999999,100.1614,4.44859799999999,2,1
0xf27ada57ebf7bc791f2909cac5c52a2035731d05,0.0,38.77412,-38.77412,3,2
0xf287c3919c63b40cc9bb14c42b01231c384b15d5,0.0,0.269,-0.269,3,2
0xf28ce0213eab8f6d5b491357af291ef0216cfa95,56839.103999999985,0.0,56839.103999999985,15984,1
0xf296ad5912d0448d86fb69c2984a0ad0f6b5c8b8,1.599794,0.0,1.599794,1,1
0xf298f956bdb6bb9cf98b8a99e808ccaae2d16b25,22.57476,22.5069,0.06785999999999959,4,1
0xf2b5ebf9976fbf825b52d1060fe5bdeea4d54dc8,1.169996,1.1352,0.03479600000000005,2,1
0xf2cb7579732d3bf1523c21bad46455cee088a965,0.9999380000000001,0.0,0.9999380000000001,1,1
0xf2dd3dc3ad2668799c17c5674f7e4d8ec621823e,1.9999959999999997,1.98768,0.012315999999999772,3,1
0xf2f4cec6b62e3b20439c989f04376ee897a09e55,73.776,0.0,73.776,19,2
0xf2f5af1a63884cf1ab2f18c016c880fe32e803b6,1166492.3400000003,0.0,1166492.3400000003,5994,1
0xf2f6af4f27ec2dcf4072095ab804016e14cd5817,0.0,1114.6112999999998,-1114.6112999999998,1,1
0xf2ff6193b1a6b3134e88f856c613e49231982231,307.50818,0.0,307.50818,4,1
0xf3113a0c844499057bb49e622eea22ff168e4409,29667.5947,0.0,29667.5947,4000,1
0xf3179b693edd29123e0b89d5cbe57a8c6bd5874a,71.859861,71.53402,0.32584099999999694,4,1
0xf32e3aff6815576e04bbc01e7d679e22c20d8834,0.0,3.16838,-3.16838,3,2
0xf33096310f892738543ec53c025b4ada55af8e32,0.9999989999999999,0.998,0.001998999999999862,2,1
0xf331bfd7818d14dc5cadbdf927c1b847db848a81,189334.99999999994,0.0,189334.99999999994,2001,1
0xf34725e110c006f05a0025632f754071d44c3345,51.859998,51.80196,0.05803799999999626,2,1
0xf34c05f15879e5d578e5fef4eabce9d2d8f2ebfe,2.999997,2.7944,0.20559700000000003,2,1
0xf3516ffab554d758fc064d9c05d77f8e8b4ea5c6,6.3180000000000005,0.0,6.3180000000000005,1,1
0xf36ce26b04bb87dbbe0b2220976581463d07ebbf,269.73,383.6160000000001,-113.88600000000008,3996,1
0xf37d3f8cd4aa0b30438c346a6437b1e45a159035,19979.98002,0.0,19979.98002,1998,1
0xf38913ef60efea0fb8bc6a170a266924f25fab6a,281.999998,281.70863999999995,0.2913580000000593,2,1
0xf38b3004648324ca5bebf971ead358d34aa6a3d2,281.154,0.0,281.154,3,1
0xf399ae9098a462ff2cd39d7ac32ae87a4e56fdca,16.029766,16.00572,0.024045999999998457,2,1
0xf3ad4b73e76a03ebebcd7a1c27fe2cd1b864ac69,0.999999,0.0,0.999999,1,1
0xf3b00ecb5510e13bc258a1cb4e5b17fbc1678bf2,13.899999999999999,0.0,13.899999999999999,1,1
0xf3b72d78bb44d5b6d4a00307448c6aa556d88e1e,4.999996,4.4872,0.5127960000000007,2,1
0xf3ca63727105f09bae3d450204572b011f7dbb47,6.662,0.0,6.662,1,1
0xf3f8cb38c6db3ff875cdcc75df3d14d51520dfc9,14.399998,14.262149999999998,0.13784800000000175,2,1
0xf3fd0c3a6819f02deb2c0022c969fe050b2bf42e,287.10464,0.0,287.10464,4,1
0xf41adb615dfbbb469b91cd3042cf37b019143554,1.1299979999999998,0.0,1.1299979999999998,1,1
0xf41edb732f7ce4fe29a3098fbbb1b4a68f81e9d9,143670.16384000002,0.0,143670.16384000002,2001,1
0xf4246fe8c3b079c545025291aff044edc119763b,41.039998000000004,40.86846,0.1715380000000053,2,1
0xf424a451aa3c3c5a2349f7fbdbbc00b4ba2d3949,378860.7599999999,0.0,378860.7599999999,3996,1
0xf43ef71728aad5557208f836e486f5d7df557415,42629.327999999994,0.0,42629.327999999994,11988,1
0xf440bccc6815a94b73951678be540621bc399536,51.739208999999995,51.68642,0.05278899999999709,2,1
0xf440d2ae2b1e4bbc0d1184186114d4b94a962747,219248.9316,143742.5136,75506.418,7992,1
0xf44b089ecc3287deca659f7e29541a94a5d99276,0.0,9.0735,-9.0735,1,1
0xf45cb4204f3111785be972f5ba153ffbef5ff98c,63943.991999999984,0.0,63943.991999999984,17982,1
0xf46b4c89019073cdacaccd8b91fe4bd18c30fc12,10.629923,10.560899999999998,0.06902300000000139,2,1
0xf47bb76d607538e54d8d18ba0df3de02ece66e5b,5667.642,20.937,5646.705,2,1
0xf485ac3749fbe8fd4a39e87c35ba81e609e44305,379144.9999999999,0.0,379144.9999999999,3999,1
0xf487c97efb6dfdc16b6942f869082545c40d3011,0.0,1997.200800000001,-1997.200800000001,1998,1
0xf4a0b08517bc9d35b19ce6d0ee2fd7a83f3b27ac,6.999887999999999,0.0,6.999887999999999,1,1
0xf4a6442b528d88a77405c0a8eeea25c897367cdb,1133820.5294000003,0.0,1133820.5294000003,11995,1
0xf4a7d2e0f9d1cbdfba0580a6d00035c4989e9687,14.999908,0.0,14.999908,1,1
0xf4baad6da5fdc855ae0e170a2e2bef6b78ee1c9c,23.214,0.0,23.214,3,2
0xf4bbdddc8f384e1843c27b5a653864ae164d39d8,757341.3299999997,0.0,757341.3299999997,7996,1
0xf4cce65be12895ea0451b20f1e099f317cf7f474,0.010000000000000002,0.0,0.010000000000000002,1,1
0xf4cd08abe1ac2f2d8994dfa4387beb313aacfcd3,1.3599080000000001,0.0,1.3599080000000001,1,1
0xf4d2d381014f38de822013f5460387849bdfa8ec,2.549448,0.0,2.549448,2,2
0xf4d2f6d7f3a8d9ebab290e35801ccc900385fae0,1.039968,0.0,1.039968,1,1
0xf52077c75a088f032179702ed867b9e728d2f2fe,97.999608,97.69905,0.3005579999999952,2,1
0xf52a7fa49a56dea5ded4b40f0e25166b5055c3df,13985.986014000006,13944.042,41.944014000006064,3996,1
0xf555743097f402d93a22f8664c9b91da544e49cc,189596.87115999995,0.0,189596.87115999995,2000,1
0xf564d102df699f03a557e1d06733e3062450f750,1147682.592,0.0,1147682.592,11991,1
0xf56f22b32155a37020da4e72296e6e307cc665ad,0.999998,0.0,0.999998,1,1
0xf57b8cc85df7dc466f9a3351d191282e79b040d2,2.4000000000000004,0.0,2.4000000000000004,2,1
0xf57dc96c1371f65e2f66ab7e37995a6ed5c09bf5,1997.8881119999996,0.0,1997.8881119999996,1998,1
0xf58c42ffbdd6011133f1c038afc3857e9da4ca1e,0.06,0.0,0.06,1,1
0xf5930b43fa534a80778958e61d69a08959def9fb,0.53946,0.0,0.53946,1,1
0xf59c7b80f06a656e76d113d9f0f67e5ea480115b,14.904000000000002,7.8709999999999996,7.033000000000002,10,5
0xf5a16d54d939dada757e6d666fe3ab7bc52c4ba7,567149.9999999999,0.0,567149.9999999999,6000,1
0xf5a6c6acd710b3d4c3c5b35dac613338e7a20dea,0.5,0.0,0.5,1,1
0xf5badae7316ed18cd64b4ea9a2a3f943d4baad1b,5983.032,0.0,5983.032,2,1
0xf5bbea2829245d0f837afc713251a46ebaa743bd,1.109776,1.1044500000000002,0.005325999999999942,2,1
0xf5c50b18781692fa6e756136cc168c7fbd0ecc09,0.5997979999999999,0.5958,0.003997999999999946,2,1
0xf5d4fecd636bfc7a819792202a0a1d241f03263b,36.344,0.0,36.344,4,2
0xf5efb362f30247e693e146dfab31a425ebc47dcd,9.99999,9.97997,0.020020000000000593,2,1
0xf5f64a728afcb2a4cd943622a218e6b2febf4498,526.439996,514.989,11.450995999999918,2,1
0xf602354978752463393b5c411db53c17ba1892ef,13446.536003999998,6.72072,13439.815283999998,1999,1
0xf610dd468d8ff5492920fbca584b03bd02b50a5f,0.609998,0.59902,0.010978000000000043,2,1
0xf612f9f43b3eff6a672e83e36031ad75f4a77eb7,0.20999400000000001,0.0,0.20999400000000001,1,1
0xf61854632ee6b5e863e2680c41f7e5e3736ebf1e,1.025,0.0,1.025,1,1
0xf6201f829a7f07469c21d5e878bd46919f39d3ab,9.999998999999999,0.0,9.999998999999999,1,1
0xf63c074908d7c0c6af9ca5e8ef28942dffe679a1,0.999984,0.0,0.999984,1,1
0xf657a927313356d1b4b29544343a15eeb1f26bb7,1997.8881119999996,0.0,1997.8881119999996,1998,1
0xf66084b08d9d032f3aea89adc902a381dd05ed1f,1.0698860000000001,1.06037,0.00951600000000008,2,1
0xf6772b440235d2d071dca0f1316802e7844bc35d,333502.34267999994,0.0,333502.34267999994,4003,1
0xf67a01f686423987ad9384f2e98604a15870c411,0.0,0.23399999999999999,-0.23399999999999999,2,1
0xf67daf8287bc5c36e5af4b216c7966b4e0841d36,0.0,19.68,-19.68,1,1
0xf691a7881bf69f5569e8337b8277f2115f0e5e8c,756867.0899999999,0.0,756867.0899999999,7995,1
0xf69d4210676c47f644b451768e31978811b91925,1.229956,0.0,1.229956,1,1
0xf6a85184be97a626ce09918aba347e3ce2eff9ed,0.0,1.51932,-1.51932,1,1
0xf6b32fe7f1de50b9a6722f15497fefef52585bf5,19989.98001,19949.96003,40.01998000000094,3998,2
0xf6c2d522982330a5a9a71b07b50ff3962d9d5123,1.279998,0.0,1.279998,1,1
0xf6df086fd5520e86df5408d5b9871895956865b1,6.999986,0.0,6.999986,3,3
0xf6e73e1d7a8f35f826a066e774757be7ca90348a,0.0,0.148,-0.148,1,1
0xf6ef5ade2fc555a1ce84186a4036e07ca1885e16,678.64068,677.2820399999999,1.3586400000000367,3996,1
0xf6f40968b08b5a2d514624a5569b084d24651862,31228.700039999996,0.0,31228.700039999996,1998,1
0xf6f597e5456d7ffc8419cce3b2dea0cbe0c1e229,22.93404,22.93404,0.0,2,1
0xf71b744c44935e8516922d736dc0e5f7287a107c,13985.996004000002,13928.557499999999,57.43850400000338,3996,1
0xf71d2967e30c1f0a0c4dccf31618dff7bbc09c7a,103786.67343000001,0.0,103786.67343000001,13994,1
0xf724a32523f10c9304b9a43b930485f39e1a0fa4,0.0,8.006319999999999,-8.006319999999999,1,1
0xf725c827a01d0356bdd7cab98c90a391f0a70c06,120503.01035100006,120141.07164000002,361.9387110000389,3998,1
0xf7375ff92b524e9b7bf27a21f7e825d9c8f75feb,0.9999440000000002,0.0,0.9999440000000002,1,1
0xf73a03209f0c318e0fd1a37b6909abb5dce9de63,1147874.016,0.0,1147874.016,11993,1
0xf7456a46161d6deaba2a989c29296338639e3416,0.20999400000000001,0.0,0.20999400000000001,1,1
0xf747511df540e378efb2e3fceabfc6fe7b867798,4.999992,3.4840000000000004,1.5159919999999993,2,1
0xf7508130b6875dede0a84053a1e6b781cda0f162,0.14,0.13,0.010000000000000009,2,1
0xf7529f9f50d787acd4ec638886fb0221532febaa,4755.230009999999,0.0,4755.230009999999,1998,1
0xf7571850b395c2356e9a308cd0f2439aec6107e1,50.48946,50.438919999999996,0.050540000000005136,2,1
0xf75a512b31381e9dae0088f03febee9432bd0be0,1.0,0.0,1.0,1,1
0xf763ed91ca1ae1acd500d38a67d4bf1525308060,1.0150000000000001,0.0,1.0150000000000001,1,1
0xf76f3fdc7f8aa55e7878652441285ee3e9174c61,0.04,0.0,0.04,1,1
0xf77c54b336687d1b2d9a0a7618f90810bc3eb4be,0.22999800000000004,0.22586,0.0041380000000000305,2,1
0xf77efaf20580a0d68ef60386911a876a0c5404d8,189619.62,0.0,189619.62,2002,1
0xf791e4f7cc5185f7c37e68684bcbf2548d99489e,7.904,8.892,-0.9879999999999995,2,1
0xf7975413697c3b35909612cfdb8d76f76ce2a696,1997.9640359999994,0.0,1997.9640359999994,1998,1
0xf7b15907253ff877af04481c36f8abab7b00f9c6,15728.256,15733.261,-5.005000000001019,3998,3
0xf7b28eb53d69b4c8c478307e2118ca5521e19cb3,7.999998,0.0,7.999998,1,1
0xf7df6bebae8aaa1f30210382288bb2ea3652e76b,187461.19569999998,0.0,187461.19569999998,2004,1
0xf7e2e35559514cca17f4036fa944fe5f2f8cf8e5,0.11,0.10912,0.0008800000000000058,2,1
0xf805ae10fc9b116136ced5d2eb2a7598bc7f5dc8,117762.082038,58.933220000000006,117703.14881799999,1999,1
0xf80f0be8284d87393f4255e5865aa5399b357663,0.009983,0.0,0.009983,1,1
0xf8118ea0e9a909a244325087bc687dd1d9745135,0.5,0.0,0.5,1,1
0xf818ecd9214f45b8923c5f48bcf518e49a8491c2,7.999998,0.0,7.999998,1,1
0xf81c0e0e6312944d539ac0cb05593f93865c80c8,956737.152,0.0,956737.152,9996,1
0xf81c537ccb73c253ffb5a9b942632538f9ec1ec6,0.9999889999999999,0.0,0.9999889999999999,1,1
0xf829bb88ce1f98e1b725346134513c28faa1acc7,11.868120000000001,0.0,11.868120000000001,1,1
0xf83ec0e37ac9eece71c064507270e9001a734663,18.2,0.0,18.2,1,1
0xf841c31c1427e7e4134073ed3c76340bc61875e3,1.028,0.0,1.028,1,1
0xf8441d15eadec16652afcd4e57209bcac13ca8aa,88959.75335000001,0.0,88959.75335000001,11994,1
0xf84dc9ca3d955abd95b5ebc5c173ec62e7c9320b,510.71505,13.3125,497.40255,99,1
0xf8597e559df85f926c72c3efe82437262646bb2a,72.927,72.854,0.0730000000000075,2,1
0xf86eeb736bca41086ecf62005475849a863bb875,378196.3299999999,0.0,378196.3299999999,3997,1
0xf89144595271b2527eda37326416d939fc4451a1,0.11,0.0,0.11,1,1
0xf8a9bc4ce240f0c5ff5b2cb42cc4caffeb65a158,27.2466,11.096859999999996,16.149740000000005,4,2
0xf8ad1df63c92e1feed4f8827c3f950e5402d03ce,52.43999999999999,0.0,52.43999999999999,13,2
0xf8aed92c56fd5b6f98b6cc4e60d59cec3c490e5c,189809.42999999993,0.0,189809.42999999993,2002,1
0xf8ba34bf0e95d952d05b578bfbc0833f9242a286,0.0,30.0,-30.0,2,2
0xf8bb38fb0098f43fb8116a35610d31fd498b9174,476721.58536,0.0,476721.58536,5999,1
0xf8c661c6ed709e86564a172a96be597b5e195b8b,1.9999820000000001,1.9939999999999998,0.005982000000000376,4,2
0xf8d0f56144d0994ccb04fe648c2ae3640d9533b5,2.259998,0.0,2.259998,2,2
0xf8ee3fb3b6d2022f853e55679f5761fd8d9a2102,0.9999990000000001,0.0,0.9999990000000001,1,1
0xf8f817f35738138164cc57cd76df0d54564f3c7a,286912.25036000006,0.0,286912.25036000006,3997,1
0xf97332b43bbc9aafc6292489f6523e5649e36800,6.3180000000000005,0.0,6.3180000000000005,1,1
0xf9875a5c2d68b77b20b97955c529d4b862fbb6ae,94.99999799999999,94.80771999999999,0.19227800000000173,2,1
0xf9875b8adbfd0c9383a261155df783a21cb0513f,379027.25115999987,0.0,379027.25115999987,3998,1
0xf988bafd0fed5987e01b8adb0ef82f5590bda8b7,39.80200000000001,0.0,39.80200000000001,5,2
0xf98e115de483d48d1e5374157a3d3190eb99ba6d,187176.53136999998,0.0,187176.53136999998,2002,1
0xf98e1c26d529f496208d6a1f0baef0e778e6cda1,51.319629,51.26726,0.05236899999999878,2,1
0xf9903036fcb49492558ba316e750b73440d93e64,8.169858000000001,8.152619999999999,0.01723800000000253,3,1
0xf9bd726bb29e325b4b5acea94bb91a73e2a233c9,0.0,0.22200000000000003,-0.22200000000000003,3,3
0xf9c4787bdc9083d77a16a1fb1fc8e1a292360453,5623.748,0.0,5623.748,2,1
0xf9cda94b6b2711e72108713768e2e27cff66259e,3.999999999999991,0.0,3.999999999999991,3,3
0xf9ce48189b1d2e936651b84764aa1a121d0f60d4,0.9999680000000001,0.99384,0.006128000000000133,2,1
0xf9d5d46e34b5157dc01b5adbdc408b925d07570e,7.888,7.888,0.0,2,1
0xf9e13e7ccbb59015b602acaa9814736a072cec9f,189619.61999999997,0.0,189619.61999999997,2004,1
0xf9eacc28204c2b11ee047c3a260a1c8c96c30701,6.999997999999999,0.0,6.999997999999999,1,1
0xf9ef724cba49511aff9c74260f4dd0427a65038d,4006.3826069999996,3986.393799999999,19.988807000000634,4000,3
0xfa06f9567ad4aa86c578cad6eb32edd30f393987,1142444.65176,0.0,1142444.65176,5994,1
0xfa51175d6a5547f8479c83fa846e47db3b746ebe,5739.498,23.928,5715.57,2,1
0xfa5d4c7202f3223bb661257662a10b1b02d91684,14.539990000000003,15.39873,-0.8587399999999974,2,1
0xfa5ea85e74020c19eca0d958e06fd39d36eb091f,1997.9960039999996,1993.1248799999998,4.8711239999997815,3996,1
0xfa6013640e0716ace6686286b502a89dd558fc6a,2.569929,0.0,2.569929,1,1
0xfa62ac347897cd7b78a02affa29d7ab3dfbbeb4b,3.9999959999999994,3.6926,0.30739599999999934,2,1
0xfa6b51523915ecf8d4123fce6731febb93eda885,0.0,2.94814,-2.94814,1,1
0xfa73868a3b550c6b9e73aa9cfdef41aa5a9d80b1,332933.95768,0.0,332933.95768,3997,1
0xfaa2c8afc4c8fd28c55919d15cc4ac5f14046feb,16.564,0.0,16.564,2,2
0xfaa69e2b05b6c2b559ab073324b41685d59bf2b2,14.999985,14.953050000000001,0.046934999999999505,2,1
0xfaafffdd3c8865678126c705f47103596f25760e,0.0,8.955,-8.955,1,1
0xfab15f5e0146405aa4f9182a07dba7b8f1eabe7a,12.329998000000002,12.28815,0.04184800000000166,2,1
0xfacc8dd9e518c576f8116fc1c51c6a70b0395c3e,22.669497999999997,18.744600000000002,3.9248979999999953,5,2
0xfad00fae5db957ae7a897d6f945aa7f6f1c9182b,1.499998,0.0,1.499998,1,1
0xfad261c26c05451662a58241d7d71f57cb71dafe,777661.5600000003,0.0,777661.5600000003,3996,1
0xfad4fb17d54b6d600d6cc912d433e73c252ca210,159.85118999999935,61.59561999999949,98.25556999999986,29,4
0xfad9afbdf4cb8c9dd00950acb79ff0bfa747a3d2,4.999998999999999,0.0,4.999998999999999,1,1
0xfadcc22c6941c26423e23e1f4e38e17219d22150,574176.288,0.0,574176.288,5999,1
0xfae81731607b5759e8446b45b27de1c079a157d6,0.04,0.0,0.04,2,1
0xfaed557650236474aa950be018ce2ea5e1232d14,0.049998,0.0,0.049998,1,1
0xfb0c86432c85e754e67cf5b48d96051a2fde98bc,0.0,509.48999999999984,-509.48999999999984,1998,1
0xfb14e8b8bcb63c8988a428b772b55908555c06b7,0.95904,0.95712,0.0019200000000000328,2,1
0xfb1d758349fed7cf8c5d62f2036983ccf2705209,7.519941,7.4995199999999995,0.02042100000000069,2,1
0xfb2addf056fe1b2b4af9b03f169eaed7d6c0a636,379.05,0.0,379.05,4,1
0xfb3cff774bc562ea63635b10ffc1ecdd81cd6794,97.999998,0.0,97.999998,1,1
0xfb46f019564edb8a65e83ce45d9a0e91973c19a1,1.8999979999999999,0.0,1.8999979999999999,1,1
0xfb60e288b65ed21bb139b072eb8b7368817c2292,1997.9960039999996,1983.6743399999996,14.321664000000055,3996,1
0xfb61e45b0e05477ec29a182ebf4fe79f431ba3aa,1252.309979,0.0,1252.309979,2,1
0xfb723f4b11558442c0f392fb3a9db0dffa5bb2a8,0.02,0.0,0.02,1,1
0xfb8701a57d49ee5ec155fbeef3396870fbfba45d,400.5312,0.0,400.5312,3,1
0xfb8beec43beb26b1dc3a3dc1c8498123ba66756c,3556.436003999999,1.78104,3554.654963999999,1999,1
0xfb94ddab3c29707146841d988cbf464ba92294e8,51.969998000000004,51.911519999999996,0.058478000000008024,2,1
0xfbaba90a82df24f8295c2463786c8ba8eefe4b85,0.04,0.0,0.04,2,2
0xfbaecf142dc5c87f02a3da1f481b86d55f57f174,1997.9960039999996,0.0,1997.9960039999996,1998,1
0xfbb2915731f629c63c4bdbabc6683599ca2d8444,219779.98002000002,218075.82588000002,1704.1541399999987,3996,1
0xfbb5177d01f98826c00a10b04b8f7e14d6504121,0.13999999999999999,0.11549999999999999,0.024499999999999994,2,1
0xfbd2142f6ce90f89a08df8788210e7b3c91a9743,1.0,0.5,0.5,2,1
0xfbe50dc804fc78a6c8942f4c9cc541d06594af6e,0.91908,0.91356,0.005519999999999969,2,1
0xfbf54e97b102200b9c4156b70bb0a5a690b0ee9a,0.039998000000000006,0.0,0.039998000000000006,4,4
0xfbf6b35df1f5c7d1f3f4f7d00999268e815ec4b5,5650.676,18.943,5631.733,2,1
0xfbfef5bf5440f4d3e420f8840263270d7d7d0084,12.999986999999999,12.94618,0.05380699999999905,2,1
0xfc18d6689f8347882e9b28e193817c1f178f1881,28425.86999999999,0.0,28425.86999999999,7993,2
0xfc3280e9c9bfb38430132c9a2a46d007c292b1de,1.1698130000000002,0.0,1.1698130000000002,1,1
0xfc39ba20f6eafca7c91b8e890cc35c41840169b2,7104.887999999999,0.0,7104.887999999999,1998,1
0xfc3bdb54839e98e6d88ecdbe31c18d4acd3a457b,10.999927,10.964319999999999,0.03560700000000061,2,1
0xfc40493f344a22f3ee34aa59a103aa8fece34c5b,4.999985999999999,0.0,4.999985999999999,1,1
0xfc512bcf6a9a978cb7d8a5a531f7aef3e3b439bf,1.9999979999999997,1.994,0.005997999999999726,2,1
0xfc55a2979f05d24862e250c663a93bd9566d1480,143764.78384000005,0.0,143764.78384000005,2002,1
0xfc5d84aa04cfe1f631c390d59f105a873e93e787,1.629998999999997,0.49113,1.138868999999997,4,2
0xfc6aa86f6c163699c395d0e3556ead8f0d2f6dfa,262.80287000000004,6.0372699999999995,256.76560000000006,58,5
0xfc7146e72f082903f941520ea507ba5d022881d4,189.335,0.0,189.335,2,1
0xfc7d366924bbda8a4fffdab5aecaad50351cbcd3,0.24999800000000003,0.24825,0.0017480000000000273,2,1
0xfca161df1b3c3199a7ba1a19c700fe59a9f02e6c,1997.9640359999994,0.0,1997.9640359999994,1998,1
0xfca7eb192c96565d4d2eb190d7aa515f51d61c2c,3.556,0.0,3.556,1,1
0xfcb034faade540c47ad37e582f6e0c762feac865,1218.4270000000001,616.0,602.4270000000001,3,1
0xfcb5cc3f9e85d57cb81f39ffb24012a06c546598,566859.5793999999,0.0,566859.5793999999,5997,1
0xfcc23501ec663f46bbce529e392b87436c22f508,19.629987,0.0,19.629987,1,1
0xfcca01fd97a84885b015b6a8c2625102d0791f08,0.969926,0.96321,0.006715999999999944,2,1
0xfcd37bc6aca4cfbc3f74ae339dbabe7a29d67f98,5661.673,0.0,5661.673,2,1
0xfce683602210d3c4d5b4737037695d2ff4d3849f,0.0,0.051000000000000004,-0.051000000000000004,1,1
0xfcf9bfda6814eda0dc894ca934359bfe5f4f64f7,1.059876,0.0,1.059876,1,1
0xfcfb70bb820fddadcdbf32500451129aea98c045,205.309998,204.49568,0.8143180000000143,2,1
0xfcff1098fdc3152d8c743ca0a0df195548a74355,189.43,0.0,189.43,2,1
0xfcff9d38a1ec84c296913f0ff42e72a9ca79c653,50.029841999999995,49.826699999999995,0.2031419999999997,2,1
0xfd03a50d1bfbdba4f20d2c1b9433e21bb2d99ece,1166492.3400000003,0.0,1166492.3400000003,5994,1
0xfd06d221eae88def8984d4c201d601ba431364e0,11.999998,0.0,11.999998,1,1
0xfd07face7ad3ba76d6af272d07ec6d96ad17605e,5.999998,0.0,5.999998,1,1
0xfd0e15154135cd7e9553393397726398804a9868,12.636000000000001,0.0,12.636000000000001,2,1
0xfd17b4bac446664e4f7f9a33feff1766615dd640,0.9999989999999992,0.07142,0.9285789999999992,2,1
0xfd1c2c9ede14e21079b8ea15ab6355ed8940f530,0.0,0.06,-0.06,1,1
0xfd2768a57b4ec89983a9bd60cc53050fd62e87f2,19.969969999999996,19.92753,0.04243999999999559,2,1
0xfd2e48dee008d34a27b9e744840319f691d4affb,383422.272,0.0,383422.272,4006,1
0xfd3b28775cf2e3e941ebbd0228fdcc40c19bddd3,284.43,0.0,284.43,3,1
0xfd3c841176046ac150fde3dfd2e1db026cb4c8fe,0.119972,0.11915999999999999,0.0008120000000000072,2,1
0xfd46cbbef26081d182e8fb957b21c02a2e4fe7d3,8.999989,0.0,8.999989,1,1
0xfd4e701abc30c30f5ce02aab9401034f0d052bc5,0.0,10.224,-10.224,3,3
0xfd5211d8abef1d721d1ca321c1c6f1dda92156b2,189525.09499999997,0.0,189525.09499999997,1999,1
0xfd5d6682a35917cba7113183daa32739e2170286,0.9999870000000002,0.0,0.9999870000000002,1,1
0xfd72cf880cf1e819445f78f63ed8def41bd6d8c9,118599.77812,0.0,118599.77812,15990,1
0xfd7f224d0d4e1f19883c9557c36b82988f9cb241,5643.69,17.946,5625.744,2,1
0xfd7fdc9ae738b0a7adf46f36cf6b3dcb2a2d0dce,4.869997999999999,4.632299999999999,0.23769799999999996,4,1
0xfd92ffd12f2b0a60696d56643970e03e0dc190ad,17.999959999999998,17.90043,0.0995299999999979,2,1
0xfd98197e619ed32c482c04d9f770bd92c298a12a,181.999818,181.80566,0.19415800000001582,6,3
0xfd9952f668c9c22a287a49a451bb16390ae1637c,197.30659999999997,28.823749999999023,168.48285000000095,4,1
0xfd9af414541b20bf13365bd4ab63e3443e5c6285,1.0999729999999999,0.0,1.0999729999999999,1,1
0xfda3a802793841692f58008df0d4ce306df4a710,374.966,0.0,374.966,4,1
0xfda488ebabbb7fc98380d88b4095c34eb2e80f58,2.499999,2.4358,0.0641989999999999,2,1
0xfdb9690bbacceda13f1d1bbc56745bc0a9c0ddd7,1148065.44,0.0,1148065.44,11995,1
0xfdc25a6536202075864490713623d5a011b6dc3c,412.18397999999996,0.0,412.18397999999996,6,1
0xfdd1506cb56487089f46e5e241aa235bf6c8106e,11.899998,11.88201,0.01798800000000078,2,1
0xfdde5dbf3d6f4723ee91a41169d7b3b91e9ed3a7,12287.626074000002,6.124090000000001,12281.501984000002,1999,1
0xfdec496d037ce5dbb2f9a642d68fd708743b28e0,10.566899999999999,10.54566,0.021239999999998815,2,1
0xfdff92456d948faadc5145010d748861d0a34967,0.9999989999999999,0.997,0.002998999999999863,2,1
0xfe0c16e212f2b346f2fed12819d392a5e8349b8c,0.9999909999999999,0.996,0.003990999999999856,2,1
0xfe0e12fc029a0248a5d95153e67e4359ec104b54,0.08,0.0,0.08,1,1
0xfe175c90c4152392978fa402ed871657881298e9,21.978,0.0,21.978,1,1
0xfe1e8f76e4b75b39a9334ed273bb2ccda22652fb,65.889045,65.8181,0.0709449999999947,2,1
0xfe21facc82dc267e0bbc2862024d038e47d4602a,522459.05268,0.0,522459.05268,5996,1
0xfe234db766fb395d7627e374223eccc0cb15ea02,382943.712,0.0,382943.712,4001,1
0xfe30673090605fe20e7a628e3dfdb29c7b84bf47,761629.7678399999,0.0,761629.7678399999,3996,1
0xfe337625c4a4a433969b9c3502462eb0e99b0d7d,189809.33499999996,0.0,189809.33499999996,2002,1
0xfe374082de002b4f413e6889b0254a8bab4bd293,56839.103999999985,0.0,56839.103999999985,15984,1
0xfe43b7a325fd9b55495167351c6d2a0c2ae13dfe,49.319720000000004,0.0,49.319720000000004,1,1
0xfe5a1cb1aab31e69be2759e8420803cf9d995ccf,1.719998,0.0,1.719998,1,1
0xfe5a63364db5f95f8da4a9ded04c6da084867e92,1997.9999999999932,0.0,1997.9999999999932,1998,1
0xfe70b9abf2f9d2be96f7fad9e4df20932d4034af,1.9999999999999893,0.3942799999999665,1.605720000000023,2,1
0xfe737065289280918e8d8e3b384c5963b8279db3,12.30768,0.0,12.30768,1,1
0xfe79c56646b880dbbf78549f5a78f700d3d3e817,2.789999,2.706,0.08399899999999993,2,1
0xfe893a4dc3f274221dfbd72be919607ee7112e4c,13985.996004000002,13902.083999999999,83.91200400000344,3996,1
0xfe8eee6ff7f62f384557c755300cbd8d971e27c0,375.969654,375.58732,0.3823340000000144,2,1
0xfe911a4e80ee71b47cd1ee690733ac4062e970ff,71449.88537,11479999.505190002,-11408549.619820002,6013,7
0xfe9b09daf9f4149ae06a42bd2775fca50aeae846,189430.37999999995,0.0,189430.37999999995,1998,1
0xfea8788dcbcd5ea692b8939383dd90f79986bdfb,9.519935,7.88026,1.6396750000000004,8,4
0xfeb051d42189ed4d27385ab7ad100794d78aebb7,6.662,0.0,6.662,1,1
0xfeb925f61a8380e8026b7492288c5151ffe87c7d,388830.78000000014,0.0,388830.78000000014,1998,1
0xfebdb26b80120a76a05725b121d4754a694e9a19,36003.884075999995,0.0,36003.884075999995,1998,1
0xfecaf8f91b9fc52017e69ca879df03cfb2c292ed,0.16999799999999998,0.16694,0.0030579999999999774,2,1
0xfecf731d14f0cd707162b6c44cf2e382adc44759,5.999988,0.0,5.999988,1,1
0xfecff193bafc0c7ae9e684a63054fa6ffa0af607,50.8491,50.7982,0.05089999999999861,2,1
0xfedc9b212f534392b64bb4d2308188f1d1abceab,219.07935,0.0,219.07935,3,1
0xfee0a6bcdb7469d190ac25a5d147c5cdedf6d620,378480.94999999995,0.0,378480.94999999995,3998,1
0xfef2f3c84fe96656f8cc13bc39f598c0bd0eba2f,0.9999989999999999,0.998,0.001998999999999862,2,1
0xfef497508f3e388a0db648c28b1336f62fbbee4f,0.0,9.96,-9.96,1,1
0xfef737f31c5a3c4cd77d40aa6ec0b5f862fe359c,14209.775999999996,0.0,14209.775999999996,3996,1
0xff033c164474c78e0f4d0a0c240c2aac664f0f60,35531.101999999984,0.0,35531.101999999984,9991,2
0xff157b4ddfe4d7e7bd55782b35196c2f3e72cc9a,0.27999899999999994,0.27634,0.003658999999999968,2,1
0xff1687517eae4390c008a7c80fecb692ddce0018,0.9999989999999999,0.997,0.002998999999999863,2,1
0xff198f68f3fd520f54f1c90440d875479849bb10,6.662,0.0,6.662,1,1
0xff1c35dae8b4a047cae5722000d0f7a98203f6dc,1166492.3400000003,0.0,1166492.3400000003,5994,1
0xff33bc34d3c2aab35096ef01e85a35a8388da274,14.999908,0.0,14.999908,1,1
0xff47129d9c7c9df626f32bf8ff2c35a16eafbd89,4.999998000000001,0.0,4.999998000000001,1,1
0xff58b07088cb52d3dd66a4709a1a53c87412f114,0.0,37.81,-37.81,1,1
0xff5e05d9ca741b172b7b1e9a6f9740d1845edc21,14227.555999999997,0.0,14227.555999999997,4001,1
0xff5e4c42a5f8c033f7f75685872722912de0bccc,14.299997999999999,14.220849999999999,0.079148,2,1
0xff81f5599e1c61dfd0d4899303e90c967627fb89,44.505,44.37,0.13500000000000512,2,1
0xffa0453f483803c940f6a8ecde4384164a3f2d6c,7.96,0.0,7.96,1,1
0xffa81abf9c72745add7187a29a29f1498cb1c702,378765.18999999994,0.0,378765.18999999994,4001,1
0xffa8633c8013160001608a8c2ff89b178f7b4fc2,0.31997200000000003,0.30944,0.010532000000000041,2,1
0xffb30b16a7255c4633700457e12459b62f8dad95,3.7,0.0,3.7,1,1
0xffb544926193f32ec0a8ada74f1d4540148fe59e,0.0,106.38199999999999,-106.38199999999999,4,1
0xffc13b774db12c531c02cccaa2211f8ba663510c,21977.996004,21873.62448,104.37152400000195,3996,1
0xffca7cb648578b9bd605278869d177c8150f75f9,37.63992799999999,37.44366,0.19626799999998923,2,1
0xffcaefbd0c5e21974bb6ed231294ef5775d84b2d,37622.312028,0.0,37622.312028,1998,1
0xffdd1974683feb49e045fe308828391a63ee63eb,189881.30115999997,0.0,189881.30115999997,2003,1
0xffe8237ba3a347241439a2c87521123ab50394c1,29969.946054000007,29935.094939999995,34.851114000011876,3996,1
0xfffb00ea8b69a8cf00599ab052298b9c0ae38dd4,0.09,0.0,0.09,1,1
0xffff4d23e793711d3f5bb4b598bcc7b792386187,6.674,0.0,6.674,1,1
